tree
version=v4
num_class=1
num_tree_per_iteration=1
label_index=0
max_feature_idx=76
objective=binary sigmoid:1
feature_names=amount_paise log_amount account_age_hours hour_of_day day_of_week is_weekend customer_txn_count_1h customer_txn_count_24h customer_txn_count_30d customer_failed_txn_count_1h customer_failed_txn_count_24h customer_failure_rate_30d customer_avg_amount_30d customer_amount_std_30d amount_vs_customer_mean amount_zscore_customer customer_unique_devices_24h customer_unique_instruments_24h customer_unique_ips_24h customer_unique_addresses_30d customer_merchant_txn_count_30d is_new_device_for_customer is_new_instrument_for_customer is_new_ip_for_customer is_new_address_for_customer device_txn_count_1m device_txn_count_10m device_txn_count_1h device_failed_txn_count_10m device_failed_txn_count_1h device_unique_customers_1h device_unique_instruments_1h ip_txn_count_10m ip_txn_count_1h ip_failed_txn_count_10m ip_failed_txn_count_1h ip_unique_customers_1h ip_unique_customers_24h instrument_txn_count_10m instrument_txn_count_1h instrument_txn_count_24h instrument_failed_txn_count_1h instrument_unique_devices_24h address_txn_count_1h address_txn_count_24h address_unique_customers_24h historical_customers_on_current_device historical_instruments_on_current_device historical_customers_on_current_ip historical_devices_on_current_ip historical_customers_on_current_address historical_devices_for_current_instrument device_customer_degree device_instrument_degree ip_customer_degree ip_device_degree address_customer_degree instrument_device_degree instrument_customer_degree component_node_count component_edge_count component_customer_count component_device_count component_instrument_count component_ip_count component_address_count component_multipartite_density new_customer_device_edge new_customer_instrument_edge new_customer_ip_edge new_customer_address_edge new_instrument_device_edge preexisting_component_count components_bridged_by_transaction customer_two_hop_customer_count_via_device_or_ip component_new_edges_10m device_new_identities_10m
feature_infos=[1000:5000000] [6.9087547793152204:15.424948670398354] [28.859177346666669:36450.208084503058] [0:23] [0:6] [0:1] [0:4] [0:4] [0:15] [0:4] [0:4] [0:1] [0:5000000] [0:2499500] [0:5000] [-8200.1599999999999:28783.205128205129] [0:3] [0:4] [0:2] [0:3] [0:4] [0:1] [0:1] [0:1] [0:1] [0:1] [0:8] [0:12] [0:8] [0:9] [0:12] [0:12] [0:9] [0:13] [0:8] [0:9] [0:12] [0:12] [0:2] [0:3] [0:4] [0:3] [0:3] [0:12] [0:14] [0:6] [0:12] [0:12] [0:12] [0:21] [0:6] [0:4] [0:12] [0:12] [0:12] [0:21] [0:6] [0:4] [0:3] [0:66] [0:108] [0:12] [0:21] [0:22] [0:2] [0:12] [0:1] [0:1] [0:1] [0:1] [0:1] [0:1] [0:2] [0:1] [0:12] [0:72] [0:16]
tree_sizes=1583 1727 1733 1731 1733 1729 1724 1727 1723 1723 1733 1729 1729 1728 1724 1726 1727 1726 1729 1730 1727 1731 1724 1724 1615 1621 1621 1623 1620 1618 1733 1730 1729 1735 1733 1725 1726 1724 1730 1720 1722 1731 1729 1730 1731 1730 1731 1733 1619 1726 1628 1627 1629 1731 1633 1629 1634 1732 1204 1305 1303 1305 1215 1211 1310 1314 1309 1631 1317 1628 1312 1623 1315 1526 1524 1522 1635 1637 1746 1749 1745 1751 1519 1521 1308 1313 1315 1313 1314 1310 1312 1314 1317 1523 1312 1317 1311 1314 1527 1636 1313 1745 1635 1208 1531 1638 1212 1753 1632 1208 1635 1750 1212 1315 1314 1756 1320 1321 1755 1642 1323 1754 1319 1759 1322 1321 1652 1748 1318 1750

Tree=0
num_leaves=14
num_cat=0
split_feature=32 2 24 46 46 0 64 75 0 0 74 64 59
split_gain=27946.7 2221.25 1587.97 956.546 433.794 261.609 152.92 98.6817 89.6974 509.413 107.131 69.4289 227.848
threshold=1.0000000180025095e-35 1333.0815012063892 1.0000000180025095e-35 3.5000000000000004 2.5000000000000004 200003.00000000003 1.5000000000000002 2.5000000000000004 198011.00000000003 2827.0000000000005 2.5000000000000004 1.5000000000000002 5.5000000000000009
decision_type=2 2 2 2 2 2 2 2 2 2 2 2 2
left_child=1 2 3 -1 7 8 -7 -3 9 -4 -11 12 -2
right_child=11 4 5 -5 -6 6 -8 -9 -10 10 -12 -13 -14
leaf_value=-0.099553603376835706 0.091673842802118766 -0.099580799817279853 0.0984451785755662 0.097222171132527999 0.093333282243639112 -0.095220639557496725 0.087499948910305783 0.067741883910392944 0.098608931573157588 -0.096321239809816647 0.036006921718679995 0.099933692497272325 -0.090706039009221195
leaf_weight=445.98079201579094 86.692307829856873 3814.3271175920963 161.26923078298569 70 28 39.846155881881714 13.999999999999998 7.5384615659713736 161.13461539149284 52.365387290716171 20.057692617177963 3829.2692307829857 19.519231766462326
leaf_count=3313 68 28287 94 40 16 296 8 8 93 389 53 2190 145
internal_value=-5.36436e-08 -0.0807745 -0.0128955 -0.0725859 -0.0977674 0.055767 -0.046281 -0.0992155 0.0698473 0.0493472 -0.05969 0.0988073 0.0570996
internal_weight=8750 4814.52 964.654 515.981 3849.87 448.673 53.8462 3821.87 394.827 233.692 72.4231 3935.48 106.212
internal_count=35000 32597 4286 3353 28311 933 304 28295 629 536 442 2403 213
is_linear=0
shrinkage=1


Tree=1
num_leaves=15
num_cat=0
split_feature=32 2 24 46 46 0 64 75 0 0 74 64 59 2
split_gain=25286.1 2010.59 1437.38 866.921 393.851 236.87 139.548 90.1635 81.3434 461.731 97.4685 62.923 207.322 0.487463
threshold=1.0000000180025095e-35 1333.0815012063892 1.0000000180025095e-35 3.5000000000000004 2.5000000000000004 200003.00000000003 1.5000000000000002 2.5000000000000004 198011.00000000003 2827.0000000000005 2.5000000000000004 1.5000000000000002 5.5000000000000009 2354.7012975087505
decision_type=2 2 2 2 2 2 2 2 2 2 2 2 2 2
left_child=1 2 3 -1 7 8 -7 13 9 -4 -11 12 -2 -3
right_child=11 4 5 -5 -6 6 -8 -9 -10 10 -12 -13 -14 -15
leaf_value=-0.094835729257768148 0.087375887064895602 -0.082672161258045218 0.093811331103102982 0.092712528070457809 0.089161911319539711 -0.090886400598223463 0.083814512889099524 0.065125063106752215 0.093968184929755463 -0.091890864450744694 0.034380174171443692 0.095180937798037657 -0.086756658865198122 -0.095209111106382624
leaf_weight=444.87757544219494 86.510420083999634 124.34533223509789 160.87913230061531 69.834847450256348 27.939109802246094 39.755969405174255 13.97323703765869 7.5298196077346793 160.74354733526707 52.244117632508278 20.051193282008171 3819.7245319187641 19.479138404130936 3680.541270121932
leaf_count=3313 68 878 94 40 16 296 8 8 93 389 53 2190 145 27409
internal_value=3.3053e-06 -0.0769237 -0.0122672 -0.0691293 -0.0931113 0.0531304 -0.0440749 -0.0944931 0.0665446 0.0470013 -0.0568867 0.094107 0.0543591 -0.094843
internal_weight=8728.43 4802.72 962.36 514.712 3840.36 447.647 53.7292 3812.42 393.918 233.174 72.2953 3925.71 105.99 3804.89
internal_count=35000 32597 4286 3353 28311 933 304 28295 629 536 442 2403 213 28287
is_linear=0
shrinkage=0.05


Tree=2
num_leaves=15
num_cat=0
split_feature=32 2 24 46 46 0 64 75 0 0 74 64 59 45
split_gain=22987.1 1828.9 1307.04 789.344 359.255 215.407 127.84 82.7864 74.1614 420.389 89.1012 57.4554 189.367 0.783349
threshold=1.0000000180025095e-35 1333.0815012063892 1.0000000180025095e-35 3.5000000000000004 2.5000000000000004 200003.00000000003 1.5000000000000002 2.5000000000000004 198011.00000000003 2827.0000000000005 2.5000000000000004 1.5000000000000002 5.5000000000000009 1.5000000000000002
decision_type=2 2 2 2 2 2 2 2 2 2 2 2 2 2
left_child=1 2 3 -1 7 8 -7 13 9 -4 -11 12 -2 -3
right_child=11 4 5 -5 -6 6 -8 -9 -10 10 -12 -13 -14 -15
leaf_value=-0.090756015448997432 0.083598010880322079 -0.091116310241220036 0.089793865900126987 0.088790828451738829 0.085501214928833294 -0.087099485475828714 0.080537804638755622 0.062717377505439265 0.089946102960947447 -0.088029947643472051 0.032845008416409381 0.09107480362926329 -0.083270141262022451 -0.078979931231528577
leaf_weight=441.79407845437527 86.001187741756439 3651.0250371396542 159.78813096880913 69.372458457946777 27.768156051635742 39.503110289573669 13.897780418395994 7.5052888989448538 159.64984540641308 51.904364347457886 20.03286948800087 3793.0543618500233 19.366355836391449 127.49355736374855
leaf_count=3313 68 27379 94 40 16 296 8 8 93 389 53 2190 145 908
internal_value=5.38837e-06 -0.0735927 -0.0117214 -0.0661379 -0.0890867 0.0508337 -0.0421388 -0.0904116 0.0636691 0.0449504 -0.0543911 0.0900445 0.0519481 -0.0907488
internal_weight=8668.16 4769.73 955.943 511.167 3813.79 444.776 53.4009 3786.02 391.375 231.725 71.9372 3898.42 105.368 3778.52
internal_count=35000 32597 4286 3353 28311 933 304 28295 629 536 442 2403 213 28287
is_linear=0
shrinkage=0.05


Tree=3
num_leaves=15
num_cat=0
split_feature=32 2 24 46 46 0 64 75 0 0 74 64 59 2
split_gain=20982.3 1670.64 1193.22 721.6 329.017 196.63 117.514 76.3338 67.9264 384.236 81.7905 52.8007 173.544 0.987706
threshold=1.0000000180025095e-35 1333.0815012063892 1.0000000180025095e-35 3.5000000000000004 2.5000000000000004 200003.00000000003 1.5000000000000002 2.5000000000000004 198011.00000000003 2827.0000000000005 2.5000000000000004 1.5000000000000002 5.5000000000000009 2354.7012975087505
decision_type=2 2 2 2 2 2 2 2 2 2 2 2 2 2
left_child=1 2 3 -1 7 8 -7 13 9 -4 -11 12 -2 -3
right_child=11 4 5 -5 -6 6 -8 -9 -10 10 -12 -13 -14 -15
leaf_value=-0.087196212494949854 0.080248274621001606 -0.075413363582497089 0.086279777216418482 0.085351100372961855 0.082263427973888331 -0.083763491417144023 0.077604842052577089 0.060492050897346265 0.086429209369088114 -0.084636854245891222 0.031393461003264476 0.087495025415179506 -0.080169526742757458 -0.087532736289292506
leaf_weight=437.03682415187359 85.214239954948425 122.37309105694294 158.10394045710564 68.657875061035156 27.503202438354492 39.111762642860413 13.780322074890135 7.4668259620666495 157.96149569749832 51.378959104418755 20.004348576068878 3751.9188512265682 19.191216379404068 3615.4805360138416
leaf_count=3313 68 878 94 40 16 296 8 8 93 389 53 2190 145 27409
internal_value=7.32809e-06 -0.0706834 -0.0112428 -0.0635256 -0.0855742 0.0488153 -0.0404254 -0.08685 0.0611429 0.0431415 -0.0521513 0.0865011 0.0498086 -0.0871765
internal_weight=8575.18 4718.86 946.036 505.695 3772.82 440.341 52.8921 3745.32 387.449 229.487 71.3833 3856.32 104.405 3737.85
internal_count=35000 32597 4286 3353 28311 933 304 28295 629 536 442 2403 213 28287
is_linear=0
shrinkage=0.05


Tree=4
num_leaves=15
num_cat=0
split_feature=32 2 24 46 46 0 64 75 0 0 74 64 59 45
split_gain=19220.3 1531.69 1093.07 661.988 302.385 180.081 108.348 70.6434 62.4677 352.386 75.3534 48.7943 159.509 1.24818
threshold=1.0000000180025095e-35 1333.0815012063892 1.0000000180025095e-35 3.5000000000000004 2.5000000000000004 200003.00000000003 1.5000000000000002 2.5000000000000004 198011.00000000003 2827.0000000000005 2.5000000000000004 1.5000000000000002 5.5000000000000009 1.5000000000000002
decision_type=2 2 2 2 2 2 2 2 2 2 2 2 2 2
left_child=1 2 3 -1 7 8 -7 13 9 -4 -11 12 -2 -3
right_child=11 4 5 -5 -6 6 -8 -9 -10 10 -12 -13 -14 -15
leaf_value=-0.084065729410853884 0.077254867697255536 -0.084397055481309227 0.083182113566826768 0.082311347743315916 0.079379594129666164 -0.080803326189943014 0.074963416856453108 0.058426526229120451 0.083330187517217824 -0.081632736392311889 0.030018566739614196 0.084349530374164219 -0.077393784250975262 -0.072524694580164709
leaf_weight=430.87358210980892 84.193153321743011 3560.5462694764137 155.92083916068077 67.73064136505127 27.158485412597656 38.603261232376099 13.626871109008787 7.4162157773971549 155.77301615476608 50.696791917085648 19.967085137963295 3698.6400713324547 18.962933123111725 124.63278487324715
leaf_count=3313 68 27379 94 40 16 296 8 8 93 389 53 2190 145 908
internal_value=9.15889e-06 -0.0681224 -0.0108198 -0.0612264 -0.0824847 0.0470275 -0.0388978 -0.0837175 0.0589063 0.0415331 -0.0501262 0.0833861 0.0478949 -0.0840351
internal_weight=8454.74 4652.95 933.192 498.604 3719.75 434.588 52.2301 3692.6 382.358 226.585 70.6639 3801.8 103.156 3685.18
internal_count=35000 32597 4286 3353 28311 933 304 28295 629 536 442 2403 213 28287
is_linear=0
shrinkage=0.05


Tree=5
num_leaves=15
num_cat=0
split_feature=32 2 24 46 46 0 64 75 0 0 74 64 59 2
split_gain=17661.2 1408.81 1004.37 609.18 278.769 165.401 100.164 65.5891 57.6536 324.145 69.647 45.3132 146.988 1.50525
threshold=1.0000000180025095e-35 1333.0815012063892 1.0000000180025095e-35 3.5000000000000004 2.5000000000000004 200003.00000000003 1.5000000000000002 2.5000000000000004 198011.00000000003 2827.0000000000005 2.5000000000000004 1.5000000000000002 5.5000000000000009 2354.7012975087505
decision_type=2 2 2 2 2 2 2 2 2 2 2 2 2 2
left_child=1 2 3 -1 7 8 -7 13 9 -4 -11 12 -2 -3
right_child=11 4 5 -5 -6 6 -8 -9 -10 10 -12 -13 -14 -15
leaf_value=-0.081293911391299267 0.074560877691891611 -0.069570650966191042 0.080432828457751959 0.079607082841392923 0.076794793033553854 -0.078159554448239688 0.072571150390472308 0.056501699217805249 0.080580748269838701 -0.078955434640509137 0.028714206459261839 0.081566611419182505 -0.074893906115636205 -0.081610351587856164
leaf_weight=423.53865070641041 82.976241588592529 119.04273898899555 153.32141679525375 66.625533103942871 26.746606826782227 37.996435523033142 13.44280433654785 7.35508108139038 153.16722393035889 49.883286461234093 19.92237514257431 3635.2482041716576 18.689699321985245 3503.4648607671261
leaf_count=3313 68 878 94 40 16 296 8 8 93 389 53 2190 145 27409
internal_value=1.09138e-05 -0.0658523 -0.0104431 -0.0591888 -0.0797481 0.0454329 -0.0375268 -0.0809432 0.0569119 0.0400927 -0.0482829 0.0806289 0.0461711 -0.0812533
internal_weight=8311.42 4574.51 917.898 490.164 3656.61 427.734 51.4392 3629.86 376.294 223.127 69.8057 3736.91 101.666 3622.51
internal_count=35000 32597 4286 3353 28311 933 304 28295 629 536 442 2403 213 28287
is_linear=0
shrinkage=0.05


Tree=6
num_leaves=15
num_cat=0
split_feature=32 2 24 46 46 0 64 75 0 0 74 64 59 45
split_gain=16273.2 1299.5 925.34 562.121 257.706 152.307 92.82 61.0718 53.3804 298.96 64.5582 42.2636 135.76 1.73783
threshold=1.0000000180025095e-35 1333.0815012063892 1.0000000180025095e-35 3.5000000000000004 2.5000000000000004 200003.00000000003 1.5000000000000002 2.5000000000000004 198011.00000000003 2827.0000000000005 2.5000000000000004 1.5000000000000002 5.5000000000000009 1.5000000000000002
decision_type=2 2 2 2 2 2 2 2 2 2 2 2 2 2
left_child=1 2 3 -1 7 8 -7 13 9 -4 -11 12 -2 -3
right_child=11 4 5 -5 -6 6 -8 -9 -10 10 -12 -13 -14 -15
leaf_value=-0.078824807023073012 0.072120579343133748 -0.079140950898024087 0.077977898542025373 0.07718691864902584 0.074464729342823124 -0.075784515121633422 0.070393276554600481 0.054701326174221535 0.078126683237390693 -0.076555241227649243 0.027475018484774801 0.07908955656806782 -0.072630073026480668 -0.067246546623532688
leaf_weight=415.2370533645153 81.597137272357941 3430.9734357893467 150.37804645299911 65.373077392578125 26.278715133666992 37.307878732681274 13.232927322387694 7.2848915457725516 150.21665124595165 48.960823222994804 19.871378287672997 3563.5175396502018 18.378796428442001 120.61239902675152
leaf_count=3313 68 27379 94 40 16 296 8 8 93 389 53 2190 145 908
internal_value=1.26042e-05 -0.0638277 -0.0101055 -0.057372 -0.0773094 0.0440016 -0.0362886 -0.0784713 0.0551223 0.0387944 -0.0465946 0.0781734 0.0446082 -0.0787751
internal_weight=8149.22 4485.73 900.578 480.61 3585.15 419.968 50.5408 3558.87 369.427 219.21 68.8322 3663.49 99.9759 3551.59
internal_count=35000 32597 4286 3353 28311 933 304 28295 629 536 442 2403 213 28287
is_linear=0
shrinkage=0.05


Tree=7
num_leaves=15
num_cat=0
split_feature=32 2 24 46 46 0 64 75 0 0 37 64 59 2
split_gain=15031.1 1201.71 854.566 519.966 238.82 140.567 86.2002 57.0122 49.5658 276.387 68.7432 39.573 125.647 2.03592
threshold=1.0000000180025095e-35 1333.0815012063892 1.0000000180025095e-35 3.5000000000000004 2.5000000000000004 200003.00000000003 1.5000000000000002 2.5000000000000004 198011.00000000003 2827.0000000000005 1.5000000000000002 1.5000000000000002 5.5000000000000009 2354.7012975087505
decision_type=2 2 2 2 2 2 2 2 2 2 2 2 2 2
left_child=1 2 3 -1 7 8 -7 13 9 -4 -11 12 -2 -3
right_child=11 4 5 -5 -6 6 -8 -9 -10 10 -12 -13 -14 -15
leaf_value=-0.076613556850100351 0.069896832413141638 -0.064718559020790017 0.075773865045831654 0.075009362974282026 0.072353291894846614 -0.0736395255658258 0.06840102683754519 0.053011487946892012 0.075924396541528022 -0.075452574765653938 0.033571482490117203 0.076872904901381905 -0.070569588899987684 -0.076920840950167754
leaf_weight=406.14804364740849 80.085378766059875 114.78180180490017 147.15411502122879 64.000086784362793 25.764657974243164 36.552205860614777 13.001524925231932 7.206978201866149 146.98484060168266 48.918887749314308 18.845314353704453 3484.9998641312122 18.036681599915028 3359.173078417778
leaf_count=3313 68 878 94 40 16 296 8 8 93 396 46 2190 145 27409
internal_value=1.42452e-05 -0.062012 -0.0098013 -0.0557432 -0.0751242 0.0427096 -0.0351642 -0.0762566 0.0535071 0.0376171 -0.0450396 0.0759749 0.0431826 -0.0765551
internal_weight=7971.65 4388.53 881.605 470.148 3506.93 411.457 49.5537 3481.16 361.903 214.918 67.7642 3583.12 98.1221 3473.95
internal_count=35000 32597 4286 3353 28311 933 304 28295 629 536 442 2403 213 28287
is_linear=0
shrinkage=0.05


Tree=8
num_leaves=15
num_cat=0
split_feature=32 2 24 46 46 0 64 75 0 0 37 64 59 45
split_gain=13914.2 1113.83 790.914 482.028 221.807 130 80.2085 53.3462 46.1343 256.023 63.9133 37.1843 116.5 2.24775
threshold=1.0000000180025095e-35 1333.0815012063892 1.0000000180025095e-35 3.5000000000000004 2.5000000000000004 200003.00000000003 1.5000000000000002 2.5000000000000004 198011.00000000003 2827.0000000000005 1.5000000000000002 1.5000000000000002 5.5000000000000009 1.5000000000000002
decision_type=2 2 2 2 2 2 2 2 2 2 2 2 2 2
left_child=1 2 3 -1 7 8 -7 13 9 -4 -11 12 -2 -3
right_child=11 4 5 -5 -6 6 -8 -9 -10 10 -12 -13 -14 -15
leaf_value=-0.074623705111849958 0.067859096543840744 -0.074933992366913754 0.073785354378120116 0.073040530502968964 0.070430705057006091 -0.071692844750009574 0.066570368831332716 0.051420216127551092 0.073938422390617112 -0.073422539262435901 0.032161562980080181 0.074879806992638284 -0.068685342341757549 -0.062805194122993263
leaf_weight=396.42838820070028 78.46686190366745 3275.1302353069186 143.70509971678257 62.530078887939453 25.21312141418457 35.742274224758148 12.75240898132324 7.122540056705474 143.52740955352783 47.840435951948166 18.777304500341415 3401.0505451709032 17.669076286256313 115.81698387861252
leaf_count=3313 68 27379 94 40 16 296 8 8 93 396 46 2190 145 908
internal_value=1.59397e-05 -0.0603756 -0.0095249 -0.0542758 -0.0731567 0.0415388 -0.0341378 -0.0742629 0.0520438 0.0365468 -0.0435919 0.073997 0.0418749 -0.074557
internal_weight=7781.77 4284.59 861.303 458.958 3423.28 402.345 48.4947 3398.07 353.85 210.323 66.6177 3497.19 96.1359 3390.95
internal_count=35000 32597 4286 3353 28311 933 304 28295 629 536 442 2403 213 28287
is_linear=0
shrinkage=0.05


Tree=9
num_leaves=15
num_cat=0
split_feature=32 2 24 46 46 0 64 75 0 0 37 64 59 2
split_gain=12905.6 1034.48 733.409 447.74 206.418 120.447 74.7652 50.0211 43.0377 237.617 59.5436 35.0518 108.196 2.58205
threshold=1.0000000180025095e-35 1333.0815012063892 1.0000000180025095e-35 3.5000000000000004 2.5000000000000004 200003.00000000003 1.5000000000000002 2.5000000000000004 198011.00000000003 2827.0000000000005 1.5000000000000002 1.5000000000000002 5.5000000000000009 2354.7012975087505
decision_type=2 2 2 2 2 2 2 2 2 2 2 2 2 2
left_child=1 2 3 -1 7 8 -7 13 9 -4 -11 12 -2 -3
right_child=11 4 5 -5 -6 6 -8 -9 -10 10 -12 -13 -14 -15
leaf_value=-0.072825368710727922 0.065982039615371801 -0.060579871777062561 0.071983284676203851 0.07125247226635037 0.068672232587530121 -0.069918188963221287 0.064881085942209787 0.049917190394376094 0.072139574471402387 -0.071577559460691692 0.03082170143534212 0.073080036018947234 -0.06695465437315988 -0.07313116052903347
leaf_weight=386.21493386477232 76.76427486538887 109.91502103209496 140.079480022192 60.98365306854248 24.631753921508789 34.889379739761353 12.488963127136229 7.0326551198959342 139.89297267794609 46.700319267809391 18.70275005698204 3312.8525296747684 17.281035371124744 3193.8247088342905
leaf_count=3313 68 878 94 40 16 296 8 8 93 396 46 2190 145 27409
internal_value=1.76089e-05 -0.0588942 -0.00927326 -0.052948 -0.0713772 0.0404721 -0.0331963 -0.0724599 0.0507108 0.0355673 -0.0422496 0.0722097 0.0406691 -0.0727505
internal_weight=7582.25 4175.36 839.952 447.199 3335.4 392.754 47.3783 3310.77 345.376 205.483 65.4031 3406.9 94.0453 3303.74
internal_count=35000 32597 4286 3353 28311 933 304 28295 629 536 442 2403 213 28287
is_linear=0
shrinkage=0.05


Tree=10
num_leaves=15
num_cat=0
split_feature=32 2 24 46 46 0 64 75 0 0 37 64 59 45
split_gain=11991.4 962.555 681.263 416.636 192.445 111.78 69.8037 46.9935 40.2321 220.92 55.5757 33.1388 100.633 2.77901
threshold=1.0000000180025095e-35 1333.0815012063892 1.0000000180025095e-35 3.5000000000000004 2.5000000000000004 200003.00000000003 1.5000000000000002 2.5000000000000004 198011.00000000003 2827.0000000000005 1.5000000000000002 1.5000000000000002 5.5000000000000009 1.5000000000000002
decision_type=2 2 2 2 2 2 2 2 2 2 2 2 2 2
left_child=1 2 3 -1 7 8 -7 13 9 -4 -11 12 -2 -3
right_child=11 4 5 -5 -6 6 -8 -9 -10 10 -12 -13 -14 -15
leaf_value=-0.071193758585234634 0.064244475199174825 -0.071504980198222642 0.07034350051895831 0.069621931216286709 0.067057109490488931 -0.068293584244344063 0.063316042089940502 0.048493446999324508 0.070503659932828852 -0.069893601209748107 0.029546507646414723 0.071448542657320327 -0.065358452379615087 -0.05897345852770669
leaf_weight=375.62702668458223 74.997442424297333 3102.8062315881252 136.31958338618279 59.378814697265625 24.027275085449219 34.003420114517212 12.214185714721678 6.9382922351360312 136.12395385652781 45.512497738003731 18.622809588909149 3221.4372116476297 16.877014152705669 110.53836351633072
leaf_count=3313 68 27379 94 40 16 296 8 8 93 396 46 2190 145 908
internal_value=1.92621e-05 -0.0575478 -0.0090431 -0.0517416 -0.0697614 0.0394957 -0.0323288 -0.0708232 0.0494911 0.0346665 -0.0409991 0.0705885 0.0395516 -0.0711108
internal_weight=7375.42 4062.11 817.802 435.006 3244.31 382.796 46.2176 3220.28 336.579 200.455 64.1353 3313.31 91.8745 3213.34
internal_count=35000 32597 4286 3353 28311 933 304 28295 629 536 442 2403 213 28287
is_linear=0
shrinkage=0.05


Tree=11
num_leaves=15
num_cat=0
split_feature=32 2 24 46 46 0 64 75 0 0 59 64 59 2
split_gain=11159.9 897.129 633.813 388.322 179.714 103.89 65.2676 44.2271 37.6812 205.722 59.5328 31.4151 93.7238 3.14777
threshold=1.0000000180025095e-35 1333.0815012063892 1.0000000180025095e-35 3.5000000000000004 2.5000000000000004 200003.00000000003 1.5000000000000002 2.5000000000000004 198011.00000000003 2827.0000000000005 17.500000000000004 1.5000000000000002 5.5000000000000009 2354.7012975087505
decision_type=2 2 2 2 2 2 2 2 2 2 2 2 2 2
left_child=1 2 3 -1 7 8 -7 13 9 -4 -11 12 -2 -3
right_child=11 4 5 -5 -6 6 -8 -9 -10 10 -12 -13 -14 -15
leaf_value=-0.069708164566597369 0.06262852555083695 -0.056965539542688931 0.068845763615785704 0.068129364546072838 0.065567797275673398 -0.066800521142114141 0.061860625499874346 0.047141187063992993 0.069010387637298887 -0.069260241038869741 0.035592423353722924 0.069964447266923149 -0.063880507497200104 -0.070018262940455614
leaf_weight=364.76853597909212 73.183661937713623 104.68876755982637 132.46227750182152 57.731294631958008 23.405582427978516 33.093055844306946 11.930722236633299 6.8403178155422202 132.25729974359274 45.309873014688492 17.517798781394958 3127.7008657753468 16.460936404764652 3015.9669263809919
leaf_count=3313 68 878 94 40 16 296 8 8 93 404 38 2190 145 27409
internal_value=2.09072e-05 -0.0563194 -0.00883168 -0.0506415 -0.0682888 0.0385984 -0.031526 -0.0693318 0.0483703 0.0338342 -0.0398288 0.0691125 0.0385112 -0.0696171
internal_weight=7163.32 3945.97 795.071 422.5 3150.9 372.571 45.0238 3127.5 327.547 195.29 62.8277 3217.35 89.6446 3120.66
internal_count=35000 32597 4286 3353 28311 933 304 28295 629 536 442 2403 213 28287
is_linear=0
shrinkage=0.05


Tree=12
num_leaves=15
num_cat=0
split_feature=32 2 24 46 46 0 64 75 0 0 59 64 59 45
split_gain=10401.2 837.407 590.548 362.469 168.079 96.7023 61.1087 41.6914 35.3308 191.819 55.6462 29.8562 87.3948 3.33441
threshold=1.0000000180025095e-35 1333.0815012063892 1.0000000180025095e-35 3.5000000000000004 2.5000000000000004 200003.00000000003 1.5000000000000002 2.5000000000000004 198011.00000000003 2827.0000000000005 17.500000000000004 1.5000000000000002 5.5000000000000009 1.5000000000000002
decision_type=2 2 2 2 2 2 2 2 2 2 2 2 2 2
left_child=1 2 3 -1 7 8 -7 13 9 -4 -11 12 -2 -3
right_child=11 4 5 -5 -6 6 -8 -9 -10 10 -12 -13 -14 -15
leaf_value=-0.068351141774913846 0.061118985928100257 -0.068668616764005153 0.067472996296199655 0.066758240354713394 0.064189356240769546 -0.065423286656603991 0.06050229705566347 0.045853600528803613 0.067642662313703195 -0.067798804887488906 0.03419126249173448 0.068610153340578101 -0.062506988569247107 -0.055593391919767123
leaf_weight=353.72963157296181 71.337997794151306 2921.4382787644863 128.53960731625557 56.054768562316895 22.771829605102539 32.165844738483429 11.640907287597654 6.7395052015781394 128.32512735575438 44.047362819314003 17.408653110265732 3032.421863257885 16.036241911351681 104.997194185853
leaf_count=3313 68 27379 94 40 16 296 8 8 93 404 38 2190 145 908
internal_value=2.26468e-05 -0.0551952 -0.00863631 -0.0496349 -0.0669423 0.0377756 -0.0307801 -0.0679684 0.0473434 0.0330713 -0.038741 0.0677645 0.0375383 -0.068252
internal_weight=6947.65 3827.86 771.912 409.784 3055.95 362.128 43.8068 3033.17 318.321 189.996 61.456 3119.8 87.3742 3026.44
internal_count=35000 32597 4286 3353 28311 933 304 28295 629 536 442 2403 213 28287
is_linear=0
shrinkage=0.05


Tree=13
num_leaves=15
num_cat=0
split_feature=32 2 24 46 46 0 64 75 0 0 59 64 59 2
split_gain=9707.01 782.743 550.949 338.796 157.416 90.1227 57.2862 39.3601 33.1784 179.092 52.0853 28.4414 81.5827 3.7373
threshold=1.0000000180025095e-35 1333.0815012063892 1.0000000180025095e-35 3.5000000000000004 2.5000000000000004 200003.00000000003 1.5000000000000002 2.5000000000000004 198011.00000000003 2827.0000000000005 17.500000000000004 1.5000000000000002 5.5000000000000009 2354.7012975087505
decision_type=2 2 2 2 2 2 2 2 2 2 2 2 2 2
left_child=1 2 3 -1 7 8 -7 13 9 -4 -11 12 -2 -3
right_child=11 4 5 -5 -6 6 -8 -9 -10 10 -12 -13 -14 -15
leaf_value=-0.067107886107989595 0.059702862983928177 -0.053741796843871086 0.06621068294827831 0.06549447720890747 0.062908997221558918 -0.064148456596779688 0.059230236187975183 0.044624729413669101 0.066385915389884684 -0.066450784687132849 0.032856059569615424 0.067370730396887638 -0.06122600240377634 -0.06742698178266332
leaf_weight=342.58831419050694 69.473507046699524 99.288974225521088 124.57931147515774 54.361124038696289 22.130514144897461 31.228365421295166 11.346790313720701 6.6365430057048789 124.35527290403843 42.766921401023865 17.294505283236504 2936.2737143188715 15.605940483510492 2832.0678488910198
leaf_count=3313 68 878 94 40 16 296 8 8 93 404 38 2190 145 27409
internal_value=2.4392e-05 -0.0541627 -0.00845548 -0.0487111 -0.0657071 0.0370145 -0.0300844 -0.0667181 0.0463937 0.0323619 -0.0377184 0.0665297 0.0366244 -0.0670004
internal_weight=6730 3708.64 748.521 396.949 2960.12 351.571 42.5752 2937.99 308.996 184.641 60.0614 3021.35 85.0794 2931.36
internal_count=35000 32597 4286 3353 28311 933 304 28295 629 536 442 2403 213 28287
is_linear=0
shrinkage=0.05


Tree=14
num_leaves=15
num_cat=0
split_feature=32 2 24 46 46 0 64 75 0 0 59 64 59 45
split_gain=9070.13 732.578 514.613 317.064 147.618 84.0847 53.7645 37.2114 31.2022 167.415 48.8145 27.1533 76.2331 3.91716
threshold=1.0000000180025095e-35 1333.0815012063892 1.0000000180025095e-35 3.5000000000000004 2.5000000000000004 200003.00000000003 1.5000000000000002 2.5000000000000004 198011.00000000003 2827.0000000000005 17.500000000000004 1.5000000000000002 5.5000000000000009 1.5000000000000002
decision_type=2 2 2 2 2 2 2 2 2 2 2 2 2 2
left_child=1 2 3 -1 7 8 -7 13 9 -4 -11 12 -2 -3
right_child=11 4 5 -5 -6 6 -8 -9 -10 10 -12 -13 -14 -15
leaf_value=-0.065965744341665175 0.058368968499702703 -0.06629388495023146 0.06504637328258682 0.064326007572568719 0.06171570365982422 -0.062964477300018112 0.058035064808840048 0.043449325080898382 0.065227708017889449 -0.065203178524263564 0.031581723097542237 0.066233429380509717 -0.060027238800677507 -0.052551364556450389
leaf_weight=331.41199521720409 67.601492911577225 2736.6279415786266 120.60538250207901 52.660627365112305 21.485540390014648 30.286316573619843 11.0501651763916 6.5320433080196372 120.37175279855728 41.476969666779041 17.176465302705765 2839.8373280316591 15.17265949398279 99.359202139079571
leaf_count=3313 68 27379 94 40 16 296 8 8 93 404 38 2190 145 908
internal_value=2.6148e-05 -0.0532118 -0.0082875 -0.0478606 -0.064571 0.0363077 -0.029433 -0.0655682 0.0455121 0.0316996 -0.0367532 0.0653955 0.0357626 -0.0658498
internal_weight=6511.66 3589.04 725.04 384.073 2864 340.967 41.3365 2842.52 299.631 179.259 58.6534 2922.61 82.7742 2835.99
internal_count=35000 32597 4286 3353 28311 933 304 28295 629 536 442 2403 213 28287
is_linear=0
shrinkage=0.05


Tree=15
num_leaves=15
num_cat=0
split_feature=32 2 24 46 46 0 64 75 0 0 59 64 59 2
split_gain=8484.46 686.429 481.192 297.065 138.594 78.5308 50.5131 35.2259 29.3834 156.675 45.8034 25.9775 71.299 4.35452
threshold=1.0000000180025095e-35 1333.0815012063892 1.0000000180025095e-35 3.5000000000000004 2.5000000000000004 200003.00000000003 1.5000000000000002 2.5000000000000004 198011.00000000003 2827.0000000000005 17.500000000000004 1.5000000000000002 5.5000000000000009 2354.7012975087505
decision_type=2 2 2 2 2 2 2 2 2 2 2 2 2 2
left_child=1 2 3 -1 7 8 -7 13 9 -4 -11 12 -2 -3
right_child=11 4 5 -5 -6 6 -8 -9 -10 10 -12 -13 -14 -15
leaf_value=-0.06491382984233933 0.057107616885978311 -0.050811056773849762 0.063969361177013087 0.063242384235322413 0.060599898470909103 -0.061861370589101385 0.05690861830924257 0.04232277423462269 0.064157304591326153 -0.064044785192105325 0.03036377000134512 0.065187330876504843 -0.058901782543413529 -0.06524596139205821
leaf_weight=320.25850873440504 65.731699109077454 93.854767881333828 116.63844037055969 50.96214771270752 20.840295791625977 29.344627201557159 10.752595901489256 6.4265469312667838 116.39525760710239 40.184783793985844 17.055514499545097 2743.6109246313572 14.738677367568014 2646.972404204309
leaf_count=3313 68 878 94 40 16 296 8 8 93 404 38 2190 145 27409
internal_value=2.7921e-05 -0.0523335 -0.00813091 -0.0470756 -0.0635229 0.0356491 -0.0288211 -0.0645079 0.044691 0.0310788 -0.0358391 0.064351 0.0349466 -0.0647891
internal_weight=6293.77 3469.69 701.592 371.221 2768.09 330.371 40.0972 2747.25 290.274 173.879 57.2403 2824.08 80.4704 2740.83
internal_count=35000 32597 4286 3353 28311 933 304 28295 629 536 442 2403 213 28287
is_linear=0
shrinkage=0.05


Tree=16
num_leaves=15
num_cat=0
split_feature=32 2 24 46 46 0 64 75 0 0 59 64 59 45
split_gain=7944.7 643.883 450.386 278.623 130.265 73.4113 47.5051 33.3872 27.7058 146.777 43.0254 24.9015 66.7393 4.53033
threshold=1.0000000180025095e-35 1333.0815012063892 1.0000000180025095e-35 3.5000000000000004 2.5000000000000004 200003.00000000003 1.5000000000000002 2.5000000000000004 198011.00000000003 2827.0000000000005 17.500000000000004 1.5000000000000002 5.5000000000000009 1.5000000000000002
decision_type=2 2 2 2 2 2 2 2 2 2 2 2 2 2
left_child=1 2 3 -1 7 8 -7 13 9 -4 -11 12 -2 -3
right_child=11 4 5 -5 -6 6 -8 -9 -10 10 -12 -13 -14 -15
leaf_value=-0.063942740838906706 0.05591038774468228 -0.064285460085108992 0.062970368440018534 0.062234572262550691 0.059553274003470019 -0.060830426236166427 0.055843732837057507 0.041240992175180943 0.063165426478126577 -0.062965903624344996 0.029198249113103626 0.064222950608919735 -0.057841826440260091 -0.049763353595742847
leaf_weight=309.17739507555962 63.872464299201965 2552.5438031628728 112.69612795114517 49.273276329040527 20.19769287109375 28.407536029815674 10.455443382263182 6.3205323517322531 112.44347035139799 38.896617993712425 16.932515919208527 2648.0217735022306 14.305967874824999 93.7474634796381
leaf_count=3313 68 27379 94 40 16 296 8 8 93 404 38 2190 145 908
internal_value=2.97207e-05 -0.05152 -0.00798445 -0.0463491 -0.0625539 0.0350335 -0.0282443 -0.0635278 0.0439237 0.030495 -0.0349702 0.0633868 0.0341711 -0.063809
internal_weight=6077.29 3351.09 678.282 358.451 2672.81 319.832 38.863 2652.61 280.969 168.525 55.8291 2726.2 78.1784 2646.29
internal_count=35000 32597 4286 3353 28311 933 304 28295 629 536 442 2403 213 28287
is_linear=0
shrinkage=0.05


Tree=17
num_leaves=15
num_cat=0
split_feature=32 2 24 46 46 0 64 75 0 0 64 64 59 2
split_gain=7446.25 604.576 421.933 261.581 122.562 68.6833 44.7174 31.681 26.1552 137.636 82.5425 23.9146 62.5183 5.00271
threshold=1.0000000180025095e-35 1333.0815012063892 1.0000000180025095e-35 3.5000000000000004 2.5000000000000004 200003.00000000003 1.5000000000000002 2.5000000000000004 198011.00000000003 2827.0000000000005 1.5000000000000002 1.5000000000000002 5.5000000000000009 2354.7012975087505
decision_type=2 2 2 2 2 2 2 2 2 2 2 2 2 2
left_child=1 2 3 -1 7 8 -7 13 9 -4 -11 12 -2 -3
right_child=11 4 5 -5 -6 6 -8 -9 -10 10 -12 -13 -14 -15
leaf_value=-0.06304430373421524 0.05476992738989174 -0.048100315075905758 0.062041294846135242 0.061294671598241347 0.058568523220651793 -0.05986405657207805 0.054834139859874412 0.040200375173755486 0.062243968061328675 -0.068129847410137889 0.068584870264439893 0.063332090830727703 -0.056840534705202596 -0.063393143782136854
leaf_weight=298.21074007451534 62.030910402536392 88.488834254443645 108.79349549114704 47.600498199462891 19.560237884521484 27.47866427898407 10.159883499145506 6.2144187092781058 108.53147262334824 41.401480741798878 13.024559974670408 2553.4319321066141 13.876228220760821 2464.2566211000085
leaf_count=3313 68 878 94 40 16 296 8 8 93 434 8 2190 145 27409
internal_value=3.15459e-05 -0.0507647 -0.007847 -0.0456752 -0.0616555 0.0344561 -0.0276987 -0.0626195 0.0432043 0.0299438 -0.0341417 0.0624949 0.0334315 -0.0629011
internal_weight=5863.06 3233.72 655.201 345.811 2578.52 309.39 37.6385 2558.96 271.751 163.22 54.426 2629.34 75.9071 2552.75
internal_count=35000 32597 4286 3353 28311 933 304 28295 629 536 442 2403 213 28287
is_linear=0
shrinkage=0.05


Tree=18
num_leaves=15
num_cat=0
split_feature=32 2 24 46 46 0 64 75 0 0 64 64 59 2
split_gain=6985.15 568.126 395.804 245.805 115.425 64.3827 42.1295 30.0946 24.6115 129.025 77.3658 23.0076 58.6045 5.19374
threshold=1.0000000180025095e-35 1333.0815012063892 1.0000000180025095e-35 3.5000000000000004 2.5000000000000004 200003.00000000003 1.5000000000000002 2.5000000000000004 198011.00000000003 2827.0000000000005 1.5000000000000002 1.5000000000000002 5.5000000000000009 2354.7012975087505
decision_type=2 2 2 2 2 2 2 2 2 2 2 2 2 2
left_child=1 2 3 -1 7 8 -7 13 9 -4 -11 12 -2 -3
right_child=11 4 5 -5 -6 6 -8 -9 -10 10 -12 -13 -14 -15
leaf_value=-0.062211367741515713 0.053679771235585039 -0.046971311296194335 0.061175057138418309 0.060415747909091239 0.057639247458713266 -0.058955583931463496 0.053874310938496262 0.039197721049583682 0.06138585878268376 -0.066988727731398065 0.066739637393143175 0.062507576761682213 -0.055891886358234548 -0.062566139697467993
leaf_weight=287.39413773268461 60.213072806596756 86.191797964274883 104.94325333833694 45.949311256408691 18.930057525634766 26.561095058917999 9.8669261932373029 6.1085736453533164 104.67200807482004 40.069286495447159 12.776990890502928 2460.1476362794638 13.450910374522207 2374.2937519475818
leaf_count=3313 68 878 94 40 16 296 8 8 93 434 8 2190 145 27409
internal_value=3.40201e-05 -0.0500637 -0.00771447 -0.0450485 -0.060821 0.0339458 -0.027181 -0.0617761 0.0425712 0.0294782 -0.0334017 0.0616682 0.0327237 -0.0620584
internal_weight=5651.57 3117.76 632.233 333.343 2485.52 298.89 36.428 2466.59 262.462 157.79 52.8463 2533.81 73.664 2460.49
internal_count=35000 32597 4286 3353 28311 933 304 28295 629 536 442 2403 213 28287
is_linear=0
shrinkage=0.05


Tree=19
num_leaves=15
num_cat=0
split_feature=32 2 24 46 46 0 64 75 0 0 64 64 59 45
split_gain=6557.84 534.307 371.593 231.175 108.8 60.4025 39.7231 28.617 23.1715 121.05 72.5916 22.1726 54.9702 5.65078
threshold=1.0000000180025095e-35 1333.0815012063892 1.0000000180025095e-35 3.5000000000000004 2.5000000000000004 200003.00000000003 1.5000000000000002 2.5000000000000004 198011.00000000003 2827.0000000000005 1.5000000000000002 1.5000000000000002 5.5000000000000009 1.5000000000000002
decision_type=2 2 2 2 2 2 2 2 2 2 2 2 2 2
left_child=1 2 3 -1 7 8 -7 13 9 -4 -11 12 -2 -3
right_child=11 4 5 -5 -6 6 -8 -9 -10 10 -12 -13 -14 -15
leaf_value=-0.061437666807450442 0.052634237391466304 -0.061812641924077517 0.060365429766905447 0.059591711978087637 0.056759784679250802 -0.058099123127118651 0.052959343469726618 0.038230182805858631 0.06058485994759491 -0.065917050071294614 0.065037575261891481 0.061743113747487546 -0.054990563467139743 -0.045768151177913746
leaf_weight=276.75738136470318 58.424024105072021 2284.5371938273311 101.1560684889555 44.324331283569336 18.308958053588867 25.657424092292786 9.5774354934692365 6.0033185780048361 100.87576772272587 38.750687666237354 12.514783859252928 2368.4255606979132 13.031250238418577 85.228890962898731
leaf_count=3313 68 27379 94 40 16 296 8 8 93 434 8 2190 145 908
internal_value=3.65363e-05 -0.0494103 -0.0075894 -0.0444645 -0.0600442 0.0334692 -0.0266884 -0.0609913 0.0419809 0.0290432 -0.0327071 0.0609003 0.0320439 -0.0612747
internal_weight=5443.57 3003.69 609.614 321.082 2394.08 288.532 35.2349 2375.77 253.297 152.422 51.2655 2439.88 71.4553 2369.77
internal_count=35000 32597 4286 3353 28311 933 304 28295 629 536 442 2403 213 28287
is_linear=0
shrinkage=0.05


Tree=20
num_leaves=15
num_cat=0
split_feature=32 2 24 46 46 0 64 75 0 0 64 64 59 2
split_gain=6161.2 502.877 349.124 217.587 102.642 56.7128 37.4823 27.2383 21.8269 113.651 68.1791 21.4027 51.5908 5.90239
threshold=1.0000000180025095e-35 1333.0815012063892 1.0000000180025095e-35 3.5000000000000004 2.5000000000000004 200003.00000000003 1.5000000000000002 2.5000000000000004 198011.00000000003 2827.0000000000005 1.5000000000000002 1.5000000000000002 5.5000000000000009 2354.7012975087505
decision_type=2 2 2 2 2 2 2 2 2 2 2 2 2 2
left_child=1 2 3 -1 7 8 -7 13 9 -4 -11 12 -2 -3
right_child=11 4 5 -5 -6 6 -8 -9 -10 10 -12 -13 -14 -15
leaf_value=-0.060717676241749396 0.051628300921895423 -0.044484782836855516 0.059606899135217675 0.058817156010230402 0.055925105619237803 -0.05728944939266864 0.052084911404091883 0.037295232678278376 0.05983546139406596 -0.064907314207399605 0.063461274328500794 0.061033171002119281 -0.054131853434141619 -0.061094730387799459
leaf_weight=266.32520411163568 56.667975246906281 81.053321339190006 97.440795361995697 42.729411125183105 17.698455810546875 24.769828081130981 9.2921438217163068 5.8989303708076468 97.151642479002476 37.449975647032261 12.240973472595213 2278.4780358672142 12.618287093937395 2199.7553689032793
leaf_count=3313 68 878 94 40 16 296 8 8 93 434 8 2190 145 27409
internal_value=3.91076e-05 -0.0487999 -0.007471 -0.0439191 -0.0593191 0.0330229 -0.0262182 -0.0602592 0.0414291 0.0286359 -0.0320528 0.0601858 0.0313891 -0.060544
internal_weight=5239.57 2891.81 587.4 309.055 2304.41 278.345 34.062 2286.71 244.283 147.132 49.6909 2347.76 69.2863 2280.81
internal_count=35000 32597 4286 3353 28311 933 304 28295 629 536 442 2403 213 28287
is_linear=0
shrinkage=0.05


Tree=21
num_leaves=15
num_cat=0
split_feature=32 2 24 46 46 0 64 75 64 59 0 0 64 45
split_gain=5792.51 473.631 328.241 204.949 96.909 53.2871 35.3929 25.9502 20.6919 48.4445 20.5699 106.778 64.0929 6.34273
threshold=1.0000000180025095e-35 1333.0815012063892 1.0000000180025095e-35 3.5000000000000004 2.5000000000000004 200003.00000000003 1.5000000000000002 2.5000000000000004 1.5000000000000002 5.5000000000000009 198011.00000000003 2827.0000000000005 1.5000000000000002 1.5000000000000002
decision_type=2 2 2 2 2 2 2 2 2 2 2 2 2 2
left_child=1 2 3 -1 7 10 -7 13 9 -2 11 -4 -13 -3
right_child=8 4 5 -5 -6 6 -8 -9 -10 -11 -12 12 -14 -15
leaf_value=-0.060046493955471437 0.05065750807121671 -0.060444530651718731 0.058894566597790923 0.058087283245780066 0.055130766082036611 -0.056521911640009762 0.05124715835500572 0.03639060757018988 0.060372856050809644 -0.053311565565672063 0.059132794042980344 -0.063952995203943958 0.061995908248233124 -0.043372036210581506
leaf_weight=256.11789603531361 54.948415994644165 2113.7375011146069 93.804728358983994 41.167716979980469 17.099802017211914 23.900104403495789 9.0116662979125959 5.7956502735614768 2190.4787867516279 12.212890610098837 93.506909728050232 36.170688159763813 11.958238601684569 80.030985705554485
leaf_count=3313 68 27379 94 40 16 296 8 8 2190 145 93 434 8 908
internal_value=4.17359e-05 -0.0482286 -0.00735855 -0.0434086 -0.0586416 0.0326041 -0.025768 -0.0595753 0.0595198 0.0307564 0.0409121 0.0282533 -0.0314345 -0.0598618
internal_weight=5039.94 2782.3 565.638 297.286 2216.66 268.352 32.9118 2199.56 2257.64 67.1613 235.441 141.934 48.1289 2193.77
internal_count=35000 32597 4286 3353 28311 933 304 28295 2403 213 629 536 442 28287
is_linear=0
shrinkage=0.05


Tree=22
num_leaves=15
num_cat=0
split_feature=32 2 24 46 46 0 64 75 64 59 0 0 64 2
split_gain=5449.32 446.374 308.803 193.177 91.5641 50.1021 33.4422 24.7446 20.0346 45.5118 19.3937 100.383 60.302 6.64577
threshold=1.0000000180025095e-35 1333.0815012063892 1.0000000180025095e-35 3.5000000000000004 2.5000000000000004 200003.00000000003 1.5000000000000002 2.5000000000000004 1.5000000000000002 5.5000000000000009 198011.00000000003 2827.0000000000005 1.5000000000000002 2354.7012975087505
decision_type=2 2 2 2 2 2 2 2 2 2 2 2 2 2
left_child=1 2 3 -1 7 10 -7 13 9 -2 11 -4 -13 -3
right_child=8 4 5 -5 -6 6 -8 -9 -10 -11 -12 12 -14 -15
leaf_value=-0.059419769518780689 0.049717913714862796 -0.042103170762133449 0.058224074644921714 0.057397811665471421 0.054372765650222636 -0.055792382922632479 0.050442647626783021 0.035514290510367606 0.059757801668119365 -0.052525959378099646 0.058472483777877921 -0.063048409126914673 0.060628760834671391 -0.059822496744398594
leaf_weight=246.15177311003208 53.268151640892029 76.12622082978487 90.253739282488823 39.641828536987305 16.514028549194336 23.049713015556335 8.7365150451660174 5.693682760000228 2104.5685409605503 11.815775968134401 89.947480246424675 34.915715180337429 11.6689395904541 2032.674202889204
leaf_count=3313 68 878 94 40 16 296 8 8 2190 145 93 434 8 27409
internal_value=4.44275e-05 -0.0476925 -0.00725144 -0.04293 -0.0580067 0.03221 -0.0253359 -0.0589349 0.058898 0.0301433 0.0404266 0.0278932 -0.0308481 -0.0592233
internal_weight=4845.03 2675.37 544.366 285.794 2131.01 258.572 31.7862 2114.49 2169.65 65.0839 226.786 136.838 46.5847 2108.8
internal_count=35000 32597 4286 3353 28311 933 304 28295 2403 213 629 536 442 28287
is_linear=0
shrinkage=0.05


Tree=23
num_leaves=15
num_cat=0
split_feature=32 2 24 46 46 0 64 75 64 59 0 0 64 45
split_gain=5129.46 420.946 290.69 182.199 86.5754 47.137 31.6188 23.6151 19.4264 42.7753 18.2919 94.4261 56.7795 7.07429
threshold=1.0000000180025095e-35 1333.0815012063892 1.0000000180025095e-35 3.5000000000000004 2.5000000000000004 200003.00000000003 1.5000000000000002 2.5000000000000004 1.5000000000000002 5.5000000000000009 198011.00000000003 2827.0000000000005 1.5000000000000002 1.5000000000000002
decision_type=2 2 2 2 2 2 2 2 2 2 2 2 2 2
left_child=1 2 3 -1 7 10 -7 13 9 -2 11 -4 -13 -3
right_child=8 4 5 -5 -6 6 -8 -9 -10 -11 -12 12 -14 -15
leaf_value=-0.0588336320172285 0.048805998054361331 -0.059258306552955255 0.057591513268238276 0.056744900451900462 0.053647551485738104 -0.055097133134450776 0.049668317607484247 0.034664478850654636 0.059184158538931712 -0.051771700711619684 0.057850647566611048 -0.062188582524431116 0.059348852912309673 -0.041061495216892188
leaf_weight=236.4397202655673 51.629420131444931 1950.9218810126185 86.792464077472687 38.153784275054932 15.941962242126463 22.219829380512238 8.467109680175783 5.5932023823261252 2020.8572460412979 11.427523307502268 86.478002570569515 33.687370233237743 11.37515354156494 75.076250247657299
leaf_count=3313 68 27379 94 40 16 296 8 8 2190 145 93 434 8 908
internal_value=4.71899e-05 -0.0471888 -0.00714909 -0.0424802 -0.0574111 0.0318385 -0.02492 -0.0583345 0.0583166 0.0295475 0.0399698 0.0275533 -0.0302905 -0.0586252
internal_weight=4655.06 2571.15 523.613 274.594 2047.53 249.02 30.6869 2031.59 2083.91 63.0569 218.333 131.855 45.0625 2026
internal_count=35000 32597 4286 3353 28311 933 304 28295 2403 213 629 536 442 28287
is_linear=0
shrinkage=0.05


Tree=24
num_leaves=14
num_cat=0
split_feature=32 2 24 46 0 46 64 64 0 0 75 64 59
split_gain=4830.98 399.093 330.166 190.723 51.9529 45.844 40.2992 33.3817 30.467 158.489 24.3042 18.8628 40.2193
threshold=1.0000000180025095e-35 2354.7012975087505 1.0000000180025095e-35 3.5000000000000004 200003.00000000003 3.5000000000000004 1.5000000000000002 1.5000000000000002 198011.00000000003 2827.0000000000005 2.5000000000000004 1.5000000000000002 5.5000000000000009
decision_type=2 2 2 2 2 2 2 2 2 2 2 2 2
left_child=1 2 3 -1 7 10 -6 8 9 -4 -3 12 -2
right_child=11 5 4 -5 6 -7 -8 -9 -10 -11 -12 -13 -14
leaf_value=-0.058746125188104958 0.04791863871212812 -0.058716474879243502 0.05699338051970429 0.056382467858854472 -0.055417137921951035 0.048602895281694349 0.051326858716505525 0.10568123056409716 0.057263790318291874 -0.06117362230365575 0.037056247136252191 0.058648449893198853 -0.051045797411634675
leaf_weight=281.38022194802761 50.033946245908737 1874.0208449587226 83.424484014511108 39.58971244096756 26.07843329757452 8.6536425948142988 11.088334381580351 16.418064534664154 83.102055005729198 40.591710276901722 5.396243527531623 1939.4294168353081 11.048595011234282
leaf_count=4021 68 27409 94 43 357 9 11 13 93 540 7 2190 145
internal_value=5.0028e-05 -0.0467141 -0.0104578 -0.0442845 0.0312086 -0.057861 -0.0225764 0.0402722 0.0341262 0.0179591 -0.0584024 0.057772 0.0289671
internal_weight=4470.26 2469.74 581.673 320.97 260.703 1888.07 37.1668 223.536 207.118 124.016 1879.42 2000.51 61.0825
internal_count=35000 32597 5172 4064 1108 27425 368 740 727 634 27416 2403 213
is_linear=0
shrinkage=0.05


Tree=25
num_leaves=14
num_cat=0
split_feature=32 2 24 46 0 46 64 64 0 0 75 64 59
split_gain=4552.59 377.491 311.201 180.042 48.9127 43.5682 38.0929 30.414 28.7606 149.381 23.232 18.3403 37.8299
threshold=1.0000000180025095e-35 2354.7012975087505 1.0000000180025095e-35 3.5000000000000004 200003.00000000003 3.5000000000000004 1.5000000000000002 1.5000000000000002 198011.00000000003 2827.0000000000005 2.5000000000000004 1.5000000000000002 5.5000000000000009
decision_type=2 2 2 2 2 2 2 2 2 2 2 2 2
left_child=1 2 3 -1 7 10 -6 8 9 -4 -3 12 -2
right_child=11 5 4 -5 6 -7 -8 -9 -10 -11 -12 -13 -14
leaf_value=-0.058214028643446873 0.047053036621324672 -0.058213845182995105 0.056426512528105627 0.055793465795523828 -0.054782630184591556 0.047922550335053715 0.050612773348143771 0.10284941192014707 0.056708764514915438 -0.060425753356252887 0.036229120878186687 0.058147578570011293 -0.050345558520805883
leaf_weight=270.05936127156019 48.483019888401031 1797.641468256712 80.152430176734924 38.066975176334381 25.10919925570488 8.3731924295425397 10.72010952234268 16.090036511421204 79.822277389466763 39.101937405765057 5.2917988300323477 1860.3468743860722 10.679348669946192
leaf_count=4021 68 27409 94 43 357 9 11 13 93 540 7 2190 145
internal_value=5.45831e-05 -0.046279 -0.0103203 -0.0438602 0.0308749 -0.0573553 -0.0222397 0.0398429 0.0337782 0.0177475 -0.0578968 0.0572612 0.0284003
internal_weight=4289.94 2370.43 559.122 308.126 250.996 1811.31 35.8293 215.167 199.077 119.254 1802.93 1919.51 59.1624
internal_count=35000 32597 5172 4064 1108 27425 368 740 727 634 27416 2403 213
is_linear=0
shrinkage=0.05


Tree=26
num_leaves=14
num_cat=0
split_feature=32 2 24 46 0 46 64 64 0 0 75 64 59
split_gain=4292.29 357.259 293.47 170.054 46.073 41.4346 36.0268 27.7194 27.1622 140.865 22.2239 17.8555 35.5942
threshold=1.0000000180025095e-35 2354.7012975087505 1.0000000180025095e-35 3.5000000000000004 200003.00000000003 3.5000000000000004 1.5000000000000002 1.5000000000000002 198011.00000000003 2827.0000000000005 2.5000000000000004 1.5000000000000002 5.5000000000000009
decision_type=2 2 2 2 2 2 2 2 2 2 2 2 2
left_child=1 2 3 -1 7 10 -6 8 9 -4 -3 12 -2
right_child=11 5 4 -5 6 -7 -8 -9 -10 -11 -12 -13 -14
leaf_value=-0.057714902542284022 0.046206705569469618 -0.057743528010814942 0.055888056690080193 0.055232297629572935 -0.054175400167242364 0.047262015785628712 0.04992309279008366 0.10015831492310381 0.056182711752515102 -0.059712155971704463 0.035425816364014193 0.057678753169649946 -0.049668587671632451
leaf_weight=259.07049860060215 46.977530092000961 1723.5594017356634 76.978109687566757 36.588826954364777 24.167402476072311 8.1005855798721296 10.361534178256987 15.758439123630522 76.640491798520088 37.651460126042366 5.1891778185963622 1783.6513544172049 10.320046804845331
leaf_count=4021 68 27409 94 43 357 9 11 13 93 540 7 2190 145
internal_value=5.92229e-05 -0.0458693 -0.0101882 -0.0434601 0.0305581 -0.0568812 -0.0219142 0.0394355 0.033448 0.0175449 -0.0574232 0.0567815 0.0278455
internal_weight=4115.01 2274.07 537.217 295.659 241.557 1736.85 34.5289 207.029 191.27 114.63 1728.75 1840.95 57.2976
internal_count=35000 32597 5172 4064 1108 27425 368 740 727 634 27416 2403 213
is_linear=0
shrinkage=0.05


Tree=27
num_leaves=14
num_cat=0
split_feature=32 2 24 46 0 46 64 64 0 0 75 64 59
split_gain=4048.66 338.293 276.877 160.704 43.4172 39.4324 34.0902 25.2593 25.6637 132.897 21.2751 17.4053 33.5008
threshold=1.0000000180025095e-35 2354.7012975087505 1.0000000180025095e-35 3.5000000000000004 200003.00000000003 3.5000000000000004 1.5000000000000002 1.5000000000000002 198011.00000000003 2827.0000000000005 2.5000000000000004 1.5000000000000002 5.5000000000000009
decision_type=2 2 2 2 2 2 2 2 2 2 2 2 2
left_child=1 2 3 -1 7 10 -6 8 9 -4 -3 12 -2
right_child=11 5 4 -5 6 -7 -8 -9 -10 -11 -12 -13 -14
leaf_value=-0.057246067318582422 0.045377425050252891 -0.057303008016441739 0.055375398013575675 0.054696378647555749 -0.053592828066720825 0.046619559143318917 0.049255542811411979 0.09757775180102965 0.055683055321013135 -0.059029671964342084 0.034644896523261005 0.057239458111565611 -0.049012712418594478
leaf_weight=248.41854118183255 45.518034875392914 1651.7994679883122 73.90263208001852 35.155864715576172 23.253517866134644 7.8358950018882743 10.012828052043913 15.427783608436583 73.557801373302937 36.241324376314878 5.0884924978017798 1709.3677679300308 9.9708730727434141
leaf_count=4021 68 27409 94 43 357 9 11 13 93 540 7 2190 145
internal_value=6.39511e-05 -0.0454827 -0.010061 -0.0430822 0.0302561 -0.0564362 -0.0215988 0.0390476 0.0331341 0.0173506 -0.0569792 0.0563301 0.0273013
internal_weight=3945.55 2180.69 515.97 283.574 232.396 1664.72 33.2663 199.13 183.702 110.144 1656.89 1764.86 55.4889
internal_count=35000 32597 5172 4064 1108 27425 368 740 727 634 27416 2403 213
is_linear=0
shrinkage=0.05


Tree=28
num_leaves=14
num_cat=0
split_feature=32 2 24 46 0 46 64 64 0 0 75 64 59
split_gain=3820.44 320.5 261.332 151.944 40.9307 37.5517 32.2732 23.005 24.2574 125.433 20.3814 16.9872 31.5392
threshold=1.0000000180025095e-35 2354.7012975087505 1.0000000180025095e-35 3.5000000000000004 200003.00000000003 3.5000000000000004 1.5000000000000002 1.5000000000000002 198011.00000000003 2827.0000000000005 2.5000000000000004 1.5000000000000002 5.5000000000000009
decision_type=2 2 2 2 2 2 2 2 2 2 2 2 2
left_child=1 2 3 -1 7 10 -6 8 9 -4 -3 12 -2
right_child=11 5 4 -5 6 -7 -8 -9 -10 -11 -12 -13 -14
leaf_value=-0.056805072107401856 0.044563227272616503 -0.056889984174644428 0.054886181140910519 0.054183342241520972 -0.053032515596314736 0.045993633011728603 0.048608067035644083 0.095086598953414828 0.055207442812578569 -0.058375470419493952 0.033885067386445498 0.056827415595695485 -0.048375970435766663
leaf_weight=238.1061626560986 44.104802787303925 1582.3725537806749 70.92648071795702 33.768389999866486 22.367827355861664 7.5791496634483329 9.6741361618041974 15.101137161254881 70.574683584272861 34.872231237590313 4.9898341819643965 1637.5058967471123 9.6319409087300283
leaf_count=4021 68 27409 94 43 357 9 11 13 93 540 7 2190 145
internal_value=6.87719e-05 -0.0451174 -0.00993796 -0.0427247 0.0299674 -0.056018 -0.0212922 0.0386768 0.032835 0.0171637 -0.0565624 0.055905 0.0267664
internal_weight=3781.58 2090.33 495.391 271.875 223.516 1594.94 32.042 191.475 176.373 105.799 1587.36 1691.24 53.7367
internal_count=35000 32597 5172 4064 1108 27425 368 740 727 634 27416 2403 213
is_linear=0
shrinkage=0.05


Tree=29
num_leaves=14
num_cat=0
split_feature=32 2 24 46 0 46 64 64 0 0 75 64 59
split_gain=3606.46 303.795 246.756 143.728 38.6004 35.7834 30.5671 20.9347 22.9368 118.437 19.5386 16.5986 29.7
threshold=1.0000000180025095e-35 2354.7012975087505 1.0000000180025095e-35 3.5000000000000004 200003.00000000003 3.5000000000000004 1.5000000000000002 1.5000000000000002 198011.00000000003 2827.0000000000005 2.5000000000000004 1.5000000000000002 5.5000000000000009
decision_type=2 2 2 2 2 2 2 2 2 2 2 2 2
left_child=1 2 3 -1 7 10 -6 8 9 -4 -3 12 -2
right_child=11 5 4 -5 6 -7 -8 -9 -10 -11 -12 -13 -14
leaf_value=-0.056389713163805359 0.04376234675269336 -0.056502371495395859 0.054418249080435757 0.053691040035477415 -0.052492292645807376 0.045382842872793372 0.047978823656449392 0.092671062677790961 0.054753734770675466 -0.057747035594812847 0.03314516359270242 0.056440564795291304 -0.047756610231775243
leaf_weight=228.13399790227413 42.737839996814728 1515.2767235562205 68.049595199525356 32.426450669765472 21.510443709790707 7.3303377628326407 9.3455386757850665 14.780373454093931 67.691094521433115 33.544576399028301 4.8932754248380652 1568.062871530652 9.3033021688461286
leaf_count=4021 68 27409 94 43 357 9 11 13 93 540 7 2190 145
internal_value=7.36973e-05 -0.0447715 -0.00981877 -0.0423857 0.0296905 -0.0556246 -0.0209938 0.0383213 0.0325494 0.0169834 -0.0561706 0.055504 0.0262397
internal_weight=3623.09 2002.98 475.482 260.56 214.922 1527.5 30.856 184.066 169.285 101.594 1520.17 1620.1 52.0411
internal_count=35000 32597 5172 4064 1108 27425 368 740 727 634 27416 2403 213
is_linear=0
shrinkage=0.05


Tree=30
num_leaves=15
num_cat=0
split_feature=32 2 24 46 0 46 64 64 48 75 64 59 0 0
split_gain=3405.68 288.098 233.078 136.018 36.4146 34.1195 28.9639 19.0317 37.9568 18.7432 16.2373 27.9746 11.4979 81.788
threshold=1.0000000180025095e-35 2354.7012975087505 1.0000000180025095e-35 3.5000000000000004 200003.00000000003 3.5000000000000004 1.5000000000000002 1.5000000000000002 1.0000000180025095e-35 2.5000000000000004 1.5000000000000002 5.5000000000000009 198011.00000000003 2827.0000000000005
decision_type=2 2 2 2 2 2 2 2 2 2 2 2 2 2
left_child=1 2 3 -1 7 9 -6 8 12 -3 11 -2 13 -4
right_child=10 5 4 -5 6 -7 -8 -9 -10 -11 -12 -13 -14 -15
leaf_value=-0.055997979071855643 0.042973236904244726 -0.056138301452679375 0.053969615672405949 0.053217495304615087 -0.051970179514070618 0.044785927656526947 0.047366152815120632 0.090322954146838288 -0.058728446505841518 0.03242414511624981 0.056077022800911314 -0.04715304660457742 0.05431995500143269 -0.051919978437318583
leaf_weight=218.50105193257332 41.416945397853851 1450.4993034563959 65.271475665271282 31.129880845546722 20.681332468986511 7.0894153118133536 9.0270600318908709 14.466426670551298 9.0247408859431726 4.7988707423210135 1501.0249977335334 8.9849530719220621 64.906529270112514 23.233761325478554
leaf_count=4021 68 27409 94 43 357 9 11 13 109 7 2190 145 93 431
internal_value=7.87266e-05 -0.0444436 -0.00970294 -0.0420637 0.0294242 -0.055254 -0.0207025 0.0379796 0.0322761 -0.0558022 0.0551252 0.0257203 0.0383165 0.0256392
internal_weight=3470.06 1918.63 456.242 249.631 206.611 1462.39 29.7084 176.903 162.437 1455.3 1551.43 50.4019 153.412 88.5052
internal_count=35000 32597 5172 4064 1108 27425 368 740 727 27416 2403 213 618 525
is_linear=0
shrinkage=0.05


Tree=31
num_leaves=15
num_cat=0
split_feature=32 2 24 46 0 46 64 75 64 48 64 59 0 0
split_gain=3217.26 273.259 220.047 128.776 34.3092 32.5524 27.4562 17.9918 17.319 35.9785 15.9014 26.3549 10.8641 77.3839
threshold=1.0000000180025095e-35 2354.7012975087505 1.0000000180025095e-35 3.5000000000000004 200003.00000000003 3.5000000000000004 1.5000000000000002 2.5000000000000004 1.5000000000000002 1.0000000180025095e-35 1.5000000000000002 5.5000000000000009 198011.00000000003 2827.0000000000005
decision_type=2 2 2 2 2 2 2 2 2 2 2 2 2 2
left_child=1 2 3 -1 8 7 -6 -3 9 12 11 -2 13 -4
right_child=10 5 4 -5 6 -7 -8 -9 -10 -11 -12 -13 -14 -15
leaf_value=-0.055628031949388472 0.042194516208097894 -0.055796040369912842 0.053538466230817587 0.05276091441092462 -0.051464361702778988 0.044201762938383911 0.046768556946426565 0.031721060678535008 0.088038265952261829 -0.057607160485469225 0.055735087755005325 -0.046563846388869644 0.053904314124641133 -0.05145436558143255
leaf_weight=209.20484896749258 40.141723766922951 1388.0187858976424 62.591226786375046 29.878318607807159 19.880332142114639 6.8563088178634635 8.7186746001243609 4.7066604718565932 14.159523785114287 8.785401199012993 1436.3689294531941 8.6768466234207136 62.2200767993927 22.31323029473424
leaf_count=4021 68 27409 94 43 357 9 11 7 13 109 2190 145 93 431
internal_value=8.23298e-05 -0.0441328 -0.00959989 -0.0417573 0.0291297 -0.0549046 -0.0204177 -0.0554552 0.0376021 0.0319645 0.0547669 0.0252072 0.0380141 0.0253968
internal_weight=3322.52 1837.33 437.752 239.083 198.668 1399.58 28.599 1392.73 170.069 155.91 1485.19 48.8186 147.125 84.9045
internal_count=35000 32597 5172 4064 1108 27425 368 27416 740 727 2403 213 618 525
is_linear=0
shrinkage=0.05


Tree=32
num_leaves=15
num_cat=0
split_feature=32 2 24 46 0 46 64 75 64 48 64 59 0 0
split_gain=3040.2 259.296 207.806 121.968 32.3334 31.0756 26.0375 17.2815 15.7458 34.121 15.5889 24.8338 10.2683 73.2418
threshold=1.0000000180025095e-35 2354.7012975087505 1.0000000180025095e-35 3.5000000000000004 200003.00000000003 3.5000000000000004 1.5000000000000002 2.5000000000000004 1.5000000000000002 1.0000000180025095e-35 1.5000000000000002 5.5000000000000009 198011.00000000003 2827.0000000000005
decision_type=2 2 2 2 2 2 2 2 2 2 2 2 2 2
left_child=1 2 3 -1 8 7 -6 -3 9 12 11 -2 13 -4
right_child=10 5 4 -5 6 -7 -8 -9 -10 -11 -12 -13 -14 -15
leaf_value=-0.055278199871512668 0.041424973997898601 -0.055474026577786231 0.053123125934789267 0.052319631739665841 -0.05097318545493007 0.043629343926645844 0.046184681050165079 0.031035057158997681 0.085815865748550671 -0.056532449489168135 0.05541319686488716 -0.045987726042282864 0.05350513858305004 -0.051001660757118539
leaf_weight=200.24167607724667 38.911628380417824 1327.8057044260204 60.007612697780132 28.671247601509094 19.107175245881081 6.6309195756912223 8.4203166365623492 4.6166708618402472 13.859393596649168 8.5488368645310384 1374.0634953230619 8.3788942359387857 59.630518708378077 21.425960592925549
leaf_count=4021 68 27409 94 43 357 9 11 7 13 109 2190 145 93 431
internal_value=8.60204e-05 -0.0438372 -0.00949966 -0.0414652 0.0288437 -0.0545748 -0.0201386 -0.0551282 0.0372356 0.0316627 0.0544275 0.0246997 0.0377231 0.025161
internal_weight=3180.32 1758.97 419.913 228.913 191 1339.05 27.5275 1332.42 163.472 149.613 1421.35 47.2905 141.064 81.4336
internal_count=35000 32597 5172 4064 1108 27425 368 27416 740 727 2403 213 618 525
is_linear=0
shrinkage=0.05


Tree=33
num_leaves=15
num_cat=0
split_feature=32 2 24 46 0 46 64 75 64 59 64 48 0 0
split_gain=2873.71 246.147 196.299 115.565 30.4782 29.6826 24.7014 16.6094 15.2983 23.4047 14.3027 32.3753 9.70776 69.3438
threshold=1.0000000180025095e-35 2354.7012975087505 1.0000000180025095e-35 3.5000000000000004 200003.00000000003 3.5000000000000004 1.5000000000000002 2.5000000000000004 1.5000000000000002 5.5000000000000009 1.5000000000000002 1.0000000180025095e-35 198011.00000000003 2827.0000000000005
decision_type=2 2 2 2 2 2 2 2 2 2 2 2 2 2
left_child=1 2 3 -1 10 7 -6 -3 9 -2 11 12 13 -4
right_child=8 5 4 -5 6 -7 -8 -9 -10 -11 -12 -13 -14 -15
leaf_value=-0.054946940490405764 0.040663552700601159 -0.055170833827112388 0.05272204195643293 0.051892120486585563 -0.050495135239937962 0.043067766078034003 0.045613316839699304 0.030365363116096895 0.055109923323930159 -0.045423529812762056 0.083656444739455715 -0.055500850864163058 0.053120912556907054 -0.050560504545453182
leaf_weight=191.60680491477251 37.725971609354019 1269.824027761817 57.519133843481541 27.508021354675293 18.361502531915903 6.4131279587745658 8.1318821310997027 4.5289174988865843 1314.0711331740022 8.0909749120473844 13.565445154905317 8.315460763871668 57.136329289525747 20.571370147168636
leaf_count=4021 68 27409 94 43 357 9 11 7 2190 145 13 109 93 431
internal_value=8.9805e-05 -0.0435556 -0.00940194 -0.0411861 0.0285653 -0.0542632 -0.0198645 -0.0548197 0.0541055 0.0241971 0.0368792 0.0313696 0.0374426 0.0249312
internal_weight=3043.37 1683.48 402.716 219.115 183.601 1280.77 26.4934 1274.35 1359.89 45.8169 157.108 143.542 135.227 78.0905
internal_count=35000 32597 5172 4064 1108 27425 368 27416 2403 213 740 727 618 525
is_linear=0
shrinkage=0.05


Tree=34
num_leaves=15
num_cat=0
split_feature=32 2 24 46 0 46 64 75 64 59 64 48 0 0
split_gain=2717.07 233.758 185.475 109.539 28.7355 28.3679 23.4426 15.973 15.0279 22.0614 12.9812 30.7336 9.18015 65.6732
threshold=1.0000000180025095e-35 2354.7012975087505 1.0000000180025095e-35 3.5000000000000004 200003.00000000003 3.5000000000000004 1.5000000000000002 2.5000000000000004 1.5000000000000002 5.5000000000000009 1.5000000000000002 1.0000000180025095e-35 198011.00000000003 2827.0000000000005
decision_type=2 2 2 2 2 2 2 2 2 2 2 2 2 2
left_child=1 2 3 -1 10 7 -6 -3 9 -2 11 12 13 -4
right_child=8 5 4 -5 6 -7 -8 -9 -10 -11 -12 -13 -14 -15
leaf_value=-0.05463284172738242 0.039909334454967887 -0.054885134503823929 0.052333782651363361 0.051476978309328986 -0.050028817538507658 0.042516219903255714 0.045053369516039665 0.029711281552007682 0.054823959939315908 -0.044870213170620919 0.081561658614292598 -0.05450921513958245 0.052750207500417784 -0.050129631173703441
leaf_weight=183.29461687803268 36.583961963653564 1214.0325226299465 55.124038048088551 26.387871503829956 17.642876535654072 6.2027982473373404 7.8532385826110831 4.4434049651026717 1256.3482813686132 7.8129379451274863 13.27691614627838 8.085631884634493 54.735774252563715 19.748809684067965
leaf_count=4021 68 27409 94 43 357 9 11 7 2190 145 13 109 93 431
internal_value=9.36879e-05 -0.0432868 -0.00930647 -0.0409191 0.0282939 -0.0539684 -0.0195951 -0.0545285 0.0537996 0.0236988 0.0365319 0.0310845 0.0371714 0.0247065
internal_weight=2911.57 1610.83 386.15 209.682 176.467 1224.68 25.4961 1218.48 1300.75 44.3969 150.971 137.694 129.609 74.8728
internal_count=35000 32597 5172 4064 1108 27425 368 27416 2403 213 740 727 618 525
is_linear=0
shrinkage=0.05


Tree=35
num_leaves=15
num_cat=0
split_feature=32 2 24 46 46 0 64 75 64 59 49 59 0 0
split_gain=2569.61 222.076 175.289 103.863 27.1262 27.0978 22.2557 15.37 14.7764 20.7983 11.8368 10.0101 10.6738 67.8173
threshold=1.0000000180025095e-35 2354.7012975087505 1.0000000180025095e-35 3.5000000000000004 3.5000000000000004 200003.00000000003 1.5000000000000002 2.5000000000000004 1.5000000000000002 5.5000000000000009 2.5000000000000004 16.500000000000004 198011.00000000003 2827.0000000000005
decision_type=2 2 2 2 2 2 2 2 2 2 2 2 2 2
left_child=1 2 3 -1 7 10 -7 -3 9 -2 11 12 13 -4
right_child=8 4 5 -5 -6 6 -8 -9 -10 -11 -12 -13 -14 -15
leaf_value=-0.054334604092797535 0.039161526108657058 -0.054615732254814656 0.051957021958886074 0.051072889469011923 0.041973984715442142 -0.049572955459193782 0.044503856206439152 0.029072167965725051 0.054554101326625082 -0.044326836540658859 -0.014763840218516431 0.088191645751881972 0.052391708850630242 -0.050232487149720312
leaf_weight=175.29876571148634 35.48471063375473 1160.3853696212173 52.820397324860096 25.309942424297333 5.9997791647911063 16.950796622782949 7.5842260122299185 4.3601296991109839 1200.8470742329955 7.5446099415421477 9.6445897892117483 8.9142837524414045 52.426910784095526 21.25134339556098
leaf_count=4021 68 27409 94 43 9 357 11 7 2190 145 63 7 93 483
internal_value=9.76676e-05 -0.04303 -0.00921301 -0.0406629 -0.0536893 0.028029 -0.0193296 -0.0542532 0.0535086 0.0232043 0.0361932 0.0399846 0.0352677 0.0220888
internal_weight=2784.82 1540.95 370.201 200.609 1170.75 169.593 24.535 1164.75 1243.88 43.0293 145.058 135.413 126.499 74.0717
internal_count=35000 32597 5172 4064 27425 1108 368 27416 2403 213 740 677 670 577
is_linear=0
shrinkage=0.05


Tree=36
num_leaves=15
num_cat=0
split_feature=32 2 24 46 46 0 64 75 64 59 49 59 0 0
split_gain=2430.28 211.434 165.724 98.5154 25.9527 25.5094 21.1361 14.7983 14.5424 19.6102 11.3912 8.7023 10.1007 64.2456
threshold=1.0000000180025095e-35 2354.7012975087505 1.0000000180025095e-35 3.5000000000000004 3.5000000000000004 200003.00000000003 1.5000000000000002 2.5000000000000004 1.5000000000000002 5.5000000000000009 2.5000000000000004 16.500000000000004 198011.00000000003 2827.0000000000005
decision_type=2 2 2 2 2 2 2 2 2 2 2 2 2 2
left_child=1 2 3 -1 7 10 -7 -3 9 -2 11 12 13 -4
right_child=8 4 5 -5 -6 6 -8 -9 -10 -11 -12 -13 -14 -15
leaf_value=-0.05405102332823504 0.038419455014582937 -0.054361516788118618 0.05159051671012202 0.050678667399724632 0.041440416982654965 -0.049126383842103105 0.043963897244901337 0.028447447485410629 0.054299241120109934 -0.043792572649934532 -0.014135992382396632 0.084897682088212981 0.052044202945176282 -0.04982956009830368
leaf_weight=167.61232370883226 34.427258059382439 1108.8329800441861 50.60611891746521 24.273297965526581 5.8039076328277579 16.284707248210911 7.3246645331382743 4.279079630970954 1147.5159942507744 7.2857964411377898 9.6577904522418958 8.875669598579405 50.207642380148172 20.390018489211798
leaf_count=4021 68 27409 94 43 9 357 11 7 2190 145 63 7 93 483
internal_value=0.000103382 -0.0427702 -0.00909944 -0.0404167 -0.0534247 0.0277333 -0.0190677 -0.0539927 0.0532313 0.0227133 0.0357981 0.0396634 0.0350265 0.0218956
internal_weight=2663.38 1474.15 355.232 191.886 1118.92 163.347 23.6094 1113.11 1189.23 41.7131 139.737 130.079 121.204 70.9961
internal_count=35000 32597 5172 4064 27425 1108 368 27416 2403 213 740 677 670 577
is_linear=0
shrinkage=0.05


Tree=37
num_leaves=15
num_cat=0
split_feature=32 2 24 46 46 0 64 64 59 75 49 59 0 0
split_gain=2299 201.38 156.711 93.4732 24.843 24.0173 20.0794 14.3247 18.4924 14.2558 10.9692 7.56184 9.56042 60.8774
threshold=1.0000000180025095e-35 2354.7012975087505 1.0000000180025095e-35 3.5000000000000004 3.5000000000000004 200003.00000000003 1.5000000000000002 1.5000000000000002 5.5000000000000009 2.5000000000000004 2.5000000000000004 16.500000000000004 198011.00000000003 2827.0000000000005
decision_type=2 2 2 2 2 2 2 2 2 2 2 2 2 2
left_child=1 2 3 -1 9 10 -7 8 -2 -3 11 12 13 -4
right_child=7 4 5 -5 -6 6 -8 -9 -10 -11 -12 -13 -14 -15
leaf_value=-0.053780988734418472 0.037682563648164663 -0.054121460610298967 0.051233117571932822 0.050293182309977452 0.040914956441747294 -0.04868802034667042 0.043432705290655738 0.054058372485078582 -0.043266663403005168 0.027836598503730738 -0.013535254649357835 0.081851180799409867 0.051706538393939377 -0.04943414239878012
leaf_weight=160.22787634283304 33.410582512617111 1059.3232308700681 48.478989236056805 23.276943802833557 5.6150109171867362 15.644010573625566 7.0743550062179557 1096.3003937005997 7.0362878590822211 4.2002363279461852 9.6705458052456361 8.8214916586875898 48.075751800090075 19.562425315380096
leaf_count=4021 68 27409 94 43 9 357 11 2190 145 7 63 7 93 483
internal_value=0.000109225 -0.0425202 -0.0089873 -0.0401796 -0.0531735 0.0274427 -0.018809 0.0529667 0.0222252 -0.0537461 0.0354098 0.0393519 0.0347919 0.0217054
internal_weight=2546.72 1409.97 340.832 183.505 1069.14 157.328 22.7184 1136.75 40.4469 1063.52 134.609 124.939 116.117 68.0414
internal_count=35000 32597 5172 4064 27425 1108 368 2403 213 27416 740 677 670 577
is_linear=0
shrinkage=0.05


Tree=38
num_leaves=15
num_cat=0
split_feature=32 2 24 46 46 0 64 64 59 75 49 59 0 0
split_gain=2175.23 191.876 148.216 88.7169 23.7929 22.6151 19.0816 14.1223 17.4404 13.7406 10.5693 6.56703 9.05076 57.6996
threshold=1.0000000180025095e-35 2354.7012975087505 1.0000000180025095e-35 3.5000000000000004 3.5000000000000004 200003.00000000003 1.5000000000000002 1.5000000000000002 5.5000000000000009 2.5000000000000004 2.5000000000000004 16.500000000000004 198011.00000000003 2827.0000000000005
decision_type=2 2 2 2 2 2 2 2 2 2 2 2 2 2
left_child=1 2 3 -1 9 10 -7 8 -2 -3 11 12 13 -4
right_child=7 4 5 -5 -6 6 -8 -9 -10 -11 -12 -13 -14 -15
leaf_value=-0.053523467687079732 0.036950386522607216 -0.053894619973173734 0.050883743238299729 0.049915407268095124 0.040397097435697991 -0.048256874045820512 0.042909577205896124 0.053830530676194845 -0.042748445315923637 0.027239125752693355 -0.012960424062742544 0.079031067665862792 0.051377655915419276 -0.049045284198439981
leaf_weight=153.13764863088727 32.433609426021576 1011.8015797287226 46.43669032305479 22.319833278656006 5.4329093098640433 15.028074912726881 6.8330846428871146 1047.1437337100506 6.7958600260317317 4.1235761046409598 9.682871248573063 8.7525399327278119 46.028917539864779 18.767644170671701
leaf_count=4021 68 27409 94 43 9 357 11 2190 145 7 63 7 93 483
internal_value=0.000115199 -0.0422792 -0.00887633 -0.0399508 -0.0529349 0.0271567 -0.0185531 0.0527138 0.0217399 -0.0535124 0.0350278 0.0390495 0.0345632 0.0215177
internal_weight=2434.72 1348.35 326.987 175.457 1021.36 151.53 21.8612 1086.37 39.2295 1015.93 129.669 119.986 111.233 65.2043
internal_count=35000 32597 5172 4064 27425 1108 368 2403 213 27416 740 677 670 577
is_linear=0
shrinkage=0.05


Tree=39
num_leaves=15
num_cat=0
split_feature=32 2 24 46 46 0 64 64 59 75 49 59 0 0
split_gain=2058.49 182.887 140.205 84.2282 22.7988 21.2971 18.139 13.9339 16.4501 13.2513 10.1899 5.69878 8.56982 54.7
threshold=1.0000000180025095e-35 2354.7012975087505 1.0000000180025095e-35 3.5000000000000004 3.5000000000000004 200003.00000000003 1.5000000000000002 1.5000000000000002 5.5000000000000009 2.5000000000000004 2.5000000000000004 16.500000000000004 198011.00000000003 2827.0000000000005
decision_type=2 2 2 2 2 2 2 2 2 2 2 2 2 2
left_child=1 2 3 -1 9 10 -7 8 -2 -3 11 12 13 -4
right_child=7 4 5 -5 -6 6 -8 -9 -10 -11 -12 -13 -14 -15
leaf_value=-0.053277510193411738 0.0362225566776984 -0.053680130689326283 0.050541379975210722 0.049544373519361515 0.039886392144552377 -0.047832045850693422 0.042393890210891044 0.05361485619666792 -0.042237325640644835 0.02665460037180788 -0.012410357954001264 0.076417490097829888 0.051056563876692142 -0.04866210740652066
leaf_weight=146.33356025069952 31.495240151882172 966.21168076992035 44.476849265396595 21.400887370109558 5.2574182748794547 14.436240512877704 6.6006286144256583 999.98732344061136 6.5642795898020259 4.0490699112415305 9.6947804577648622 8.6697674393653852 44.064752217382193 18.004731837660074
leaf_count=4021 68 27409 94 43 9 357 11 2190 145 7 63 7 93 483
internal_value=0.000121314 -0.0420464 -0.0087663 -0.0397295 -0.052708 0.026875 -0.0182996 0.0524716 0.0212571 -0.0532907 0.0346516 0.0387557 0.0343396 0.0213322
internal_weight=2327.25 1289.2 313.682 167.734 975.518 145.948 21.0369 1038.05 38.0595 970.261 124.911 115.216 106.546 62.4816
internal_count=35000 32597 5172 4064 27425 1108 368 2403 213 27416 740 677 670 577
is_linear=0
shrinkage=0.05


Tree=40
num_leaves=15
num_cat=0
split_feature=32 2 24 46 46 0 64 64 2 2 75 49 59 0
split_gain=1948.33 174.381 132.647 79.99 21.857 20.058 17.2481 13.7587 15.9807 25.1586 12.786 9.82979 4.94042 8.11579
threshold=1.0000000180025095e-35 2354.7012975087505 1.0000000180025095e-35 3.5000000000000004 3.5000000000000004 200003.00000000003 1.5000000000000002 1.5000000000000002 3208.9141890262508 3672.6891961486117 2.5000000000000004 2.5000000000000004 16.500000000000004 198011.00000000003
decision_type=2 2 2 2 2 2 2 2 2 2 2 2 2 2
left_child=1 2 3 -1 10 11 -7 8 -2 -10 -3 12 13 -4
right_child=7 4 5 -5 -6 6 -8 -9 9 -11 -12 -13 -14 -15
leaf_value=-0.053042215493586675 0.042742072676972866 -0.053477177213144336 0.021148245802578014 0.049179195288041794 0.039382457021359292 -0.047412696652646316 0.041885084212226996 0.053410541791916323 0.040838460095355127 -0.084833102069968955 0.026082607541461567 -0.011883962648518938 0.073991879177491296 0.050742324974072245
leaf_weight=139.80733070522547 24.751687500625849 922.49631328880787 59.86974586173892 20.51899641752243 5.0883473753929129 13.867829091846945 6.376754403114318 954.77162425965071 6.2633431330323202 5.9206182882189751 3.9766847714781752 9.7062858007848245 8.5742462873458845 42.180813584476709
leaf_count=4021 67 27409 577 43 9 357 11 2190 12 134 7 63 7 93
internal_value=0.000127581 -0.0418211 -0.00865699 -0.0395149 -0.0524919 0.026597 -0.0180482 0.0522394 0.0207767 -0.0235807 -0.0530802 0.0342805 0.0384701 0.0341207
internal_weight=2224.17 1232.46 300.902 160.326 931.561 140.576 20.2446 991.707 36.9356 12.184 926.473 120.331 110.625 102.051
internal_count=35000 32597 5172 4064 27425 1108 368 2403 213 146 27416 740 677 670
is_linear=0
shrinkage=0.05


Tree=41
num_leaves=15
num_cat=0
split_feature=32 2 24 46 46 49 0 46 64 2 2 75 59 0
split_gain=1843.11 167.707 125.035 75.9867 20.9644 18.9182 18.6487 15.7225 13.4225 15.0986 24.1884 12.3435 5.19356 9.16175
threshold=1.0000000180025095e-35 2354.7012975087505 1.0000000180025095e-35 3.5000000000000004 3.5000000000000004 3.5000000000000004 200003.00000000003 1.0000000180025095e-35 1.5000000000000002 3208.9141890262508 3672.6891961486117 2.5000000000000004 16.500000000000004 2827.0000000000005
decision_type=2 2 2 2 2 2 2 2 2 2 2 2 2 2
left_child=1 2 3 -1 11 6 12 -8 9 -2 -11 -3 13 -4
right_child=8 4 5 -5 -6 -7 7 -9 -10 10 -12 -13 -14 -15
leaf_value=-0.052816747516102394 0.041995294605996908 -0.053285018319258852 0.050065294110081884 0.048819041647369318 0.038884951157843406 -0.050897574931266482 -0.046358749062056871 0.04138267879772696 0.053216837897669123 0.040277857748701636 -0.084928107370497496 0.02552277311307892 0.06738848884894881 0.018746615098816439
leaf_weight=133.55055530369282 23.987344410270452 880.59717429056764 41.829985611140728 19.673034578561783 4.9255061745643607 5.8529777117073527 12.050751630216839 6.1612213850021353 911.436249807477 6.0658567398786527 5.6235658377408981 3.9063838422298423 12.802771776914595 58.762606725096703
leaf_count=4021 67 27409 94 43 9 80 323 11 2190 12 134 7 13 587
internal_value=0.000134397 -0.0415297 -0.00848571 -0.0393064 -0.0522859 0.0259404 0.0300683 -0.0155176 0.0520264 0.0204043 -0.0235641 -0.0528802 0.0375318 0.0324922
internal_weight=2127.23 1180.11 290.684 153.224 889.429 137.46 131.607 18.212 947.113 35.6768 11.6894 884.504 113.395 100.593
internal_count=35000 32597 5172 4064 27425 1108 1028 334 2403 213 146 27416 694 681
is_linear=0
shrinkage=0.05


Tree=42
num_leaves=15
num_cat=0
split_feature=32 2 24 46 46 49 0 46 64 2 2 75 59 0
split_gain=1744.08 161.077 117.822 72.2037 20.118 17.8132 17.2458 14.9565 13.1191 14.2687 23.248 11.9223 4.92292 9.72948
threshold=1.0000000180025095e-35 2354.7012975087505 1.0000000180025095e-35 3.5000000000000004 3.5000000000000004 3.5000000000000004 200003.00000000003 1.0000000180025095e-35 1.5000000000000002 3208.9141890262508 3672.6891961486117 2.5000000000000004 16.500000000000004 198011.00000000003
decision_type=2 2 2 2 2 2 2 2 2 2 2 2 2 2
left_child=1 2 3 -1 11 6 12 -8 9 -2 -11 -3 13 -4
right_child=8 4 5 -5 -6 -7 7 -9 -10 10 -12 -13 -14 -15
leaf_value=-0.052600342839869897 0.041245580723428328 -0.053102948482350525 0.01772256869356038 0.048463141780426287 0.03839357929923546 -0.049972140663258668 -0.045937491895385513 0.040886233886968791 0.053033036022396743 0.03972255888891079 -0.084948240513103429 0.024974755714799304 0.065973416067318366 0.050321056292759063
leaf_weight=127.55470914207399 23.257217310369015 840.45606077089906 58.740329053252935 18.861866056919098 4.7686999440193167 5.70412653684616 11.583391215652229 5.9537857174873343 869.92061805725098 5.8759147971868497 5.3476328924298286 3.8381283059716216 12.474765896797178 39.72380680218339
leaf_count=4021 67 27409 588 43 9 80 323 11 2190 12 134 7 13 93
internal_value=0.000139215 -0.0412558 -0.00833824 -0.0391034 -0.0520892 0.0253138 0.0293711 -0.0152932 0.0518214 0.0200224 -0.0235426 -0.0526898 0.0365774 0.0316139
internal_weight=2034.06 1129.66 280.597 146.417 849.063 134.18 128.476 17.5372 904.401 34.4808 11.2235 844.294 110.939 98.4641
internal_count=35000 32597 5172 4064 27425 1108 1028 334 2403 213 146 27416 694 681
is_linear=0
shrinkage=0.05


Tree=43
num_leaves=15
num_cat=0
split_feature=32 2 24 46 46 49 0 46 64 2 2 75 59 0
split_gain=1650.52 154.789 111.037 68.6274 19.3149 16.776 15.945 14.2317 12.8472 13.4873 22.3327 11.5212 4.67982 9.9775
threshold=1.0000000180025095e-35 2354.7012975087505 1.0000000180025095e-35 3.5000000000000004 3.5000000000000004 3.5000000000000004 200003.00000000003 1.0000000180025095e-35 1.5000000000000002 3208.9141890262508 3672.6891961486117 2.5000000000000004 16.500000000000004 2827.0000000000005
decision_type=2 2 2 2 2 2 2 2 2 2 2 2 2 2
left_child=1 2 3 -1 11 6 12 -8 9 -2 -11 -3 13 -4
right_child=8 4 5 -5 -6 -7 7 -9 -10 10 -12 -13 -14 -15
leaf_value=-0.052392264267552863 0.040492562792575661 -0.052930330073442888 0.049620056547223075 0.048110785254097177 0.037908092915288134 -0.049079303548443497 -0.045519493284932294 0.040395387347595194 0.052858498758408826 0.039172196219232194 -0.084875968045181022 0.024438227410633916 0.064619746078009854 0.016441079710031861
leaf_weight=121.8112811781466 22.560260124504566 802.01432263106108 39.448003865778446 18.084350317716599 4.6177366375923148 5.5576115772128096 11.135010935366155 5.7541988790035239 830.1638861708343 5.6932964101433736 5.0927448272705078 3.7718762606382361 12.149468868970869 56.981141828000546
leaf_count=4021 67 27409 94 43 9 80 323 11 2190 12 134 7 13 587
internal_value=0.000144138 -0.0409851 -0.00819052 -0.0389052 -0.0519013 0.0246954 0.028682 -0.0150703 0.0516237 0.0196306 -0.0235132 -0.0525086 0.0356371 0.0307466
internal_weight=1944.84 1081.33 270.921 139.896 810.404 131.025 125.468 16.8892 863.51 33.3463 10.786 805.786 108.579 96.4291
internal_count=35000 32597 5172 4064 27425 1108 1028 334 2403 213 146 27416 694 681
is_linear=0
shrinkage=0.05


Tree=44
num_leaves=15
num_cat=0
split_feature=32 2 24 46 46 49 0 46 64 2 2 75 0 0
split_gain=1562.1 148.815 104.653 65.2453 18.5526 15.8023 14.7397 13.5458 12.6054 12.7509 21.4386 11.139 5.22348 20.9555
threshold=1.0000000180025095e-35 2354.7012975087505 1.0000000180025095e-35 3.5000000000000004 3.5000000000000004 3.5000000000000004 200003.00000000003 1.0000000180025095e-35 1.5000000000000002 3208.9141890262508 3672.6891961486117 2.5000000000000004 198011.00000000003 2827.0000000000005
decision_type=2 2 2 2 2 2 2 2 2 2 2 2 2 2
left_child=1 2 3 -1 11 6 12 -8 9 -2 -11 -3 13 -4
right_child=8 4 5 -5 -6 -7 7 -9 -10 10 -12 -13 -14 -15
leaf_value=-0.052191824460390314 0.039736014716260266 -0.052766547858561247 0.049296115807039187 0.047761312208832271 0.037428267240331825 -0.048216887408149528 -0.045104226751623996 0.0399098070507002 0.052692615247092393 0.03862644872054366 -0.084695328107045512 0.023912894741279375 0.049921724864447695 -0.0052093900919461351
leaf_weight=116.31174585781991 21.895399864763021 765.21382785588503 37.777309156954288 17.339348584413528 4.472423404455184 5.4136021994054309 10.704976163804533 5.5622134506702414 792.10566776245832 5.517775818705557 4.8586416020989418 3.7075843736529341 37.47708635777235 31.051161404699087
leaf_count=4021 67 27409 94 43 9 80 323 11 2190 12 134 7 93 507
internal_value=0.000149098 -0.0407172 -0.00804317 -0.0387113 -0.0517214 0.0240852 0.0280014 -0.0148486 0.0514323 0.0192286 -0.0234729 -0.0523357 0.0347116 0.0252538
internal_weight=1859.41 1035.03 261.637 133.651 773.394 127.986 122.573 16.2672 824.377 32.2718 10.3764 768.921 106.306 68.8285
internal_count=35000 32597 5172 4064 27425 1108 1028 334 2403 213 146 27416 694 601
is_linear=0
shrinkage=0.05


Tree=45
num_leaves=15
num_cat=0
split_feature=32 2 24 46 46 49 0 46 64 2 2 75 0 0
split_gain=1479.28 142.406 98.8059 62.0457 17.8285 14.9669 13.7854 12.8963 12.3921 12.0563 20.5629 10.7746 5.18738 20.1314
threshold=1.0000000180025095e-35 2354.7012975087505 1.0000000180025095e-35 3.5000000000000004 3.5000000000000004 3.5000000000000004 200003.00000000003 1.0000000180025095e-35 1.5000000000000002 3208.9141890262508 3672.6891961486117 2.5000000000000004 198011.00000000003 2827.0000000000005
decision_type=2 2 2 2 2 2 2 2 2 2 2 2 2 2
left_child=1 2 3 -1 11 6 12 -8 9 -2 -11 -3 13 -4
right_child=8 4 5 -5 -6 -7 7 -9 -10 10 -12 -13 -14 -15
leaf_value=-0.05199837743821778 0.038975859806267867 -0.052611051620871645 0.048975154531998112 0.047414100552570476 0.036953924726066449 -0.047382893207502205 -0.044691200855002632 0.039429208930748916 0.052534816410957211 0.038085058213012932 -0.084392707259376698 0.023398476589260826 0.049625617762008356 -0.0049735667307170333
leaf_weight=111.0476482771337 21.261550627648834 729.99671852588654 36.177257318049669 16.625731706619263 4.3325687348842612 5.2722431458532801 10.292656846344469 5.377580612897872 755.68616336211562 5.3491271510720235 4.6448770053684711 3.6452075093984595 35.86831571161747 30.993638209998608
leaf_count=4021 67 27409 94 43 9 80 323 11 2190 12 134 7 93 507
internal_value=0.000153093 -0.0404973 -0.00793737 -0.0385212 -0.0515491 0.0236687 0.0275571 -0.0146281 0.0512467 0.0188165 -0.023419 -0.0521708 0.034129 0.0246584
internal_weight=1776.57 989.63 251.655 127.673 737.974 123.982 118.709 15.6702 786.942 31.2556 9.994 733.642 103.039 67.1709
internal_count=35000 32597 5172 4064 27425 1108 1028 334 2403 213 146 27416 694 601
is_linear=0
shrinkage=0.05


Tree=46
num_leaves=15
num_cat=0
split_feature=32 2 24 46 46 49 0 46 64 2 2 75 0 0
split_gain=1400.95 136.333 93.2904 59.0178 17.1406 14.1782 12.8899 12.2812 12.2058 11.4005 19.7036 10.427 5.14956 19.3393
threshold=1.0000000180025095e-35 2354.7012975087505 1.0000000180025095e-35 3.5000000000000004 3.5000000000000004 3.5000000000000004 200003.00000000003 1.0000000180025095e-35 1.5000000000000002 3208.9141890262508 3672.6891961486117 2.5000000000000004 198011.00000000003 2827.0000000000005
decision_type=2 2 2 2 2 2 2 2 2 2 2 2 2 2
left_child=1 2 3 -1 11 6 12 -8 9 -2 -11 -3 13 -4
right_child=8 4 5 -5 -6 -7 7 -9 -10 10 -12 -13 -14 -15
leaf_value=-0.051811320663579324 0.038212143274371585 -0.052463304497244991 0.048656466101666816 0.047068589026883517 0.036484907807559405 -0.046575478569558196 -0.044280008631787819 0.03895336659593289 0.052384575330686092 0.037547813451804225 -0.083957593228861871 0.022894707508630971 0.049332672360681444 -0.0047480354029839633
leaf_weight=106.01059913448989 20.65760945901275 696.30601540021598 34.645387563854456 15.942380160093306 4.1979835331439963 5.1336566917598239 9.8974247779697162 5.2000522911548606 720.8460952155292 5.1871232911944372 4.4508211798965931 3.5847002267837516 34.328095583245158 30.938968814909458
leaf_count=4021 67 27409 94 43 9 80 323 11 2190 12 134 7 93 507
internal_value=0.000157207 -0.04028 -0.00783072 -0.0383343 -0.0513837 0.0232529 0.0271127 -0.0144087 0.0510662 0.0183945 -0.023349 -0.0520132 0.0335465 0.0240683
internal_weight=1697.33 946.185 242.097 121.953 704.089 120.144 115.01 15.0975 751.142 30.2956 9.63794 699.891 99.9125 65.5844
internal_count=35000 32597 5172 4064 27425 1108 1028 334 2403 213 146 27416 694 601
is_linear=0
shrinkage=0.05


Tree=47
num_leaves=15
num_cat=0
split_feature=32 2 24 46 46 49 0 64 46 2 2 75 59 0
split_gain=1326.84 130.577 88.0862 56.1513 16.4867 13.4333 12.0496 12.0445 11.6985 10.7807 18.8596 10.0953 5.47024 10.8594
threshold=1.0000000180025095e-35 2354.7012975087505 1.0000000180025095e-35 3.5000000000000004 3.5000000000000004 3.5000000000000004 200003.00000000003 1.5000000000000002 1.0000000180025095e-35 3208.9141890262508 3672.6891961486117 2.5000000000000004 16.500000000000004 198011.00000000003
decision_type=2 2 2 2 2 2 2 2 2 2 2 2 2 2
left_child=1 2 3 -1 11 6 12 9 -8 -2 -11 -3 13 -4
right_child=7 4 5 -5 -6 -7 8 -9 -10 10 -12 -13 -14 -15
leaf_value=-0.051630072280584596 0.037445048043678701 -0.052322824816719675 0.012314934916625228 0.046724256430879636 0.036021087700985728 -0.045792946250882219 -0.043870266102862709 0.052241403442244053 0.038482073112173491 0.037014543011147281 -0.083383146650976084 0.02240134783572055 0.063620867121253269 0.049042221433951469
leaf_weight=101.19233596138656 20.082476247102026 664.08542981557548 52.164260540157557 15.288188070058821 4.0684821903705588 4.9979440849274388 9.5186629593372327 687.52716372907162 5.029383957386016 5.0315388366579992 4.2756702862679958 3.5260151773691168 11.902002364397047 32.853983713313937
leaf_count=4021 67 27409 588 43 9 80 323 2190 11 12 134 7 13 93
internal_value=0.000161448 -0.0400646 -0.00772313 -0.0381502 -0.0512248 0.0228379 0.0266681 0.0508901 -0.0141903 0.0179633 -0.0232609 -0.0518624 0.032964 0.0273086
internal_weight=1621.54 904.627 232.947 116.481 671.68 116.466 111.468 716.917 14.548 29.3897 9.30721 667.611 96.9202 85.0182
internal_count=35000 32597 5172 4064 27425 1108 1028 2403 334 213 146 27416 694 681
is_linear=0
shrinkage=0.05


Tree=48
num_leaves=14
num_cat=0
split_feature=32 2 24 46 46 0 64 0 0 64 2 2 75
split_gain=1256.02 125.764 83.0538 53.437 15.8647 13.3651 22.992 37.8749 30.2304 11.9065 10.1943 18.0306 9.77862
threshold=1.0000000180025095e-35 2354.7012975087505 1.0000000180025095e-35 3.5000000000000004 3.5000000000000004 2827.0000000000005 1.5000000000000002 198011.00000000003 200003.00000000003 1.5000000000000002 3208.9141890262508 3672.6891961486117 2.5000000000000004
decision_type=2 2 2 2 2 2 2 2 2 2 2 2 2
left_child=1 2 3 -1 12 -4 7 -7 -9 10 -2 -12 -3
right_child=9 4 5 -5 -6 6 -8 8 -10 -11 11 -13 -14
leaf_value=-0.051454099162452693 0.036674856038895275 -0.052189147332890519 0.04825897734787489 0.046380619009968586 0.035562364037035658 -0.05196540067900516 0.060066435759162075 0.048753642476159098 -0.044200197762823606 0.052104819724440435 0.036485118225397822 -0.082666641128610052 0.021918159824055483
leaf_weight=96.584720065817237 19.535050660371784 633.27981833182275 32.816840849816799 14.662069529294966 3.94388124346733 23.099843323230743 16.447756469249725 31.443562548607588 10.102976268157361 655.672243129462 4.882149510085581 4.118459939956665 3.4691056832671157
leaf_count=4021 67 27409 94 43 9 540 24 93 357 2190 12 134 7
internal_value=0.000167052 -0.0398038 -0.00757296 -0.0379683 -0.0510718 0.0222544 0.0108228 -0.00313268 0.0251579 0.0507179 0.0175237 -0.0231529 -0.051718
internal_weight=1550.06 865.851 225.158 111.247 640.693 113.911 81.0941 64.6464 41.5465 684.208 28.5357 9.00061 636.749
internal_count=35000 32597 5172 4064 27425 1108 1014 990 450 2403 213 146 27416
is_linear=0
shrinkage=0.05


Tree=49
num_leaves=15
num_cat=0
split_feature=32 2 24 46 46 0 2 64 2 2 75 0 0 64
split_gain=1190.37 119.871 78.6674 50.8658 15.2729 12.6761 21.6831 11.7898 9.63894 17.2172 9.47607 7.50256 10.9918 7.34988
threshold=1.0000000180025095e-35 2354.7012975087505 1.0000000180025095e-35 3.5000000000000004 3.5000000000000004 2827.0000000000005 385.72462830708338 1.5000000000000002 3208.9141890262508 3672.6891961486117 2.5000000000000004 198011.00000000003 200003.00000000003 1.5000000000000002
decision_type=2 2 2 2 2 2 2 2 2 2 2 2 2 2
left_child=1 2 3 -1 10 -4 11 8 -2 -10 -3 -7 -13 -8
right_child=7 4 5 -5 -6 6 13 -9 9 -11 -12 12 -14 -15
leaf_value=-0.051282876335362583 0.035901956390324112 -0.052061836601033001 0.047943027332935206 0.046037233870933836 0.035108646911822396 -0.042715946904394661 0.016747806896908208 0.051974398079205175 0.035959445099830491 -0.08180963335992196 0.02144492333519598 0.039627322623354014 -0.036097172911844937 0.059643550545524962
leaf_weight=92.179771678522229 19.014241814613346 603.83504246175289 31.429758489131927 14.06295996904373 3.8240015208721152 15.935431620106103 32.43498364649713 625.22525104507804 4.738734304904936 3.9780834503471851 3.4139243178069583 8.1961523350328189 7.0639732014387837 14.246633201837538
leaf_count=4021 67 27409 94 43 9 358 361 2190 12 134 7 26 248 21
internal_value=0.000172729 -0.0396459 -0.00749779 -0.0377884 -0.0509243 0.0220936 0.0107221 0.050549 0.0170767 -0.023024 -0.0515795 -0.0207638 0.00445318 0.0317516
internal_weight=1479.58 826.623 215.55 106.243 611.073 109.307 77.8772 652.956 27.7311 8.71682 607.249 31.1956 15.2601 46.6816
internal_count=35000 32597 5172 4064 27425 1108 1014 2403 213 146 27416 632 274 382
is_linear=0
shrinkage=0.05


Tree=50
num_leaves=14
num_cat=0
split_feature=32 2 24 46 46 60 0 64 0 0 64 2 2
split_gain=1127.2 115.247 74.3106 48.4296 14.9918 12.7492 12.2253 20.6916 34.8906 28.112 11.6923 9.11254 16.4205
threshold=1.0000000180025095e-35 2354.7012975087505 1.0000000180025095e-35 3.5000000000000004 1.5000000000000002 42.500000000000007 2827.0000000000005 1.5000000000000002 198011.00000000003 200003.00000000003 1.5000000000000002 3208.9141890262508 3672.6891961486117
decision_type=2 2 2 2 2 2 2 2 2 2 2 2 2
left_child=1 2 3 -1 -3 -6 -4 8 -8 -10 11 -2 -13
right_child=10 4 6 -5 5 -7 7 -9 9 -11 -12 12 -14
leaf_value=-0.051115912529551472 0.035126852059121569 -0.052043442319685412 0.047627318539328098 0.045693704463454367 -0.040961531926870895 0.042827906134674118 -0.051315435070824526 0.058374014087550663 0.048331107695010103 -0.043633760676735578 0.051849716884196109 0.035437462830123827 -0.080817805608722065
leaf_weight=87.969689382240176 18.518966313451532 568.59905542060733 30.103050205856562 13.489813774824141 7.282454699277876 6.8857951760292053 21.791914528235793 15.493442326784132 29.477636530995369 9.5478016529232246 596.13140933215618 4.6010745391249639 3.8533180467784405
leaf_count=4021 67 27077 94 43 335 13 540 24 93 357 2190 12 134
internal_value=0.000179844 -0.0394125 -0.00735857 -0.0376098 -0.0507819 2.08085e-05 0.021646 0.0104423 -0.00323824 0.0248011 0.0503829 0.0166235 -0.0228734
internal_weight=1413.75 790.641 207.873 101.46 582.767 14.1682 106.414 76.3108 60.8174 39.0254 623.105 26.9734 8.45439
internal_count=35000 32597 5172 4064 27425 348 1108 1014 990 450 2403 213 146
is_linear=0
shrinkage=0.05


Tree=51
num_leaves=14
num_cat=0
split_feature=32 2 24 46 46 60 64 0 64 0 0 2 2
split_gain=1068.58 109.957 70.3952 46.1207 14.3978 12.1281 11.6121 11.5941 19.5231 32.9942 26.7408 8.61316 15.642
threshold=1.0000000180025095e-35 2354.7012975087505 1.0000000180025095e-35 3.5000000000000004 1.5000000000000002 42.500000000000007 1.5000000000000002 2827.0000000000005 1.5000000000000002 198011.00000000003 200003.00000000003 3208.9141890262508 3672.6891961486117
decision_type=2 2 2 2 2 2 2 2 2 2 2 2 2
left_child=1 2 3 -1 -3 -6 11 -4 9 -9 -11 -2 -13
right_child=6 4 7 -5 5 -7 -8 8 -10 10 -12 12 -14
leaf_value=-0.05095274631726171 0.034350110103855927 -0.051931072024279434 0.04731130395322037 0.045349666295873226 -0.040557481126062833 0.042322618246887392 0.051730394659823015 -0.050887261701521018 0.057555826326090846 0.048044663811611786 -0.043236959349981174 0.034919140744928044 -0.079700584523216267
leaf_weight=83.946836948394775 18.048158925026659 542.01316115260124 28.834406286478043 12.941611886024473 7.0139964558184129 6.6494866609573364 568.33724410831928 20.915547398850322 14.969751954078673 28.214607194066048 9.1813084892928583 4.4689557105302793 3.7428534142673016
leaf_count=4021 67 27077 94 43 335 13 2190 540 24 93 357 12 134
internal_value=0.000181972 -0.0392698 -0.00728349 -0.0374324 -0.0506579 3.08955e-05 0.0502192 0.0214917 0.0103453 -0.00328138 0.0245763 0.0161656 -0.022701
internal_weight=1349.28 754.681 199.004 96.8884 555.677 13.6635 594.597 102.116 73.2812 58.3115 37.3959 26.26 8.21181
internal_count=35000 32597 5172 4064 27425 348 2403 1108 1014 990 450 213 146
is_linear=0
shrinkage=0.05


Tree=52
num_leaves=14
num_cat=0
split_feature=32 2 24 46 46 64 60 0 64 0 0 2 50
split_gain=1013.05 104.932 66.6898 43.9317 13.8323 11.5471 11.5402 10.995 18.4287 31.2052 25.4411 8.13909 14.8972
threshold=1.0000000180025095e-35 2354.7012975087505 1.0000000180025095e-35 3.5000000000000004 1.5000000000000002 1.5000000000000002 42.500000000000007 2827.0000000000005 1.5000000000000002 198011.00000000003 200003.00000000003 3208.9141890262508 1.0000000180025095e-35
decision_type=2 2 2 2 2 2 2 2 2 2 2 2 2
left_child=1 2 3 -1 -3 11 -6 -4 9 -9 -11 -2 -13
right_child=5 4 7 -5 6 -7 -8 8 -10 10 -12 12 -14
leaf_value=-0.050792925601553553 0.033572392219532454 -0.051824000284352162 0.046994469458634142 0.045004779506989473 -0.040153115055732484 0.0516160688165644 0.041823224540560325 -0.050466790229973052 0.0567588925381627 0.047758177831712649 -0.042840241842301438 0.034252301708006604 -0.078695146150095763
leaf_weight=80.103785261511803 17.600768715143207 516.62124638259411 27.621571935713291 12.417362898588179 6.7570660226047021 541.79071613773704 6.4221004247665405 20.073324143886566 14.461932092905043 27.007227379828691 8.8304390870034677 4.3619424402713767 3.6255509480834007
leaf_count=4021 67 27077 94 43 335 2190 13 540 24 93 357 18 128
internal_value=0.000184178 -0.0391298 -0.00720797 -0.0372556 -0.0505385 0.0500573 4.05765e-05 0.0213391 0.0102489 -0.00332607 0.0243502 0.0157042 -0.0225074
internal_weight=1287.7 720.316 190.516 92.5211 529.8 567.379 13.1792 97.9945 70.3729 55.911 35.8377 25.5883 7.98749
internal_count=35000 32597 5172 4064 27425 2403 348 1108 1014 990 450 213 146
is_linear=0
shrinkage=0.05


Tree=53
num_leaves=15
num_cat=0
split_feature=32 2 24 46 46 64 60 0 2 2 2 0 0 64
split_gain=960.447 100.159 63.1826 41.856 13.2938 11.5007 10.9837 10.4262 17.4476 7.68933 14.184 5.77628 8.77513 5.72352
threshold=1.0000000180025095e-35 2354.7012975087505 1.0000000180025095e-35 3.5000000000000004 1.5000000000000002 1.5000000000000002 42.500000000000007 2827.0000000000005 385.72462830708338 3208.9141890262508 3672.6891961486117 198011.00000000003 200003.00000000003 1.5000000000000002
decision_type=2 2 2 2 2 2 2 2 2 2 2 2 2 2
left_child=1 2 3 -1 -3 9 -6 -4 11 -2 -11 -9 -13 -10
right_child=5 4 7 -5 6 -7 -8 8 13 10 -12 12 -14 -15
leaf_value=-0.050636025992029002 0.032794414645683452 -0.051721879058459513 0.046676324017358918 0.044658766476018359 -0.039748422425831563 0.051506375278561514 0.041329334357740055 -0.040803129844606774 0.015717513410467576 0.034063014327404925 -0.077075564846203537 0.037461006207187682 -0.034454486716477946 0.05615707892958105
leaf_weight=76.433295516297221 17.175767906010154 492.37500097975135 26.462344534695148 11.916096270084379 6.5111764650791866 516.44131867215037 6.2033622562885284 13.695846930146219 28.367071883752942 4.2108191996812812 3.5740071125328541 6.9341403320431692 6.0933576766401529 12.491376698017119
leaf_count=4021 67 27077 94 43 335 2190 13 358 361 12 134 26 248 21
internal_value=0.000186436 -0.038992 -0.00713192 -0.0370791 -0.0504236 0.0498965 4.98598e-05 0.0211881 0.0101532 0.015237 -0.0222856 -0.0203531 0.00371515 0.0301245
internal_weight=1228.88 687.483 182.394 88.3494 505.09 541.402 12.7145 94.0441 67.5818 24.9606 7.78483 26.7233 13.0275 40.8584
internal_count=35000 32597 5172 4064 27425 2403 348 1108 1014 213 146 632 274 382
is_linear=0
shrinkage=0.05


Tree=54
num_leaves=14
num_cat=0
split_feature=32 2 24 46 46 64 60 0 64 0 0 2 50
split_gain=909.731 96.4623 59.6968 39.8873 12.7808 11.4579 10.4569 10.0515 16.6502 28.7977 23.7008 7.26093 13.482
threshold=1.0000000180025095e-35 2354.7012975087505 1.0000000180025095e-35 3.5000000000000004 1.5000000000000002 1.5000000000000002 42.500000000000007 2827.0000000000005 1.5000000000000002 198011.00000000003 200003.00000000003 3208.9141890262508 1.0000000180025095e-35
decision_type=2 2 2 2 2 2 2 2 2 2 2 2 2
left_child=1 2 3 -1 -3 11 -6 -4 9 -9 -11 -2 -13
right_child=5 4 7 -5 6 -7 -8 8 -10 10 -12 12 -14
leaf_value=-0.05048163635644503 0.032016945818628281 -0.051624376692812529 0.046356423570679602 0.044311356060762558 -0.03934342521226273 0.051401000555208833 0.040840605614953396 -0.049869097286945496 0.055253925294890018 0.047341522900080479 -0.042281926280250397 0.033417250025552479 -0.07587632000354913
leaf_weight=72.92834522202611 16.772154606878761 469.22757328674197 25.354579150676727 11.436875164508818 6.275856535881756 492.23991442471743 5.9929961264133453 18.941527988761663 13.609126180410383 25.348076846450567 8.3576051294803602 4.1115074157714835 3.4791589956730604
leaf_count=4021 67 27077 94 43 335 2190 13 540 24 93 357 18 128
internal_value=0.000190298 -0.0387736 -0.00699053 -0.0369026 -0.0503127 0.0497374 5.87475e-05 0.0207556 0.00988759 -0.00343247 0.0239951 0.0147753 -0.0220536
internal_weight=1174.08 657.473 175.976 84.3652 481.496 516.603 12.2689 91.6109 66.2563 52.6472 33.7057 24.3628 7.59067
internal_count=35000 32597 5172 4064 27425 2403 348 1108 1014 990 450 213 146
is_linear=0
shrinkage=0.05


Tree=55
num_leaves=14
num_cat=0
split_feature=32 2 24 46 46 64 60 0 64 0 0 50 2
split_gain=862.537 92.1103 56.5614 38.0194 12.2921 11.4296 9.95787 9.52996 15.7375 27.244 22.5584 7.02334 21.8797
threshold=1.0000000180025095e-35 2354.7012975087505 1.0000000180025095e-35 3.5000000000000004 1.5000000000000002 1.5000000000000002 42.500000000000007 2827.0000000000005 1.5000000000000002 198011.00000000003 200003.00000000003 1.0000000180025095e-35 645.25061851555563
decision_type=2 2 2 2 2 2 2 2 2 2 2 2 2
left_child=1 2 3 -1 -3 11 -6 -4 9 -9 -11 -2 -13
right_child=5 4 7 -5 6 -7 -8 8 -10 10 -12 12 -14
leaf_value=-0.05032936190943052 0.040110069377359815 -0.051531193055814398 0.046034338875047751 0.043962324105163993 -0.038938160687425304 0.051299622287422013 0.040356738634320807 -0.049464171686221706 0.054516719243365375 0.047052895653663995 -0.041884454391605395 0.034962425956467112 -0.083629894027529572
leaf_weight=69.582107238471508 11.142164761200547 447.1333596073091 24.296185780316591 10.978786259889601 6.0506527908146364 469.13896379619837 5.7907281517982483 18.1774932295084 13.142406612634657 24.268002171069384 8.0420596655458194 8.4183282703161222 4.2430956084281215
leaf_count=4021 40 27077 94 43 335 2190 13 540 24 93 357 31 142
internal_value=0.000192739 -0.0386397 -0.00691399 -0.0367257 -0.0502055 0.0495785 6.72453e-05 0.0206098 0.00979478 -0.00348051 0.023765 0.0143109 -0.010767
internal_weight=1120.4 627.462 168.487 80.5609 458.975 492.943 11.8414 87.9261 63.63 50.4876 32.3101 23.8036 12.6614
internal_count=35000 32597 5172 4064 27425 2403 348 1108 1014 990 450 213 173
is_linear=0
shrinkage=0.05


Tree=56
num_leaves=14
num_cat=0
split_feature=32 2 24 46 46 64 60 0 64 0 0 50 2
split_gain=817.967 87.9731 53.5922 36.2469 11.8262 11.2629 9.48519 9.03477 14.8816 25.7769 21.4748 6.7039 20.7074
threshold=1.0000000180025095e-35 2354.7012975087505 1.0000000180025095e-35 3.5000000000000004 1.5000000000000002 1.5000000000000002 42.500000000000007 2827.0000000000005 1.5000000000000002 198011.00000000003 200003.00000000003 1.0000000180025095e-35 645.25061851555563
decision_type=2 2 2 2 2 2 2 2 2 2 2 2 2
left_child=1 2 3 -1 -3 11 -6 -4 9 -9 -11 -2 -13
right_child=5 4 7 -5 6 -7 -8 8 -10 10 -12 12 -14
leaf_value=-0.050178829486638904 0.039537536968760612 -0.051442026769135542 0.045709677369675711 0.043611470657984069 -0.038532687991436491 0.051201954411207541 0.039877482486221416 -0.049064330992822036 0.053797562590401894 0.046762664943970501 -0.041486547674113215 0.034277498793141535 -0.082152659666842542
leaf_weight=66.387982174754143 10.776618484407663 426.04846104979515 23.285143066197634 10.540946960449217 5.8351274728775007 447.09232924878597 5.5962849855422974 17.444227730855346 12.690409705042837 23.236229931935672 7.7400810793042174 8.2027047500014287 4.1419961042702207
leaf_count=4021 40 27077 94 43 335 2190 13 540 24 93 357 31 142
internal_value=0.000195545 -0.0385071 -0.00683669 -0.0365481 -0.0501017 0.0494367 7.53606e-05 0.020465 0.0097023 -0.00353005 0.023533 0.0139442 -0.0107955
internal_weight=1069.02 598.805 161.325 76.9289 437.48 470.214 11.4314 84.3961 61.1109 48.4205 30.9763 23.1213 12.3447
internal_count=35000 32597 5172 4064 27425 2403 348 1108 1014 990 450 213 173
is_linear=0
shrinkage=0.05


Tree=57
num_leaves=15
num_cat=0
split_feature=32 2 24 46 46 64 60 0 2 50 2 64 0 0
split_gain=775.715 84.0392 50.7799 34.5645 11.3819 11.1096 9.03735 8.56455 14.0993 6.39868 19.5835 4.4955 12.7416 4.43169
threshold=1.0000000180025095e-35 2354.7012975087505 1.0000000180025095e-35 3.5000000000000004 1.5000000000000002 1.5000000000000002 42.500000000000007 2827.0000000000005 385.72462830708338 1.0000000180025095e-35 645.25061851555563 1.5000000000000002 198011.00000000003 198011.00000000003
decision_type=2 2 2 2 2 2 2 2 2 2 2 2 2 2
left_child=1 2 3 -1 -3 9 -6 -4 13 -2 -11 12 -10 -9
right_child=5 4 7 -5 6 -7 -8 8 11 10 -12 -13 -14 -15
leaf_value=-0.05002967073725411 0.038961123814977752 -0.051356596950532143 0.04538207149979729 0.043258637845724375 -0.03812708683224833 0.05110770078912278 0.039402618362195024 -0.038949801984395155 -0.040466970613070197 0.033592449955797861 -0.080613418052840266 0.053025620429527479 0.03434889521671948 0.0029615967444566586
leaf_weight=63.339574309997261 10.42773893289268 405.93023528903723 22.31948458775878 10.122501760721205 5.6288590878248197 426.05553615838289 5.4093963801860809 11.772276585921647 5.958501877263191 7.9975287988781929 4.0505779609084129 10.923232406377791 18.890345046296716 11.15109773352742
leaf_count=4021 40 27077 94 43 335 2190 13 358 184 31 142 21 177 274
internal_value=0.000198471 -0.0383757 -0.00675856 -0.0363695 -0.050001 0.0492956 8.30974e-05 0.0203211 0.00961006 0.0135759 -0.010814 0.0286128 0.0147308 -0.0199603
internal_weight=1019.98 571.446 154.477 73.4621 416.968 448.531 11.0383 81.0149 58.6955 22.4758 12.0481 35.7721 24.8488 22.9234
internal_count=35000 32597 5172 4064 27425 2403 348 1108 1014 213 173 382 361 632
is_linear=0
shrinkage=0.05


Tree=58
num_leaves=10
num_cat=0
split_feature=75 46 0 2 8 64 0 0 2
split_gain=735.432 105.631 72.6408 15.6878 26.9881 11.7371 17.5547 18.1931 1.90675
threshold=1.5000000000000002 2.5000000000000004 2827.0000000000005 2354.7012975087505 1.0000000180025095e-35 1.5000000000000002 198011.00000000003 200003.00000000003 12219.815436744584
decision_type=2 2 2 2 2 2 2 2 2
left_child=1 2 -1 4 5 6 -4 -8 -2
right_child=8 -3 3 -5 -6 -7 7 -9 -10
leaf_value=0.043490670133315007 0.050635796070651787 0.048570352755367585 -0.048351401630783601 -0.051542019198681815 -0.050315474478433611 0.052265396804849644 0.044576850370234809 -0.041222988087497713 0.021556374128936694
leaf_weight=21.782089591026306 409.32005579117686 31.943850085139275 16.191445978358388 393.49349067825824 61.1618363969028 6.8204744011163703 16.051698748022321 7.5445126052945843 9.8683399558067304
leaf_count=121 2167 156 540 27476 4031 8 69 357 75
internal_value=0.000201222 -0.0374997 -0.0429212 -0.0468341 -0.0290185 -0.00015104 -0.0112078 0.0160662 0.0500568
internal_weight=974.178 554.989 523.046 501.263 107.77 46.6081 39.7877 23.5962 419.188
internal_count=35000 32758 32602 32481 5005 974 966 426 2242
is_linear=0
shrinkage=0.05


Tree=59
num_leaves=11
num_cat=0
split_feature=75 46 0 2 8 64 0 0 64 2
split_gain=697.498 100.408 69.1433 15.0962 25.7635 11.1124 16.6114 17.3088 2.01925 1.95288
threshold=1.5000000000000002 2.5000000000000004 2827.0000000000005 2354.7012975087505 1.0000000180025095e-35 1.5000000000000002 198011.00000000003 200003.00000000003 1.5000000000000002 3055.7073611111114
decision_type=2 2 2 2 2 2 2 2 2 2
left_child=1 2 -1 4 5 6 -4 -8 9 -2
right_child=8 -3 3 -5 -6 -7 7 -9 -10 -11
leaf_value=0.043047886255716983 0.039741447282435872 0.048365668832106849 -0.047962425617124632 -0.05146993949729381 -0.050179215781494084 0.051305837874045558 0.044235673245153692 -0.040824024128947395 0.050960046066219379 0.0074565656112591458
leaf_weight=20.94761526491493 16.29549174010754 30.519560307264328 15.539368709549306 374.81629827525467 58.338254911825061 6.642564892768859 15.398707468062641 7.2639984376728526 375.96064818091691 7.7575176283717147
leaf_count=121 67 156 540 27476 4031 8 69 357 2106 69
internal_value=0.000206779 -0.0373836 -0.0428009 -0.0467268 -0.0288459 -0.000135913 -0.011188 0.0158721 0.0499006 0.0307007
internal_weight=929.48 529.466 498.947 477.999 103.183 44.8446 38.2021 22.6627 400.014 24.053
internal_count=35000 32758 32602 32481 5005 974 966 426 2242 136
is_linear=0
shrinkage=0.05


Tree=60
num_leaves=11
num_cat=0
split_feature=75 46 0 2 8 64 0 0 64 2
split_gain=661.641 95.4541 65.8257 14.5286 24.5961 10.5277 15.7204 16.4698 2.16933 1.89483
threshold=1.5000000000000002 2.5000000000000004 2827.0000000000005 2354.7012975087505 1.0000000180025095e-35 1.5000000000000002 198011.00000000003 200003.00000000003 1.5000000000000002 3055.7073611111114
decision_type=2 2 2 2 2 2 2 2 2 2
left_child=1 2 -1 4 5 6 -4 -8 9 -2
right_child=8 -3 3 -5 -6 -7 7 -9 -10 -11
leaf_value=0.042595127112958424 0.039129149453353149 0.048159775782739597 -0.047576231795432009 -0.051400953296690859 -0.050043860314403749 0.050384419831535 0.043891181659033884 -0.040424472117949986 0.050871995160400918 0.0071899624580098733
leaf_weight=20.15322214178741 15.76773536577821 29.160451307892799 14.914310136809943 357.00536264386028 55.644674502313137 6.4668844342231742 14.775100342929365 6.9955886956304303 358.23164400458336 7.7180916545912615
leaf_count=121 67 156 540 27476 4031 8 69 357 2106 69
internal_value=0.000215618 -0.037268 -0.0426815 -0.0466216 -0.028674 -0.000121435 -0.0111692 0.0156763 0.0497523 0.030021
internal_weight=886.833 505.116 475.955 455.802 98.7966 43.1519 36.685 21.7707 381.717 23.4858
internal_count=35000 32758 32602 32481 5005 974 966 426 2242 136
is_linear=0
shrinkage=0.05


Tree=61
num_leaves=11
num_cat=0
split_feature=75 46 0 2 8 64 0 0 64 2
split_gain=627.628 90.7543 62.6782 13.984 23.4832 9.97998 14.8788 15.6739 2.31981 1.83618
threshold=1.5000000000000002 2.5000000000000004 2827.0000000000005 2354.7012975087505 1.0000000180025095e-35 1.5000000000000002 198011.00000000003 200003.00000000003 1.5000000000000002 3055.7073611111114
decision_type=2 2 2 2 2 2 2 2 2 2
left_child=1 2 -1 4 5 6 -4 -8 9 -2
right_child=8 -3 3 -5 -6 -7 7 -9 -10 -11
leaf_value=0.042132047289535957 0.038508924018101388 0.047952339084407603 -0.047192314608416053 -0.051334831994807421 -0.049909067167431015 0.049498184817882068 0.043543179157583385 -0.04002432320619554 0.050786411203674046 0.0069320993117031734
leaf_weight=19.397207040339708 15.265645235776903 27.86371012032032 14.315312616527079 340.02289788331836 53.07549487054348 6.2937493473291388 14.179611224681141 6.7387688141316167 341.32358724996448 7.6803086064755908
leaf_count=121 67 156 540 27476 4031 8 69 357 2106 69
internal_value=0.00022468 -0.0371525 -0.0425628 -0.0465184 -0.0285028 -0.000107597 -0.0111514 0.0154788 0.0496032 0.0293429
internal_weight=846.156 481.887 454.023 434.626 94.6029 41.5274 35.2337 20.9184 364.27 22.946
internal_count=35000 32758 32602 32481 5005 974 966 426 2242 136
is_linear=0
shrinkage=0.05


Tree=62
num_leaves=10
num_cat=0
split_feature=75 46 0 2 8 64 0 0 74
split_gain=595.359 86.2952 59.6916 13.4617 22.4221 9.46639 14.0836 14.9185 5.85569
threshold=1.5000000000000002 2.5000000000000004 2827.0000000000005 2354.7012975087505 1.0000000180025095e-35 1.5000000000000002 198011.00000000003 200003.00000000003 1.0000000180025095e-35
decision_type=2 2 2 2 2 2 2 2 2
left_child=1 2 -1 4 5 6 -4 -8 -2
right_child=8 -3 3 -5 -6 -7 7 -9 -10
leaf_value=0.041658351494035017 0.00092291685742234273 0.047743024395663865 -0.046810209456520702 -0.051271352112713289 -0.049774502579985183 0.048644434184476941 0.043191500711882304 -0.039623587516771003 0.050321473471362788
leaf_weight=18.677929855883121 6.1825889805331817 26.626628801226616 13.741432238370178 323.83257755916566 50.625317880883813 6.1234339326620093 13.611019546166064 6.4930432122200719 341.45014868304133
leaf_count=121 43 156 540 27476 4031 8 69 357 2199
internal_value=0.000233965 -0.0370369 -0.0424446 -0.0464169 -0.0283318 -9.43882e-05 -0.0111345 0.0152795 0.0494532
internal_weight=807.364 459.731 433.105 414.427 90.5942 39.9689 33.8455 20.1041 347.633
internal_count=35000 32758 32602 32481 5005 974 966 426 2242
is_linear=0
shrinkage=0.05


Tree=63
num_leaves=10
num_cat=0
split_feature=75 46 0 2 8 64 0 0 74
split_gain=564.591 82.0637 56.8574 12.9607 21.4103 8.98443 13.3322 14.2016 5.82826
threshold=1.5000000000000002 2.5000000000000004 2827.0000000000005 2354.7012975087505 1.0000000180025095e-35 1.5000000000000002 198011.00000000003 200003.00000000003 1.0000000180025095e-35
decision_type=2 2 2 2 2 2 2 2 2
left_child=1 2 -1 4 5 6 -4 -8 -2
right_child=8 -3 3 -5 -6 -7 7 -9 -10
leaf_value=0.041173808075136625 0.00088854894362231859 0.047531527930920914 -0.046429485628786099 -0.051210291802037171 -0.049639853611521997 0.047820704762624955 0.042836003877744236 -0.039222302959072225 0.050199205650533353
leaf_weight=17.99380112811923 6.1781114144250742 25.44659486413002 13.191742960363625 308.39945359993726 48.288940318860114 5.9561721682548514 13.068148428574206 6.2579336557537308 325.57350822165608
leaf_count=121 43 156 540 27476 4031 8 69 357 2199
internal_value=0.000237848 -0.036921 -0.0423264 -0.0463168 -0.0281609 -8.18047e-05 -0.0111183 0.0150784 0.0492917
internal_weight=770.354 438.603 413.156 395.162 86.7629 38.474 32.5178 19.3261 331.752
internal_count=35000 32758 32602 32481 5005 974 966 426 2242
is_linear=0
shrinkage=0.05


Tree=64
num_leaves=11
num_cat=0
split_feature=75 46 0 2 8 64 0 0 74 64
split_gain=535.391 78.0478 54.1675 12.4802 20.4454 8.53179 12.622 13.5212 5.80016 0.0426865
threshold=1.5000000000000002 2.5000000000000004 2827.0000000000005 2354.7012975087505 1.0000000180025095e-35 1.5000000000000002 198011.00000000003 200003.00000000003 1.0000000180025095e-35 1.5000000000000002
decision_type=2 2 2 2 2 2 2 2 2 2
left_child=1 2 -1 4 5 6 -4 -8 -2 -10
right_child=8 -3 3 -5 -6 -7 7 -9 9 -11
leaf_value=0.040678243008949129 0.000855450394171519 0.047317547484210742 -0.046049744102616301 -0.051151445401297492 -0.049504794705985455 0.047024769034071358 0.042476576913410662 -0.038820527222671243 0.032991835501854 0.050722674060761822
leaf_weight=17.343293027952313 6.1738037616014472 24.321096584200859 12.665339139290156 293.68986317887902 46.061365525238216 5.7921601533889762 12.54986454267055 6.0329788103699675 15.122740206308661 295.3221293836832
leaf_count=121 43 156 540 27476 4031 8 69 357 95 2104
internal_value=0.000241792 -0.0368045 -0.0422081 -0.0462179 -0.02799 -6.9841e-05 -0.0111029 0.0148757 0.0491273 0.0500757
internal_weight=735.075 418.456 394.135 376.792 83.1017 37.0403 31.2482 18.5828 316.619 310.445
internal_count=35000 32758 32602 32481 5005 974 966 426 2242 2199
is_linear=0
shrinkage=0.05


Tree=65
num_leaves=11
num_cat=0
split_feature=75 46 0 2 8 64 0 0 74 64
split_gain=507.796 74.2358 51.6141 12.0193 19.5251 8.10639 11.9507 12.8752 5.77345 0.157417
threshold=1.5000000000000002 2.5000000000000004 2827.0000000000005 2354.7012975087505 1.0000000180025095e-35 1.5000000000000002 198011.00000000003 200003.00000000003 1.0000000180025095e-35 1.5000000000000002
decision_type=2 2 2 2 2 2 2 2 2 2
left_child=1 2 -1 4 5 6 -4 -8 -2 -10
right_child=8 -3 3 -5 -6 -7 7 -9 9 -11
leaf_value=0.040171545928302847 0.00082357035595003218 0.047100800946821592 -0.045670626608570436 -0.051094614093642354 -0.049369016302789309 0.046254584554373951 0.042113132382669109 -0.038418336068988868 0.032256692594986619 0.050653442971544088
leaf_weight=16.724928170442581 6.1696597104892126 23.247720196843147 12.161333762109281 279.67152286693454 43.937781241722405 5.6315621882677069 12.055078878067436 5.8177353069186202 14.749204649589954 281.29608035087585
leaf_count=121 43 156 540 27476 4031 8 69 357 95 2104
internal_value=0.000250642 -0.0366871 -0.0420894 -0.04612 -0.0278187 -5.84944e-05 -0.0110881 0.0146712 0.0489684 0.0499595
internal_weight=701.463 399.248 376 359.275 79.6035 35.6657 30.0341 17.8728 302.215 296.045
internal_count=35000 32758 32602 32481 5005 974 966 426 2242 2199
is_linear=0
shrinkage=0.05


Tree=66
num_leaves=11
num_cat=0
split_feature=75 46 0 2 8 64 0 0 74 64
split_gain=481.606 70.617 49.19 11.5773 18.6474 7.70628 11.3161 12.262 5.74615 0.27388
threshold=1.5000000000000002 2.5000000000000004 2827.0000000000005 2354.7012975087505 1.0000000180025095e-35 1.5000000000000002 198011.00000000003 200003.00000000003 1.0000000180025095e-35 1.5000000000000002
decision_type=2 2 2 2 2 2 2 2 2 2
left_child=1 2 -1 4 5 6 -4 -8 -2 -10
right_child=8 -3 3 -5 -6 -7 7 -9 9 -11
leaf_value=0.039653671650011886 0.00079287060776505507 0.046881017481538848 -0.045291806496538856 -0.051039603870939136 -0.049232209590969293 0.045508311451858102 0.041745620599991179 -0.038015824999625136 0.031520047408986313 0.050586032818725785
leaf_weight=16.137285351753235 6.165672428905963 22.2241420596838 11.678861104883255 266.31340771540999 41.913568150252104 5.4745089560747138 11.582741989754142 5.6117754420265546 14.395056920126079 267.92731596529484
leaf_count=121 43 156 540 27476 4031 8 69 357 95 2104
internal_value=0.000259677 -0.0365686 -0.04197 -0.0460228 -0.027647 -4.77601e-05 -0.0110739 0.0144652 0.0488068 0.0498425
internal_weight=669.424 380.936 358.712 342.575 76.2615 34.3479 28.8734 17.1945 288.488 282.322
internal_count=35000 32758 32602 32481 5005 974 966 426 2242 2199
is_linear=0
shrinkage=0.05


Tree=67
num_leaves=14
num_cat=0
split_feature=75 46 0 2 8 2 74 0 0 64 0 2 64
split_gain=456.746 67.1811 46.8885 11.1533 17.8101 7.34582 5.71821 2.55125 3.83934 2.54406 5.62568 0.462625 0.391883
threshold=1.5000000000000002 2.5000000000000004 2827.0000000000005 2354.7012975087505 1.0000000180025095e-35 398.31786708000004 1.0000000180025095e-35 198011.00000000003 200003.00000000003 1.5000000000000002 198011.00000000003 860.55458333333343 1.5000000000000002
decision_type=2 2 2 2 2 2 2 2 2 2 2 2 2
left_child=1 2 -1 4 5 7 -2 -4 -9 10 -7 -12 -8
right_child=6 -3 3 -5 -6 9 12 8 -10 -11 11 -13 -14
leaf_value=0.039124642324878833 0.00076330496411417307 0.046657943528498731 -0.041771195634154094 -0.050986233609876655 -0.049094071361186209 -0.03455461483193191 0.030782814464732307 0.028036729879613888 -0.029910254080744825 0.044562417408403603 0.032088217188407632 0.0046870430215990889 0.050520273027727082
leaf_weight=15.578992433845995 6.1618362665176383 21.248130887746811 7.3947744481265527 253.58570259809494 39.984286856837571 3.8223045803606537 14.059356833808122 3.5807078313082457 3.8684240048751235 5.09458103775978 6.4944386519491655 2.829489890486002 255.18629169464111
leaf_count=121 43 156 364 27476 4031 176 95 23 254 7 72 78 2104
internal_value=0.000268897 -0.0364488 -0.0418497 -0.0459262 -0.0274747 -3.76405e-05 0.0486422 -0.0244297 -0.00201725 0.0202646 0.00620748 0.0260693 0.0497242
internal_weight=638.889 363.482 342.234 326.655 73.069 33.0847 275.407 14.8439 7.44913 18.2408 13.1462 9.32393 269.246
internal_count=35000 32758 32602 32481 5005 974 2242 641 277 333 326 150 2199
is_linear=0
shrinkage=0.05


Tree=68
num_leaves=11
num_cat=0
split_feature=75 46 0 2 8 64 0 0 74 64
split_gain=432.975 63.8631 44.6559 10.9253 17.1077 6.98733 10.2224 11.3961 5.68956 0.511222
threshold=1.5000000000000002 2.5000000000000004 2827.0000000000005 2354.7012975087505 1.0000000180025095e-35 1.5000000000000002 198011.00000000003 200003.00000000003 1.0000000180025095e-35 1.5000000000000002
decision_type=2 2 2 2 2 2 2 2 2 2
left_child=1 2 -1 4 5 6 -4 -8 -2 -10
right_child=8 -3 3 -5 -6 -7 7 -9 9 -11
leaf_value=0.038584548045858043 0.00073483207671325677 0.046431340255115965 -0.044580614249055323 -0.050934318589796315 -0.048954303282433637 0.044104982298755244 0.041132450880831811 -0.037451594169335571 0.030045925862060886 0.050455983611298633
leaf_weight=15.048731904476879 6.1581458458676925 20.317545533180237 10.829690421931447 241.45984632521868 38.145678977482021 5.1878104656934729 10.852191597223284 5.3361586909741154 13.741199949756263 243.04472050070763
leaf_count=121 43 156 540 27476 4031 8 69 357 95 2104
internal_value=0.000277994 -0.0362932 -0.0416864 -0.0457817 -0.0271777 -3.05774e-05 -0.0109609 0.013959 0.0484741 0.0496044
internal_weight=610.122 347.178 326.86 311.811 70.3515 32.2059 27.018 16.1884 262.944 256.786
internal_count=35000 32758 32602 32481 5005 974 966 426 2242 2199
is_linear=0
shrinkage=0.05


Tree=69
num_leaves=14
num_cat=0
split_feature=75 46 0 2 8 2 74 64 0 0 0 64 2
split_gain=410.58 60.7675 42.5825 10.5274 16.3398 6.68053 5.66012 2.26968 5.04945 2.26573 3.4463 0.631676 0.42127
threshold=1.5000000000000002 2.5000000000000004 2827.0000000000005 2354.7012975087505 1.0000000180025095e-35 398.31786708000004 1.0000000180025095e-35 1.5000000000000002 198011.00000000003 198011.00000000003 200003.00000000003 1.5000000000000002 860.55458333333343
decision_type=2 2 2 2 2 2 2 2 2 2 2 2 2
left_child=1 2 -1 4 5 9 -2 8 -7 -4 -11 -8 -10
right_child=6 -3 3 -5 -6 7 11 -9 12 10 -12 -13 -14
leaf_value=0.038033545437220789 0.00070741382731468849 0.046200979241112279 -0.040886638726599138 -0.050883695603410578 -0.048812609272201886 -0.033571383629996003 0.029310333528309435 0.043149569949659565 0.031117263931260682 0.026995482404032003 -0.029040738034032277 0.050392999945385555 0.0044188799710025871
leaf_weight=14.545234045013784 6.1545948060229412 19.430330097675323 6.846424428746106 229.90843806415796 36.393653091974556 3.5580641888082054 13.439713199622927 4.8177011758089057 6.092944532632826 3.3520300481468439 3.6404295936226845 231.47542431950569 2.7235551495105028
leaf_count=121 43 156 364 27476 4031 176 95 7 72 23 254 2104 78
internal_value=0.00028754 -0.0361701 -0.0415636 -0.0456855 -0.0270051 -2.21028e-05 0.0483023 0.0198149 0.00599053 -0.0240561 -0.00214865 0.0494829 0.0252118
internal_weight=582.379 331.309 311.878 297.333 67.4248 31.0311 251.07 17.1923 12.3746 13.8389 6.99246 244.915 8.8165
internal_count=35000 32758 32602 32481 5005 974 2242 333 326 641 277 2199 150
is_linear=0
shrinkage=0.05


Tree=70
num_leaves=11
num_cat=0
split_feature=75 46 0 2 8 64 0 0 74 64
split_gain=389.156 57.7743 40.5675 10.3182 15.6966 6.34895 9.24095 10.6019 5.62984 0.753015
threshold=1.5000000000000002 2.5000000000000004 2827.0000000000005 2354.7012975087505 1.0000000180025095e-35 1.5000000000000002 198011.00000000003 200003.00000000003 1.0000000180025095e-35 1.5000000000000002
decision_type=2 2 2 2 2 2 2 2 2 2
left_child=1 2 -1 4 5 6 -4 -8 -2 -10
right_child=8 -3 3 -5 -6 -7 7 -9 9 -11
leaf_value=0.037471875038318878 0.00068100974147906456 0.045966648474610627 -0.043870561097917059 -0.050834181889499043 -0.048668699412302806 0.042782991337010953 0.040513700693687545 -0.036894326765398 0.028576986220102803 0.050331163614312162
leaf_weight=14.067274281755088 6.1511783152818671 18.584513589739799 10.050622489303356 218.90523216314614 34.724292375147343 4.9143917858600608 10.180922685191033 5.080029626376926 13.154059253633021 220.45236324518919
leaf_count=121 43 156 540 27476 4031 8 69 357 95 2104
internal_value=0.000296881 -0.0360091 -0.0413952 -0.0455385 -0.0267048 -1.76217e-05 -0.010852 0.013457 0.0481263 0.0493592
internal_weight=556.265 316.507 297.923 283.855 64.9503 30.226 25.3116 15.261 239.758 233.606
internal_count=35000 32758 32602 32481 5005 974 966 426 2242 2199
is_linear=0
shrinkage=0.05


Tree=71
num_leaves=14
num_cat=0
split_feature=75 46 0 2 8 2 74 64 0 0 0 66 2
split_gain=368.977 54.9841 38.699 9.94443 14.9922 6.08193 5.59866 2.0306 4.53584 2.01144 3.09424 1.22783 0.383055
threshold=1.5000000000000002 2.5000000000000004 2827.0000000000005 2354.7012975087505 1.0000000180025095e-35 398.31786708000004 1.0000000180025095e-35 1.5000000000000002 198011.00000000003 198011.00000000003 200003.00000000003 0.2823055028462999 860.55458333333343
decision_type=2 2 2 2 2 2 2 2 2 2 2 2 2
left_child=1 2 -1 4 5 9 -2 8 -7 -4 -11 -8 -10
right_child=6 -3 3 -5 -6 7 11 -9 12 10 -12 -13 -14
leaf_value=0.036899837478954589 0.0006555868404817725 0.045728155569779716 -0.040002154803883784 -0.050785621023052896 -0.048522282708480378 -0.032600708340345501 0.009202467205260946 0.04181277074735959 0.030152534995777393 0.025965731336805353 -0.028182876439759003 0.049675747787161439 0.0041660261519250227
leaf_weight=13.613677252084015 6.147891227155923 17.778206214308739 6.3436463372781891 208.42507783183828 33.1338368691504 3.3155079195275929 2.9136501438915721 4.5541945099830619 5.7247482314705831 3.1423007529228926 3.4300920991227031 219.9204038027674 2.6230571335181594
leaf_count=121 43 156 364 27476 4031 176 47 7 72 23 254 2152 78
internal_value=0.000306728 -0.0358819 -0.0412689 -0.045442 -0.0265315 -1.078e-05 0.0479458 0.0193737 0.00577394 -0.0236843 -0.00227615 0.0492331 0.0243704
internal_weight=531.066 302.084 284.306 270.692 62.2674 29.1335 228.982 16.2175 11.6633 12.916 6.57239 222.834 8.34781
internal_count=35000 32758 32602 32481 5005 974 2242 333 326 641 277 2199 150
is_linear=0
shrinkage=0.05


Tree=72
num_leaves=11
num_cat=0
split_feature=75 46 0 2 8 64 0 0 74 66
split_gain=349.621 52.2829 36.8797 9.75241 14.4027 5.78076 8.35972 9.8728 5.56617 1.25094
threshold=1.5000000000000002 2.5000000000000004 2827.0000000000005 2354.7012975087505 1.0000000180025095e-35 1.5000000000000002 198011.00000000003 200003.00000000003 1.0000000180025095e-35 0.2823055028462999
decision_type=2 2 2 2 2 2 2 2 2 2
left_child=1 2 -1 4 5 6 -4 -8 -2 -10
right_child=8 -3 3 -5 -6 -7 7 -9 9 -11
leaf_value=0.036317796479580215 0.00063110431444159728 0.045485318400501684 -0.043160457533428689 -0.050737849677062408 -0.048373086867940611 0.04153206682959508 0.039889797923550581 -0.036344160150392699 0.0089507254518419507 0.049569015094553588
leaf_weight=13.183312727138398 6.1447284249588838 17.009597599506378 9.3360122647136503 198.44388042669743 31.618683034554124 4.6546487361192694 9.5637636864557845 4.8417921625077716 2.9023589231073847 209.6381600368768
leaf_count=121 43 156 540 27476 4031 8 69 357 47 2152
internal_value=0.000312557 -0.0357146 -0.0410945 -0.0452916 -0.0262277 -8.85483e-06 -0.0107472 0.0129601 0.047759 0.049103
internal_weight=507.337 288.652 271.642 258.459 60.0149 28.3962 23.7416 14.4056 218.685 212.541
internal_count=35000 32758 32602 32481 5005 974 966 426 2242 2199
is_linear=0
shrinkage=0.05


Tree=73
num_leaves=13
num_cat=0
split_feature=75 46 0 2 8 2 74 64 0 0 0 2
split_gain=331.476 54.5749 35.2524 9.19536 13.9985 5.54297 5.16081 1.82154 4.07791 1.78488 2.77889 0.347838
threshold=2.5000000000000004 2.5000000000000004 2827.0000000000005 2354.7012975087505 1.0000000180025095e-35 398.31786708000004 1.0000000180025095e-35 1.5000000000000002 198011.00000000003 198011.00000000003 200003.00000000003 860.55458333333343
decision_type=2 2 2 2 2 2 2 2 2 2 2 2
left_child=1 2 -1 4 5 9 -2 8 -7 -4 -11 -10
right_child=6 -3 3 -5 -6 7 -8 -9 11 10 -12 -13
leaf_value=0.035726195630820516 0.0017309969439908285 0.04567893505025266 -0.03911756096476926 -0.050699913535179421 -0.048464119176063643 -0.031643731586876091 0.049464939569390715 0.040542547217600026 0.02919640394999954 0.024949688352817582 -0.027338009678704086 0.0039278189776675394
leaf_weight=12.775094378739594 5.9776300722733131 17.869509547948837 5.8827802715823072 189.53296843310818 30.699403198435903 3.0928316302597505 200.19119630474597 4.3043245896697035 5.3868576772511005 2.9498322326689959 3.2359039438888431 2.5276834024116397
leaf_count=121 36 172 364 27504 4037 176 2156 7 72 23 254 78
internal_value=0.000318858 -0.0351823 -0.0410374 -0.0452524 -0.0263792 -3.63433e-06 0.0481109 0.0189404 0.00555819 -0.0233143 -0.00239959 0.0235466
internal_weight=484.426 278.257 260.388 247.613 58.0796 27.3802 206.169 15.3117 11.0074 12.0685 6.18574 7.91454
internal_count=35000 32808 32636 32515 5011 974 2192 333 326 641 277 150
is_linear=0
shrinkage=0.05


Tree=74
num_leaves=13
num_cat=0
split_feature=75 46 0 8 2 64 2 2 2 75 2 2
split_gain=314.215 51.5858 33.3652 8.66069 13.5159 5.27394 4.2203 2.22736 3.31966 1.8733 0.520343 0.0355332
threshold=3.5000000000000004 2.5000000000000004 2827.0000000000005 1.0000000180025095e-35 2354.7012975087505 1.5000000000000002 12219.815436744584 385.72462830708338 1044.4577777777779 2.5000000000000004 504.16204848722231 441.39168420722228
decision_type=2 2 2 2 2 2 2 2 2 2 2 2
left_child=1 2 -1 4 5 7 -2 -4 10 -5 11 -9
right_child=6 -3 3 9 -6 -7 -8 8 -10 -11 -12 -13
leaf_value=0.035125544937655559 0.049331050804255129 0.045440078283343427 -0.024630094341992263 -0.050812901926970022 -0.047619252518242255 0.040343733414649641 -0.00097274766334900023 -0.0023958787867765421 -0.027124948296765119 0.0026749244885088601 0.029043291422888858 0.0050754622765977059
leaf_weight=12.387975810095666 191.16274376772344 17.095376551151276 11.174533734098082 178.04916458018124 31.726740804966539 4.4086947888135901 4.1831962559372178 1.4483452280983313 3.4085403615608811 1.4552452061325301 5.0380072398111224 1.2271218467503784
leaf_count=121 2132 172 625 26660 4882 8 51 53 192 8 64 32
internal_value=0.000323272 -0.0347883 -0.0405841 -0.0447858 -0.026578 -4.23264e-06 0.0482549 -0.0106465 0.00501583 -0.0503546 0.0218793 0.00173615
internal_weight=462.766 267.42 250.324 237.936 58.432 26.7052 195.346 22.2965 11.122 179.504 7.71347 2.67547
internal_count=35000 32817 32645 32524 5856 974 2183 966 341 26668 149 85
is_linear=0
shrinkage=0.05


Tree=75
num_leaves=13
num_cat=0
split_feature=75 46 0 8 2 64 2 2 2 75 2 2
split_gain=297.593 48.9853 31.7629 8.63667 13.0916 4.9956 4.19241 2.05993 3.14455 1.85828 0.496847 0.0341575
threshold=3.5000000000000004 2.5000000000000004 2827.0000000000005 1.0000000180025095e-35 2354.7012975087505 1.5000000000000002 12219.815436744584 385.72462830708338 1044.4577777777779 2.5000000000000004 504.16204848722231 441.39168420722228
decision_type=2 2 2 2 2 2 2 2 2 2 2 2
left_child=1 2 -1 4 5 7 -2 -4 10 -5 11 -9
right_child=6 -3 3 9 -6 -7 -8 8 -10 -11 -12 -13
leaf_value=0.034516415805811766 0.049219298786167001 0.045196530529994505 -0.023816660543365172 -0.050767656263746942 -0.047458200932742278 0.039752915567419514 -0.00093934125698625693 -0.0023457393593150706 -0.026626620439861498 0.002620942616198487 0.028464123964707402 0.0049816739854557741
leaf_weight=12.020953312516211 182.24661913979799 16.357575841248035 11.049932674504822 169.5145061807707 30.285889768972993 4.2834183126687995 4.1864036973565808 1.4480928471311911 3.3379529593512416 1.4522267719730724 4.9270323002710938 1.2254107901826499
leaf_count=121 2132 172 625 26660 4882 8 51 53 192 8 64 32
internal_value=0.000332534 -0.034567 -0.0403428 -0.0445642 -0.026132 7.06801e-05 0.048095 -0.0103294 0.00487073 -0.0502891 0.0213688 0.00170742
internal_weight=442.336 255.903 239.545 227.524 56.5577 26.2718 186.433 21.9884 10.9385 170.967 7.60054 2.6735
internal_count=35000 32817 32645 32524 5856 974 2183 966 341 26668 149 85
is_linear=0
shrinkage=0.05


Tree=76
num_leaves=14
num_cat=0
split_feature=75 46 0 2 8 64 2 75 2 2 2 74 2
split_gain=281.81 46.5141 30.2386 8.62507 12.6234 4.73334 4.16417 1.99932 1.90554 3.07347 0.370123 0.0170895 0.015222
threshold=3.5000000000000004 2.5000000000000004 2827.0000000000005 2354.7012975087505 1.0000000180025095e-35 1.5000000000000002 12219.815436744584 2.5000000000000004 398.31786708000004 1044.4577777777779 504.16204848722231 1.0000000180025095e-35 357.18588912125011
decision_type=2 2 2 2 2 2 2 2 2 2 2 2 2
left_child=1 2 -1 4 5 8 11 -5 12 10 -10 -2 -4
right_child=6 -3 3 7 -6 -7 -8 -9 9 -11 -12 -13 -14
leaf_value=0.033899428323223894 0.022452907958898705 0.044948155577500204 -0.023899510471750093 -0.050560191227608797 -0.048019957267857141 0.039174556016054997 -0.00090709220818334347 0.0043648492699093861 0.0024821067645342462 -0.026132174605341063 0.027886323530385445 0.049589515458739387 -0.0051350876817262761
leaf_weight=11.673063172027467 4.7928483709692946 15.654420308768747 9.8481771713122779 163.71042619412765 26.675148362293839 4.1619423255324355 4.189503386616706 1.3655088432133187 2.3496759179979545 3.2706201346591115 4.8218034002929926 168.96348322555423 1.4084387253969897
leaf_count=121 28 172 577 27504 4038 8 51 8 70 192 64 2104 63
internal_value=0.000342034 -0.0343387 -0.0400939 -0.0443356 -0.0251753 0.00014435 0.0479305 -0.050059 -0.0100161 0.00508745 0.0219192 0.049105 -0.0226806
internal_weight=422.885 244.939 229.285 217.612 52.5358 25.8607 177.946 165.076 21.6987 10.4421 7.17148 173.756 11.2566
internal_count=35000 32817 32645 32524 5012 974 2183 27512 966 326 134 2132 640
is_linear=0
shrinkage=0.05


Tree=77
num_leaves=14
num_cat=0
split_feature=75 46 0 8 2 64 2 75 2 2 2 74 2
split_gain=266.895 44.1689 28.7907 8.61398 12.248 4.49105 4.13616 1.82996 1.76548 2.9108 0.354534 0.0523429 0.0110628
threshold=3.5000000000000004 2.5000000000000004 2827.0000000000005 1.0000000180025095e-35 2354.7012975087505 1.5000000000000002 12219.815436744584 2.5000000000000004 398.31786708000004 1044.4577777777779 504.16204848722231 1.0000000180025095e-35 357.18588912125011
decision_type=2 2 2 2 2 2 2 2 2 2 2 2 2
left_child=1 2 -1 4 5 8 11 -5 12 10 -10 -2 -4
right_child=6 -3 3 7 -6 -7 -8 -9 9 -11 -12 -13 -14
leaf_value=0.033275267112368515 0.021974954507937263 0.044694824704306989 -0.023117302400771186 -0.050678445687620956 -0.047113010626079817 0.038608012480865359 -0.00087595921960536725 0.0025577961287792978 0.0024154575278105164 -0.025641830759019726 0.027310453395393217 0.04950056792513452 -0.0050311082346471137
leaf_weight=11.343380678445099 4.6981637701392165 14.984295211732386 9.7427520472556406 153.73775816801935 27.519127105828375 4.0442082807421675 4.192499089986085 1.4417156847193826 2.3489863974973542 3.2063950188457966 4.7220353558659554 161.00814837031066 1.4070403156802047
leaf_count=121 28 172 577 26660 4882 8 51 8 70 192 64 2104 63
internal_value=0.000356147 -0.0341062 -0.0398402 -0.0441031 -0.0251934 0.000194313 0.0477651 -0.0501576 -0.00973299 0.00493468 0.0213963 0.0489915 -0.0219473
internal_weight=404.397 234.498 219.513 208.17 52.9905 25.4714 169.899 155.179 21.4272 10.2774 7.07102 165.706 11.1498
internal_count=35000 32817 32645 32524 5856 974 2183 26668 966 326 134 2132 640
is_linear=0
shrinkage=0.05


Tree=78
num_leaves=15
num_cat=0
split_feature=75 46 0 2 8 64 2 75 48 2 2 2 74 2
split_gain=252.733 41.9399 27.4126 8.60119 11.7918 4.26245 4.10772 1.96416 1.71058 1.41078 2.40926 0.391063 0.0867794 0.0161478
threshold=3.5000000000000004 2.5000000000000004 2827.0000000000005 2354.7012975087505 1.0000000180025095e-35 1.5000000000000002 12219.815436744584 2.5000000000000004 1.0000000180025095e-35 357.18588912125011 1333.0815012063892 441.39168420722228 1.0000000180025095e-35 233.31236111111113
decision_type=2 2 2 2 2 2 2 2 2 2 2 2 2 2
left_child=1 2 -1 4 5 8 12 -5 9 13 11 -11 -2 -4
right_child=6 -3 3 7 -6 -7 -8 -9 -10 10 -12 -13 -14 -15
leaf_value=0.032644667320904264 0.021503724153324515 0.044436440497681959 -0.019617895685745151 -0.050467497192269374 -0.047663910952552561 0.038052713528622793 -0.00084589905846836698 0.0042482309984155512 -0.0338316722677462 0.0010036565390731907 -0.025244910758932339 0.026487594626483313 0.049409687274525237 -0.0070945337701482066
leaf_weight=11.031017348170279 4.6072215512394896 14.34565509110689 3.5676173297688463 148.46847382374108 24.260043502785265 3.9301506727933875 4.1953945476561776 1.3567299395799626 3.4968756623566142 2.0492734201252443 1.9253314789384592 6.0827207937836647 153.4339521760121 4.0499687613919377
leaf_count=121 28 172 264 27504 4038 8 51 8 177 83 129 102 2104 211
internal_value=0.000370265 -0.0338661 -0.039578 -0.0438624 -0.0242407 0.000243689 0.0475947 -0.0499226 -0.00945347 -0.0016816 0.0098746 0.0215314 0.0488751 -0.0158196
internal_weight=386.8 224.564 210.218 199.187 49.362 25.1019 162.237 149.825 21.1718 17.6749 10.0573 8.13199 158.041 7.61759
internal_count=35000 32817 32645 32524 5012 974 2183 27512 966 789 314 185 2132 475
is_linear=0
shrinkage=0.05


Tree=79
num_leaves=15
num_cat=0
split_feature=75 46 0 8 2 2 64 75 48 2 2 2 74 2
split_gain=239.406 39.8475 26.1217 8.50946 11.3614 4.07879 4.0755 1.80228 1.6293 1.3138 2.29266 0.371204 0.120375 0.0174736
threshold=3.5000000000000004 2.5000000000000004 2827.0000000000005 1.0000000180025095e-35 2354.7012975087505 12219.815436744584 1.5000000000000002 2.5000000000000004 1.0000000180025095e-35 357.18588912125011 1333.0815012063892 441.39168420722228 1.0000000180025095e-35 233.31236111111113
decision_type=2 2 2 2 2 2 2 2 2 2 2 2 2 2
left_child=1 2 -1 4 6 12 8 -5 9 13 11 -11 -2 -4
right_child=5 -3 3 7 -6 -7 -8 -9 -10 10 -12 -13 -14 -15
leaf_value=0.032008405348247844 0.021039324810014349 0.044172911899634189 -0.019128917159110411 -0.050589148008986611 -0.046748914242357928 -0.00081688024781148235 0.037508141109379056 0.0024964672926206873 -0.033398014597504598 0.00097828339848497932 -0.02492084715827942 0.025839887118523946 0.049316628017390327 -0.0068594367980969705
leaf_weight=10.735121618956326 4.5198552533984175 13.737023591995237 3.5280180713161924 139.43712353892624 25.010862552095205 4.1981923524290314 3.8196983486413947 1.4314559595659364 3.3937586536630979 2.0491800997406227 1.8800091119483102 5.976307226344943 146.22311077639461 4.0479365391656756
leaf_count=121 28 172 264 26660 4882 51 8 8 177 83 129 102 2104 211
internal_value=0.000375549 -0.0336438 -0.0393362 -0.0436458 -0.0243385 0.0474189 0.000160698 -0.0500223 -0.00935494 -0.00173783 0.00952291 0.0209534 0.0487554 -0.015375
internal_weight=369.988 215.046 201.309 190.574 49.7058 154.941 24.6949 140.869 20.8752 17.4815 9.9055 8.02549 150.743 7.57595
internal_count=35000 32817 32645 32524 5856 2183 974 26668 966 789 314 185 2132 475
is_linear=0
shrinkage=0.05


Tree=80
num_leaves=15
num_cat=0
split_feature=75 46 0 2 8 2 64 46 48 75 2 2 2 74
split_gain=226.751 37.8588 24.8932 8.41547 10.8569 4.04934 3.898 2.00689 1.55256 1.36599 1.223 2.18208 0.352045 0.153104
threshold=3.5000000000000004 2.5000000000000004 2827.0000000000005 2354.7012975087505 1.0000000180025095e-35 12219.815436744584 1.5000000000000002 1.5000000000000002 1.0000000180025095e-35 2.5000000000000004 357.18588912125011 1333.0815012063892 441.39168420722228 1.0000000180025095e-35
decision_type=2 2 2 2 2 2 2 2 2 2 2 2 2 2
left_child=1 2 -1 4 6 13 8 -5 10 -9 -4 12 -12 -2
right_child=5 -3 3 7 -6 -7 -8 9 -10 -11 11 -13 -14 -15
leaf_value=0.031367293075639756 0.020581856563114464 0.043904160822391097 -0.014940820604173718 -0.050704872661434169 -0.047287850388891182 -0.00078886214572463579 0.036973821914090259 -0.024371773732205313 -0.032968979848473946 0.019987810349696159 0.00095355001609348652 -0.024601585745087015 0.025196658941850077 0.049221140704950442
leaf_weight=10.454876724630592 4.4359067976474753 13.156990453600882 7.5366964517161348 132.90732497884892 22.06955389212817 4.200896266847848 3.712775543332099 1.8634287177119395 3.2945758793503037 1.2326056659221649 2.0490908864885551 1.8362529929727314 5.8760703634470701 139.35862849280238
leaf_count=121 28 172 475 27171 4038 51 8 337 177 4 83 129 102 2104
internal_value=0.000380484 -0.0334148 -0.0390868 -0.0434221 -0.0234849 0.0472375 8.03663e-05 -0.0497814 -0.00925561 -0.00579782 -0.00179045 0.00917694 0.0203837 0.0486321
internal_weight=353.986 205.99 192.833 182.378 46.375 147.995 24.3055 136.003 20.5927 3.09603 17.2981 9.76141 7.92516 143.795
internal_count=35000 32817 32645 32524 5012 2183 974 27512 966 341 789 314 185 2132
is_linear=0
shrinkage=0.05


Tree=81
num_leaves=15
num_cat=0
split_feature=75 46 0 8 2 74 64 46 48 75 2 2 46 2
split_gain=214.731 35.9695 23.7249 8.36236 10.479 4.09405 3.72163 1.77011 1.48631 1.46529 1.12708 2.07722 0.606066 0.333589
threshold=3.5000000000000004 2.5000000000000004 2827.0000000000005 1.0000000180025095e-35 2354.7012975087505 1.0000000180025095e-35 1.5000000000000002 1.5000000000000002 1.0000000180025095e-35 2.5000000000000004 357.18588912125011 1333.0815012063892 1.0000000180025095e-35 441.39168420722228
decision_type=2 2 2 2 2 2 2 2 2 2 2 2 2 2
left_child=1 2 -1 4 6 -2 8 -5 10 -9 -4 13 -7 -12
right_child=5 -3 3 7 -6 12 -8 9 -10 -11 11 -13 -14 -15
leaf_value=0.030722178163011496 0.0018839725782882268 0.043630140361368835 -0.014399733748403499 -0.050859923237410842 -0.046362422558637206 0.018255334655498577 0.036449331548251467 -0.025928070675063777 -0.032544585785748301 0.019745671753530501 0.00092944251763240791 -0.024287108147361458 0.049448135692985867 0.024558672717802189
leaf_weight=10.189499690197406 5.0120530575513831 12.60420687496662 7.5048858337104418 124.57930290349759 22.729170428588986 4.6718062926083794 3.6093022525310507 2.1062591837253413 3.1991689233109346 1.2104234993457796 2.049005560576914 1.7939985143020747 131.69916547834873 5.7816743580624461
leaf_count=121 34 172 475 26275 4882 51 8 389 177 4 83 129 2098 102
internal_value=0.000386123 -0.0331798 -0.038831 -0.0431929 -0.0235353 0.0470501 4.27308e-05 -0.0498929 -0.00910696 -0.00810193 -0.00178479 0.00883686 0.0486588 0.0198227
internal_weight=338.74 197.357 184.753 174.563 46.6672 141.383 23.938 127.896 20.3287 3.31668 17.1296 9.62468 136.371 7.83068
internal_count=35000 32817 32645 32524 5856 2183 974 26668 966 393 789 314 2149 185
is_linear=0
shrinkage=0.05


Tree=82
num_leaves=13
num_cat=0
split_feature=75 2 66 49 46 2 59 0 60 0 0 74
split_gain=203.334 34.4327 19.548 12.3039 9.34251 6.43498 3.71717 5.07526 2.77849 2.04787 9.63007 0.182907
threshold=3.5000000000000004 2468.0744416297225 0.43198113207547179 3.5000000000000004 1.5000000000000002 12368.905353974586 16.500000000000004 200003.00000000003 42.500000000000007 198011.00000000003 2827.0000000000005 1.0000000180025095e-35
decision_type=2 2 2 2 2 2 2 2 2 2 2 2
left_child=1 2 3 6 -3 11 7 9 -6 10 -1 -2
right_child=5 4 -4 -5 8 -7 -8 -9 -10 -11 -12 -13
leaf_value=0.036685204890696946 0.020090023084590125 -0.050654063412246556 -0.046056674269592632 -0.040191179993728836 -0.023738592292810747 -0.019784099564451128 0.045230159844192014 -0.032398561655136798 0.03281906223795724 0.038602799714775926 -0.037310453125972101 0.049049024196114926
leaf_weight=9.0625009806826728 4.3479105532169333 120.84139077761211 16.60093315737322 6.8418350787833324 1.773840651847421 2.5379849709570399 13.197055123746393 3.4508132864721111 3.5783872902393341 8.4398941257968545 5.3552005202509472 128.19368750881404
leaf_count=94 28 27097 3286 998 337 33 148 307 36 69 445 2122
internal_value=0.000391815 -0.0329379 -0.00256944 0.0142679 -0.0478099 0.0468605 0.0251817 0.0126399 0.0127161 0.021499 0.00800382 0.0484118
internal_weight=324.221 189.142 62.9482 46.3473 126.194 135.08 39.5055 26.3084 5.35223 22.8576 14.4177 132.542
internal_count=35000 32817 5347 2061 27470 2183 1063 915 373 608 539 2150
is_linear=0
shrinkage=0.05


Tree=83
num_leaves=13
num_cat=0
split_feature=75 2 66 49 46 2 59 0 60 0 0 74
split_gain=192.82 32.8501 18.5551 11.7063 9.00632 6.29713 3.55079 4.85348 2.67214 1.9462 9.16275 0.213602
threshold=3.5000000000000004 2468.0744416297225 0.43198113207547179 3.5000000000000004 1.5000000000000002 12368.905353974586 16.500000000000004 200003.00000000003 42.500000000000007 198011.00000000003 2827.0000000000005 1.0000000180025095e-35
decision_type=2 2 2 2 2 2 2 2 2 2 2 2
left_child=1 2 3 6 -3 11 7 9 -6 10 -1 -2
right_child=5 4 -4 -5 8 -7 -8 -9 -10 -11 -12 -13
leaf_value=0.036249273361371362 0.019647311263686067 -0.050618021961132048 -0.045832422821902863 -0.039795575594579663 -0.023440566328569772 -0.019085544164891804 0.044907315322244061 -0.032005946061158752 0.032425084058317406 0.038198892485445418 -0.036914324812125393 0.048945846922856695
leaf_weight=8.7450420157983917 4.2706346586346617 115.02907956345007 15.876178263686596 6.5906184464693061 1.7330389141570766 2.5716665145009747 12.655439049005507 3.3456943039782336 3.4678836762905121 8.1316601373255253 5.1682465788908312 122.19637514557689
leaf_count=94 28 27097 3286 998 337 33 148 307 36 69 445 2122
internal_value=0.000380488 -0.0328123 -0.00259511 0.0140894 -0.0477296 0.0466644 0.024945 0.0124427 0.0124695 0.0212896 0.00784809 0.0482777
internal_weight=309.782 180.743 60.5129 44.6367 120.23 129.039 38.0461 25.3906 5.20092 22.0449 13.9133 126.467
internal_count=35000 32817 5347 2061 27470 2183 1063 915 373 608 539 2150
is_linear=0
shrinkage=0.05


Tree=84
num_leaves=11
num_cat=0
split_feature=64 65 24 2 59 0 32 0 0 75
split_gain=183.529 36.7957 29.1849 21.6285 4.96939 3.00208 2.8943 1.84417 4.1194 6.2459
threshold=1.5000000000000002 1.5000000000000002 1.0000000180025095e-35 3513.0215382687506 5.5000000000000009 200003.00000000003 1.0000000180025095e-35 198011.00000000003 2827.0000000000005 4.5000000000000009
decision_type=2 2 2 2 2 2 2 2 2 2
left_child=2 -2 -1 4 5 7 -7 8 -4 -10
right_child=1 -3 3 -5 -6 6 -8 -9 9 -11
leaf_value=-0.051467185311009279 -0.047189219658979334 0.04977360178946056 0.035809894692092226 -0.047212819769733405 -0.0334105631878013 -0.032218718697300024 0.022458776855872713 0.041519117352858487 -0.037411879155911265 0.03273218218991699
leaf_weight=102.55446509155445 9.0374343772418779 126.96421474963427 8.4419769281521457 19.419606417883188 2.9672780446708193 3.4195081684738389 2.5231371987611055 11.631484763696792 5.479117439594118 3.592699758708477
leaf_count=24497 2208 2268 94 4733 170 352 21 93 536 28
internal_value=0.000368832 0.0427398 -0.0357234 -0.00684522 0.0150832 0.0207647 -0.0091941 0.0270714 0.0142043 -0.00873809
internal_weight=296.031 136.002 160.029 57.4748 38.0552 35.0879 5.94265 29.1453 17.5138 9.07182
internal_count=35000 4476 30524 6027 1294 1124 373 751 658 564
is_linear=0
shrinkage=0.05


Tree=85
num_leaves=11
num_cat=0
split_feature=64 65 24 2 59 0 32 0 0 75
split_gain=174.149 35.1959 28.0067 20.5641 4.76325 2.87126 2.77265 1.73423 3.89468 5.9702
threshold=1.5000000000000002 1.5000000000000002 1.0000000180025095e-35 3513.0215382687506 5.5000000000000009 200003.00000000003 1.0000000180025095e-35 198011.00000000003 2827.0000000000005 4.5000000000000009
decision_type=2 2 2 2 2 2 2 2 2 2
left_child=2 -2 -1 4 5 7 -7 8 -4 -10
right_child=1 -3 3 -5 -6 6 -8 -9 9 -11
leaf_value=-0.051431186197919879 -0.046999449310561651 0.049709851675037199 0.035367338227376734 -0.047027090577787943 -0.032959485550036992 -0.031828917857586257 0.022103125008291362 0.041158624259522512 -0.037021576702701897 0.03234201719863769
leaf_weight=97.620780044235289 8.6383980666287226 120.92561196163297 8.1526246070861834 18.551345054525882 2.886909664142876 3.3154566106386474 2.4691075719892979 11.175775911659004 5.2860285989008826 3.4812016412615776
leaf_count=24497 2208 2268 94 4733 170 352 21 93 536 28
internal_value=0.00034431 0.0426455 -0.0355795 -0.0067874 0.0148948 0.0205823 -0.00904405 0.0268777 0.0140912 -0.00858783
internal_weight=282.503 129.564 152.939 55.3184 36.7671 33.8802 5.78456 28.0956 16.9199 8.76723
internal_count=35000 4476 30524 6027 1294 1124 373 751 658 564
is_linear=0
shrinkage=0.05


Tree=86
num_leaves=11
num_cat=0
split_feature=64 65 24 2 59 0 32 0 0 75
split_gain=165.237 33.674 26.8793 19.5527 4.56664 2.74675 2.65677 1.63027 3.68215 5.70807
threshold=1.5000000000000002 1.5000000000000002 1.0000000180025095e-35 3513.0215382687506 5.5000000000000009 200003.00000000003 1.0000000180025095e-35 198011.00000000003 2827.0000000000005 4.5000000000000009
decision_type=2 2 2 2 2 2 2 2 2 2
left_child=2 -2 -1 4 5 7 -7 8 -4 -10
right_child=1 -3 3 -5 -6 6 -8 -9 9 -11
leaf_value=-0.051392767865646338 -0.046802535201474121 0.049645436991671225 0.034921880039277722 -0.046834701833000612 -0.032514322832826285 -0.031441685801110668 0.021752524869424084 0.040793373436994795 -0.036630541525103581 0.031953996303174713
leaf_weight=92.928919088328257 8.2590180810075235 115.17605261877179 7.8763334713876274 17.725283908424899 2.8094662511721245 3.2156448669265947 2.4170214869081974 10.740992213599386 5.1013768189586681 3.3743051737546921
leaf_count=24497 2208 2268 94 4733 170 352 21 93 536 28
internal_value=0.000318779 0.0425488 -0.0354312 -0.00672923 0.0147054 0.0203983 -0.00889693 0.0266817 0.0139769 -0.00843828
internal_weight=269.624 123.435 146.189 53.2604 35.5351 32.7257 5.63267 27.093 16.352 8.47568
internal_count=35000 4476 30524 6027 1294 1124 373 751 658 564
is_linear=0
shrinkage=0.05


Tree=87
num_leaves=11
num_cat=0
split_feature=64 65 24 2 59 0 32 0 0 75
split_gain=156.77 32.2259 25.8002 18.5916 4.37909 2.62823 2.54637 1.53196 3.48115 5.45881
threshold=1.5000000000000002 1.5000000000000002 1.0000000180025095e-35 3513.0215382687506 5.5000000000000009 200003.00000000003 1.0000000180025095e-35 198011.00000000003 2827.0000000000005 4.5000000000000009
decision_type=2 2 2 2 2 2 2 2 2 2
left_child=2 -2 -1 4 5 7 -7 8 -4 -10
right_child=1 -3 3 -5 -6 6 -8 -9 9 -11
leaf_value=-0.051351667672381952 -0.046598271153460831 0.049580229299342631 0.034473812025309157 -0.046635432720950748 -0.032075084273032593 -0.031057182560047164 0.021406991741677581 0.040423423607626241 -0.036238969647010337 0.031568290485816032
leaf_weight=88.467282612575218 7.898353755939751 109.70191543549299 7.6124828346073672 16.939398437039927 2.734829213935881 3.1198799556586883 2.3667957605794072 10.326163355261087 4.9247723044827563 3.2717992886900902
leaf_count=24497 2208 2268 94 4733 170 352 21 93 536 28
internal_value=0.000292208 0.0424494 -0.0352783 -0.00667078 0.0145151 0.0202127 -0.00875276 0.0264835 0.0138612 -0.00828954
internal_weight=257.364 117.6 139.763 51.2961 34.3567 31.6219 5.48668 26.1352 15.8091 8.19657
internal_count=35000 4476 30524 6027 1294 1124 373 751 658 564
is_linear=0
shrinkage=0.05


Tree=88
num_leaves=11
num_cat=0
split_feature=64 65 24 2 59 0 32 0 0 75
split_gain=148.726 30.848 24.767 17.6782 4.20015 2.51537 2.44118 1.43901 3.2911 5.22176
threshold=1.5000000000000002 1.5000000000000002 1.0000000180025095e-35 3513.0215382687506 5.5000000000000009 200003.00000000003 1.0000000180025095e-35 198011.00000000003 2827.0000000000005 4.5000000000000009
decision_type=2 2 2 2 2 2 2 2 2 2
left_child=2 -2 -1 4 5 7 -7 8 -4 -10
right_child=1 -3 3 -5 -6 6 -8 -9 9 -11
leaf_value=-0.051307621145561179 -0.046386454099228487 0.049514093818492699 0.034023442866936635 -0.046429082471958177 -0.031641779780350383 -0.030675553515245063 0.021066531156362086 0.040048850973345894 -0.035847061482050011 0.031185069214969847
leaf_weight=84.224817998241633 7.5555085507221511 104.49019508436322 7.3604801623150742 16.191755342762917 2.6628845443483433 3.0279779317788771 2.3183506932109594 9.9303617430850863 4.7558419150300324 3.1734824031591415
leaf_count=24497 2208 2268 94 4733 170 352 21 93 536 28
internal_value=0.000264557 0.0423472 -0.0351208 -0.00661208 0.014324 0.0200257 -0.00861156 0.0262831 0.0137442 -0.00814171
internal_weight=245.692 112.046 133.646 49.4211 33.2294 30.5665 5.34633 25.2202 15.2898 7.92932
internal_count=35000 4476 30524 6027 1294 1124 373 751 658 564
is_linear=0
shrinkage=0.05


Tree=89
num_leaves=11
num_cat=0
split_feature=64 65 24 2 59 0 32 0 0 75
split_gain=141.083 29.5367 23.7775 16.8101 4.02937 2.40962 2.01849 1.25339 3.1114 4.99629
threshold=1.5000000000000002 1.5000000000000002 1.0000000180025095e-35 3513.0215382687506 5.5000000000000009 219582.50000000003 1.0000000180025095e-35 198011.00000000003 2827.0000000000005 4.5000000000000009
decision_type=2 2 2 2 2 2 2 2 2 2
left_child=2 -2 -1 4 5 7 -7 8 -4 -10
right_child=1 -3 3 -5 -6 6 -8 -9 9 -11
leaf_value=-0.051260363352530314 -0.046166915125730373 0.049446898359906857 0.03357107161723643 -0.04621547303261677 -0.031214413441566426 -0.02960262059277511 0.019042988346902615 0.038664164546249477 -0.03545502132341951 0.030804496343661971
leaf_weight=80.190959039609879 7.2296251035295418 99.528500415384769 7.1197610683739221 15.480507189175112 2.5935228914022437 2.779385282425209 2.0448048366233706 9.9398831720463932 4.5942299005109817 3.0791624113917351
leaf_count=24497 2208 2268 94 4733 170 333 19 114 536 28
internal_value=0.000235796 0.042242 -0.0349584 -0.00655319 0.0141323 0.0198373 -0.00944539 0.0258283 0.0136259 -0.00799487
internal_weight=234.58 106.758 127.822 47.6313 32.1507 29.5572 4.82419 24.733 14.7932 7.67339
internal_count=35000 4476 30524 6027 1294 1124 352 772 658 564
is_linear=0
shrinkage=0.05


Tree=90
num_leaves=11
num_cat=0
split_feature=64 65 24 2 59 0 32 0 0 75
split_gain=133.819 28.2884 22.8344 15.9804 3.86379 2.32351 2.25187 1.26997 2.94152 4.78181
threshold=1.5000000000000002 1.5000000000000002 1.0000000180025095e-35 3513.0215382687506 5.5000000000000009 200003.00000000003 1.0000000180025095e-35 198011.00000000003 2827.0000000000005 4.5000000000000009
decision_type=2 2 2 2 2 2 2 2 2 2
left_child=2 -2 -1 4 5 7 -7 8 -4 -10
right_child=1 -3 3 -5 -6 6 -8 -9 9 -11
leaf_value=-0.051209632497658378 -0.045939507217084306 0.049378511985542842 0.033117024186860619 -0.045994440933125186 -0.030792985505378102 -0.029978085701380153 0.020396781509938591 0.039296088016534364 -0.035063063657900531 0.030426725301255161
leaf_weight=76.355630702571943 6.9198840616736552 94.804994523525238 6.8897872595116567 14.803891474381087 2.52663954719901 2.8675540687981984 2.2259552795439959 9.2012968501076102 4.439595956588164 2.9886562675237656
leaf_count=24497 2208 2268 94 4733 170 352 21 93 536 28
internal_value=0.000204921 0.0421337 -0.034787 -0.00649582 0.0139246 0.0196271 -0.00841954 0.025885 0.0135065 -0.00784912
internal_weight=224.024 101.725 122.299 45.9434 31.1395 28.6128 5.09351 23.5193 14.318 7.42825
internal_count=35000 4476 30524 6027 1294 1124 373 751 658 564
is_linear=0
shrinkage=0.05


Tree=91
num_leaves=11
num_cat=0
split_feature=64 65 24 2 59 0 32 0 0 75
split_gain=126.921 27.1002 21.9255 15.1966 3.70827 2.22506 2.16048 1.19145 2.78092 4.57774
threshold=1.5000000000000002 1.5000000000000002 1.0000000180025095e-35 3513.0215382687506 5.5000000000000009 200003.00000000003 1.0000000180025095e-35 198011.00000000003 2827.0000000000005 4.5000000000000009
decision_type=2 2 2 2 2 2 2 2 2 2
left_child=2 -2 -1 4 5 7 -7 8 -4 -10
right_child=1 -3 3 -5 -6 6 -8 -9 9 -11
leaf_value=-0.051155174480548217 -0.045704110516949593 0.049308786512154354 0.032661619608184776 -0.045765850308626552 -0.030377496271371818 -0.029605404573418995 0.020071587416310585 0.038908448533304094 -0.034671396730795959 0.030051905769219622
leaf_weight=72.709212734829634 6.6255032778717569 90.30839666724205 6.6700458452105593 14.160225260071455 2.4621337773278347 2.7857265661004922 2.1824314342811704 8.8569924123585224 4.2916153382975608 2.9017892852425575
leaf_count=24497 2208 2268 94 4733 170 352 21 93 536 28
internal_value=0.000173817 0.0420219 -0.0346148 -0.00643681 0.0137319 0.0194364 -0.00828559 0.0256782 0.0133859 -0.00770454
internal_weight=213.954 96.9339 117.02 44.311 30.1507 27.6886 4.96816 22.7204 13.8635 7.1934
internal_count=35000 4476 30524 6027 1294 1124 373 751 658 564
is_linear=0
shrinkage=0.05


Tree=92
num_leaves=11
num_cat=0
split_feature=64 65 24 2 59 0 32 0 0 75
split_gain=120.369 25.9688 21.0542 14.4517 3.55978 2.13125 2.07333 1.11729 2.62913 4.38356
threshold=1.5000000000000002 1.5000000000000002 1.0000000180025095e-35 3513.0215382687506 5.5000000000000009 200003.00000000003 1.0000000180025095e-35 198011.00000000003 2827.0000000000005 4.5000000000000009
decision_type=2 2 2 2 2 2 2 2 2 2
left_child=2 -2 -1 4 5 7 -7 8 -4 -10
right_child=1 -3 3 -5 -6 6 -8 -9 9 -11
leaf_value=-0.051096729457118677 -0.045460637582639928 0.049237602226930598 0.032205181009808237 -0.045529580803050612 -0.029967938015702085 -0.029236116194444453 0.019751434575112678 0.038516708949755847 -0.034280238242778753 0.029680182940085304
leaf_weight=69.242529058596119 6.3457348686642936 86.027925293892622 6.4600479668006372 13.547904122155158 2.3999094034079453 2.7071294854395083 2.1404053885489702 8.5284103024750948 4.149977951310575 2.8183950111269951
leaf_count=24497 2208 2268 94 4733 170 352 21 93 536 28
internal_value=0.000141502 0.0419066 -0.0344374 -0.00637779 0.0135388 0.0192445 -0.00815465 0.0254694 0.0132642 -0.00756122
internal_weight=204.368 92.3737 111.995 42.7522 29.2043 26.8044 4.84753 21.9568 13.4284 6.96837
internal_count=35000 4476 30524 6027 1294 1124 373 751 658 564
is_linear=0
shrinkage=0.05


Tree=93
num_leaves=13
num_cat=0
split_feature=75 2 66 49 2 46 59 0 60 0 0 74
split_gain=114.209 20.6135 10.5193 6.55225 5.83643 5.55804 2.17786 3.09221 1.30942 1.11076 5.58332 0.52172
threshold=3.5000000000000004 2468.0744416297225 0.43198113207547179 3.5000000000000004 12368.905353974586 1.5000000000000002 16.500000000000004 200003.00000000003 42.500000000000007 198011.00000000003 2827.0000000000005 1.0000000180025095e-35
decision_type=2 2 2 2 2 2 2 2 2 2 2 2
left_child=1 2 3 6 11 -3 7 9 -7 10 -1 -2
right_child=4 5 -4 -5 -6 8 -8 -9 -10 -11 -12 -13
leaf_value=0.031748035469024972 0.013871284281165148 -0.050207950691934122 -0.042949380295876027 -0.035043896171258852 -0.021591552803341948 -0.017584960446592416 0.041010965610754964 -0.028215483318861031 0.026480380185319008 0.033587820628366009 -0.032878652760651363 0.048025918456826897
leaf_weight=6.2593287955969661 3.1392270699143401 70.609443725785241 9.8692837846465391 4.2959827065933487 2.1280022868886581 1.0749426924157881 7.9791296049952498 2.4940225931350133 2.1863673627376556 5.5285795778036109 3.6607078223023564 76.018545401282609
leaf_count=94 28 27097 3286 998 33 337 148 307 36 69 445 2122
internal_value=0.000107941 -0.0319753 -0.00282728 0.0121295 0.0447744 -0.0473013 0.0218977 0.0101375 0.0107927 0.0188536 0.00638429 0.0470466
internal_weight=195.244 113.958 40.087 30.2178 81.2858 73.8708 25.9218 17.9426 3.26131 15.4486 9.92004 79.1578
internal_count=35000 32817 5347 2061 2183 27470 1063 915 373 608 539 2150
is_linear=0
shrinkage=0.05


Tree=94
num_leaves=11
num_cat=0
split_feature=64 65 24 2 59 0 32 0 0 75
split_gain=108.791 23.8023 19.4695 13.0178 3.3 2.01629 1.8535 1.01261 2.38693 3.96524
threshold=1.5000000000000002 1.5000000000000002 1.0000000180025095e-35 3513.0215382687506 5.5000000000000009 200003.00000000003 1.0000000180025095e-35 198011.00000000003 2827.0000000000005 4.5000000000000009
decision_type=2 2 2 2 2 2 2 2 2 2
left_child=2 -2 -1 4 5 7 -7 8 -4 -10
right_child=1 -3 3 -5 -6 6 -8 -9 9 -11
leaf_value=-0.051015487866776191 -0.044925447806994895 0.049096875099951927 0.031290511056533514 -0.045037941969634954 -0.029320315742604075 -0.028497876678524561 0.018670039347265948 0.037839075143273219 -0.033496301291462229 0.028712851084567077
leaf_weight=62.991462511010468 5.8076648833230129 78.326769612729549 6.0674441028386426 12.352116514928637 2.2780842487700275 2.5568673931993535 2.0042033032514155 8.000627791043371 3.8830755783710629 2.6133920475840569
leaf_count=24497 2208 2268 94 4733 170 352 21 93 536 28
internal_value=8.88583e-05 0.0417142 -0.0341417 -0.00624286 0.0131179 0.0188438 -0.00839839 0.0250947 0.0128974 -0.00760288
internal_weight=186.882 84.1344 102.747 39.7558 27.4037 25.1256 4.56107 20.5645 12.5639 6.49647
internal_count=35000 4476 30524 6027 1294 1124 373 751 658 564
is_linear=0
shrinkage=0.05


Tree=95
num_leaves=11
num_cat=0
split_feature=64 65 24 2 59 0 32 0 0 75
split_gain=103.149 22.828 18.6983 12.3804 3.16972 1.93237 1.78056 0.948803 2.25688 3.80069
threshold=1.5000000000000002 1.5000000000000002 1.0000000180025095e-35 3513.0215382687506 5.5000000000000009 200003.00000000003 1.0000000180025095e-35 198011.00000000003 2827.0000000000005 4.5000000000000009
decision_type=2 2 2 2 2 2 2 2 2 2
left_child=2 -2 -1 4 5 7 -7 8 -4 -10
right_child=1 -3 3 -5 -6 6 -8 -9 9 -11
leaf_value=-0.050945518159038451 -0.044656738599544721 0.049020513933588611 0.030832941024527716 -0.044778383556440565 -0.028925522257193161 -0.028139530051076035 0.018372268171711722 0.037437114584976422 -0.033107950233738692 0.028353492204021103
leaf_weight=60.002273042802699 5.5685734373982987 74.622940704226494 5.8839723151177257 11.827414806466548 2.2224308128934345 2.4871978838928035 1.9681855002418158 7.7110387175343922 3.7588115301914513 2.5413691028952599
leaf_count=24497 2208 2268 94 4733 170 352 21 93 536 28
internal_value=5.22851e-05 0.0415871 -0.0339499 -0.00618627 0.0129227 0.0186477 -0.00826644 0.0248795 0.0127739 -0.00745752
internal_weight=178.594 80.1915 98.4027 38.4004 26.573 24.3506 4.45538 19.8952 12.1842 6.30018
internal_count=35000 4476 30524 6027 1294 1124 373 751 658 564
is_linear=0
shrinkage=0.05


Tree=96
num_leaves=11
num_cat=0
split_feature=64 65 24 2 59 0 32 0 0 75
split_gain=97.7898 21.8997 17.9581 11.7746 3.04521 1.85235 1.71094 0.888584 2.134 3.64399
threshold=1.5000000000000002 1.5000000000000002 1.0000000180025095e-35 3513.0215382687506 5.5000000000000009 200003.00000000003 1.0000000180025095e-35 198011.00000000003 2827.0000000000005 4.5000000000000009
decision_type=2 2 2 2 2 2 2 2 2 2
left_child=2 -2 -1 4 5 7 -7 8 -4 -10
right_child=1 -3 3 -5 -6 6 -8 -9 9 -11
leaf_value=-0.05087059588507279 -0.044379909919617266 0.048942130494933324 0.030375639274946409 -0.044510901986782238 -0.028536649799802683 -0.02778499922517676 0.018079374225211151 0.03703180358407606 -0.032720961936822203 0.027997786762195456
leaf_weight=57.160786389489658 5.3413765425793818 71.097513727843761 5.708511086180815 11.328229543287305 2.1687009898014358 2.4202103845309457 1.9333555554039774 7.4345822823233894 3.6397838057018816 2.4721437022089958
leaf_count=24497 2208 2268 94 4733 170 352 21 93 536 28
internal_value=1.43614e-05 0.0414557 -0.0337528 -0.00612992 0.0127276 0.0184508 -0.00813762 0.0246625 0.0126495 -0.0073138
internal_weight=170.705 76.4389 94.2663 37.1055 25.7773 23.6086 4.35357 19.255 11.8204 6.11193
internal_count=35000 4476 30524 6027 1294 1124 373 751 658 564
is_linear=0
shrinkage=0.05


Tree=97
num_leaves=11
num_cat=0
split_feature=64 65 24 2 59 0 32 0 0 75
split_gain=92.6995 21.015 17.2475 11.1989 2.92621 1.77605 1.64447 0.831773 2.0179 3.49475
threshold=1.5000000000000002 1.5000000000000002 1.0000000180025095e-35 3513.0215382687506 5.5000000000000009 200003.00000000003 1.0000000180025095e-35 198011.00000000003 2827.0000000000005 4.5000000000000009
decision_type=2 2 2 2 2 2 2 2 2 2
left_child=2 -2 -1 4 5 7 -7 8 -4 -10
right_child=1 -3 3 -5 -6 6 -8 -9 9 -11
leaf_value=-0.05079049043691497 -0.044095037447118762 0.048861585851086853 0.029918930019653359 -0.044235531208078022 -0.028153676244929777 -0.027434371392110149 0.017791317261909346 0.036623377048983864 -0.032335541768106289 0.027645834313258046
leaf_weight=54.459732903400436 5.1254833771381518 67.741968989372253 5.5406786650419324 10.853296851273624 2.1168171023018649 2.3557845721952608 1.8996654371730981 7.1706340992823234 3.5257478633429855 2.405589260160923
leaf_count=24497 2208 2268 94 4733 170 352 21 93 536 28
internal_value=-2.49401e-05 0.0413198 -0.0335502 -0.00607389 0.0125325 0.0182531 -0.0080119 0.0244439 0.0125243 -0.00717179
internal_weight=163.195 72.8675 90.3279 35.8682 25.0149 22.8981 4.25545 18.6426 11.472 5.93134
internal_count=35000 4476 30524 6027 1294 1124 373 751 658 564
is_linear=0
shrinkage=0.05


Tree=98
num_leaves=13
num_cat=0
split_feature=64 65 24 2 59 0 32 2 0 0 75 3
split_gain=87.8649 20.1718 16.5651 10.6517 2.81244 1.70382 1.34533 0.774294 0.335133 1.67326 3.04918 0.146784
threshold=1.5000000000000002 1.5000000000000002 1.0000000180025095e-35 3513.0215382687506 5.5000000000000009 219582.50000000003 1.0000000180025095e-35 137.16333333333338 198011.00000000003 2827.0000000000005 4.5000000000000009 16.500000000000004
decision_type=2 2 2 2 2 2 2 2 2 2 2 2
left_child=2 -2 -1 4 5 7 -7 11 9 -9 -11 -4
right_child=1 -3 3 -5 -6 6 -8 8 -10 10 -12 -13
leaf_value=-0.050704973870437958 -0.043802231168532872 0.048778734381953737 -0.013073858606279621 -0.043952300832862251 -0.027776572187880818 -0.026328254407749031 0.015858436052920196 0.031771868782525137 0.03547896052101792 -0.030209864800468722 0.02729772250199794 0.0051463971738289829
leaf_weight=51.892196365748532 4.9203295600600532 64.548193003982306 0.62023992137984396 10.401414473308249 2.066704820143058 2.1606491808779529 1.6838317029178145 4.8501830608584005 7.1112018018029621 2.9532635703217238 2.3415855243802071 0.49668624298647046
leaf_count=24497 2208 2268 67 4733 170 333 19 84 107 460 28 26
internal_value=-6.56449e-05 0.0411791 -0.0333422 -0.00601823 0.0123377 0.0180549 -0.0087472 0.0239712 0.0264734 0.0153578 -0.0042663 -0.00686821
internal_weight=156.046 69.4685 86.578 34.6858 24.2843 22.2176 3.84448 18.3732 17.2562 10.145 5.29485 1.11693
internal_count=35000 4476 30524 6027 1294 1124 352 772 679 572 488 93
is_linear=0
shrinkage=0.05


Tree=99
num_leaves=14
num_cat=0
split_feature=75 2 66 2 49 46 59 0 60 0 0 74 46
split_gain=83.3925 15.6269 7.41781 7.41222 4.61128 4.19626 1.6287 2.37503 0.854903 0.804727 4.20069 0.617014 0.270538
threshold=3.5000000000000004 2468.0744416297225 0.43198113207547179 14930.919183650001 3.5000000000000004 1.5000000000000002 16.500000000000004 200003.00000000003 42.500000000000007 198011.00000000003 2827.0000000000005 1.0000000180025095e-35 1.0000000180025095e-35
decision_type=2 2 2 2 2 2 2 2 2 2 2 2 2
left_child=1 2 4 11 6 -3 7 9 -7 10 -1 -2 -13
right_child=3 5 -4 -5 -6 8 -8 -9 -10 -11 -12 12 -14
leaf_value=0.029026844033017432 0.011229007369146012 -0.049877622634425217 -0.040783540206593638 -0.040059860286867033 -0.032079567599519708 -0.014623481859205166 0.038352681070375719 -0.026133351500514442 0.023057251670402023 0.030718349661807882 -0.03057649079968508 0.01443867950074551 0.048407379140739788
leaf_weight=5.2325114053674131 2.6853962168097487 52.904531653854065 7.4932634176220736 1.1314398404210795 3.3658103243215001 0.82137501204851959 6.0698561258614054 2.1261257666628799 1.6780528873205183 4.4691155152395359 3.0394946502055973 2.7048187968321136 55.555066889151931
leaf_count=94 28 27097 3286 15 998 337 148 307 36 69 445 46 2094
internal_value=-0.000111283 -0.0313679 -0.00304955 0.043404 0.0108013 -0.0469473 0.0198909 0.00869958 0.00967844 0.0172692 0.00543681 0.0461771 0.0473619
internal_weight=149.277 87.2001 31.7962 62.0767 24.3029 55.404 20.9371 14.8672 2.49943 12.7411 8.27201 60.9453 58.2599
internal_count=35000 32817 5347 2183 2061 27470 1063 915 373 608 539 2168 2140
is_linear=0
shrinkage=0.05


Tree=100
num_leaves=11
num_cat=0
split_feature=64 65 24 2 59 0 32 0 0 75
split_gain=79.1781 18.5361 15.417 9.61044 2.6046 1.57421 1.46688 0.7167 1.75212 3.04812
threshold=1.5000000000000002 1.5000000000000002 1.0000000180025095e-35 3513.0215382687506 5.5000000000000009 200003.00000000003 1.0000000180025095e-35 198011.00000000003 2827.0000000000005 4.5000000000000009
decision_type=2 2 2 2 2 2 2 2 2 2
left_child=2 -2 -1 4 5 7 -7 8 -4 -10
right_child=1 -3 3 -5 -6 6 -8 -9 9 -11
leaf_value=-0.050560776943653664 -0.043155706707194513 0.048611186564749137 0.028573714151326347 -0.043332900152515737 -0.027094076073416986 -0.026441041510718556 0.016970514597647163 0.035531171546619077 -0.031241924223404841 0.026357661570585628
leaf_weight=47.282141710165888 4.5210741936461991 58.745724948123097 5.0851911236532121 9.5053665132727456 1.9659421555697907 2.1823293054476371 1.8066156837157907 6.5283905141986898 3.2246071519330144 2.1772740110754967
leaf_count=24497 2208 2268 94 4733 170 352 21 93 536 28
internal_value=-0.000137164 0.040932 -0.0329191 -0.005791 0.0119707 0.0176647 -0.0076783 0.0237886 0.0119585 -0.00717704
internal_weight=143.025 63.2668 79.7579 32.4757 22.9703 21.0044 3.98894 17.0155 10.4871 5.40188
internal_count=35000 4476 30524 6027 1294 1124 373 751 658 564
is_linear=0
shrinkage=0.05


Tree=101
num_leaves=15
num_cat=0
split_feature=64 65 24 2 59 0 32 2 0 0 3 0 0 0
split_gain=75.0258 17.8082 14.8058 9.14178 2.50493 1.51065 1.41133 0.68537 0.279086 1.45776 0.133023 0.104516 0.00958926 0.0143302
threshold=1.5000000000000002 1.5000000000000002 1.0000000180025095e-35 3513.0215382687506 5.5000000000000009 200003.00000000003 1.0000000180025095e-35 137.16333333333338 198011.00000000003 2827.0000000000005 16.500000000000004 69869.500000000015 13988.500000000002 25563.000000000004
decision_type=2 2 2 2 2 2 2 2 2 2 2 2 2 2
left_child=2 -2 -1 4 5 7 -7 10 9 -9 -4 12 -11 -14
right_child=1 -3 3 -5 -6 6 -8 8 -10 11 -12 -13 13 -15
leaf_value=-0.050459377220596596 -0.042839166631190549 0.048520580225104012 -0.012467521162506379 -0.043025877707953464 -0.026733250488165147 -0.026106281054104598 0.016701075290722844 0.030564708148984356 0.03496655737207402 -0.0015594413407920842 0.0050139209207684561 -0.010150653290880815 0.004658652040876207 -0.00055727516499434987
leaf_weight=45.068228535586968 4.3459765570005393 55.986059067770839 0.55182450730354904 9.1186132030561549 1.9209904831368465 2.1268541514873496 1.776994268409908 4.4419021564535779 6.2269859411753705 0.53303495468571815 0.46049134386703372 1.6352709368802605 0.94984739087522063 1.6996570257470009
leaf_count=24497 2208 2268 62 4733 170 352 21 84 92 54 25 215 64 155
internal_value=-0.000182382 0.0407762 -0.032696 -0.0057397 0.011776 0.0174647 -0.00756404 0.0235643 0.0260423 0.014896 -0.00646619 -0.00427849 0.00149164 0.00251222
internal_weight=136.843 60.332 76.5107 31.4425 22.3239 20.4029 3.90385 16.499 15.4867 9.25971 1.01232 4.81781 3.18254 2.6495
internal_count=35000 4476 30524 6027 1294 1124 373 751 664 572 87 488 273 219
is_linear=0
shrinkage=0.05


Tree=102
num_leaves=14
num_cat=0
split_feature=75 2 2 66 49 46 59 0 0 0 60 74 46
split_gain=71.3062 13.5711 6.80753 6.20693 3.8662 3.68911 1.44772 2.05771 0.726133 3.72454 0.706858 0.643227 0.301
threshold=3.5000000000000004 2468.0744416297225 14930.919183650001 0.43198113207547179 3.5000000000000004 1.5000000000000002 16.500000000000004 200003.00000000003 198011.00000000003 2827.0000000000005 42.500000000000007 1.0000000180025095e-35 1.0000000180025095e-35
decision_type=2 2 2 2 2 2 2 2 2 2 2 2 2
left_child=1 3 11 4 6 -3 7 8 9 -1 -7 -2 -13
right_child=2 5 -4 -5 -6 10 -8 -9 -10 -11 -12 12 -14
leaf_value=0.027689473815791704 0.010183066146727884 -0.049674075176582615 -0.037581989988715696 -0.039614250121186134 -0.030653917624902816 -0.013457376569872845 0.036983873101021879 -0.025132972347756091 0.029312889741436882 -0.029753435179153988 0.021563946741616012 0.013532013499281376 0.048124194954574748
leaf_weight=4.8139041191898375 2.5197161361575118 45.848868497880176 1.1315408539958287 6.5749414998572311 3.0056926746619856 0.73240957898087744 5.3262652717530719 1.9689412617590267 4.0487035345286131 2.847661018371582 1.4915979728102682 2.5594827015884212 48.229721853509545
leaf_count=94 28 27097 15 3286 998 337 148 307 69 445 36 46 2094
internal_value=-0.000234528 -0.0310011 0.042652 -0.0032756 0.00997461 -0.0466985 0.0187068 0.00778053 0.0161736 0.00459955 0.00911967 0.0456525 0.0469597
internal_weight=131.099 76.659 54.4405 28.5861 22.0112 48.0729 19.0055 13.6792 11.7103 7.66157 2.22401 53.3089 50.7892
internal_count=35000 32817 2183 5347 2061 27470 1063 915 608 539 373 2168 2140
is_linear=0
shrinkage=0.05


Tree=103
num_leaves=10
num_cat=0
split_feature=64 65 24 2 59 75 0 0 0
split_gain=67.555 16.3866 13.8204 8.2376 2.31581 1.39866 1.99068 1.84539 2.78144
threshold=1.5000000000000002 1.5000000000000002 1.0000000180025095e-35 3513.0215382687506 5.5000000000000009 4.5000000000000009 2827.0000000000005 198011.00000000003 200003.00000000003
decision_type=2 2 2 2 2 2 2 2 2
left_child=2 -2 -1 4 5 6 -4 -8 -9
right_child=1 -3 3 -5 -6 -7 7 8 -10
leaf_value=-0.050288444319247033 -0.042138340956176891 0.048337019964676459 0.027242504104011613 -0.042354841286678595 -0.026083142821052663 0.034120600629306226 -0.030427902930056452 0.028895034488865198 -0.025437885308742775
leaf_weight=41.101938609965146 4.0026759874308473 50.983614815399051 4.6843625719193467 8.3443929197965172 1.8310205871239293 5.7781553440727285 3.0198548047337663 3.9337414102628827 2.0200732660014182
leaf_count=24497 2208 2268 94 4733 170 73 536 69 352
internal_value=-0.000262478 0.0405032 -0.0322037 -0.00550799 0.0113473 0.016978 0.00629381 -0.00761369 0.00869941
internal_weight=125.7 54.9863 70.7135 29.6116 21.2672 19.4362 13.658 8.97367 5.95381
internal_count=35000 4476 30524 6027 1294 1124 1051 957 421
is_linear=0
shrinkage=0.05


Tree=104
num_leaves=13
num_cat=0
split_feature=64 65 24 2 59 0 32 2 0 0 75 3
split_gain=64.0342 15.7573 13.233 7.82117 2.22456 1.34936 1.04073 0.689612 0.215515 1.29939 2.38503 0.127021
threshold=1.5000000000000002 1.5000000000000002 1.0000000180025095e-35 3513.0215382687506 5.5000000000000009 219582.50000000003 1.0000000180025095e-35 137.16333333333338 198011.00000000003 2827.0000000000005 4.5000000000000009 16.500000000000004
decision_type=2 2 2 2 2 2 2 2 2 2 2 2
left_child=2 -2 -1 4 5 7 -7 11 9 -9 -11 -4
right_child=1 -3 3 -5 -6 6 -8 8 -10 10 -12 -13
leaf_value=-0.050169583135554696 -0.041800295970723086 0.048237355358230788 -0.012790593355715599 -0.042025410835728881 -0.025738357881582907 -0.024321731302204195 0.014050871676098418 0.029374017534219934 0.03332981268819963 -0.028234189477815658 0.025017343820706386 0.0046317288703930908
leaf_weight=39.192329936195165 3.8532604463398448 48.598851278424263 0.54892660211772693 8.0133881445508433 1.7905902466736723 1.8511767643503836 1.5051040179096162 4.0830649896524829 5.9555997261777511 2.5279533229768276 1.9625543281435964 0.4400595324113965
leaf_count=24497 2208 2268 67 4733 170 333 19 84 107 460 28 26
internal_value=-0.000322765 0.0403306 -0.0319958 -0.00550766 0.0111119 0.0167388 -0.0082926 0.0224813 0.0251151 0.0141838 -0.00442346 -0.00712636
internal_weight=120.323 52.4521 67.8707 28.6784 20.665 18.8744 3.35628 15.5182 14.5292 8.57357 4.49051 0.988986
internal_count=35000 4476 30524 6027 1294 1124 352 772 679 572 488 93
is_linear=0
shrinkage=0.05


Tree=105
num_leaves=14
num_cat=0
split_feature=75 2 2 66 49 44 59 0 74 0 0 60 46
split_gain=60.8112 11.8567 6.2308 5.21826 3.26623 3.25682 1.25324 1.81891 0.655624 0.632974 3.25183 0.566899 0.344574
threshold=3.5000000000000004 2468.0744416297225 14930.919183650001 0.43198113207547179 3.5000000000000004 2.5000000000000004 16.500000000000004 200003.00000000003 1.0000000180025095e-35 198011.00000000003 2827.0000000000005 42.500000000000007 1.0000000180025095e-35
decision_type=2 2 2 2 2 2 2 2 2 2 2 2 2
left_child=1 3 8 4 6 -3 7 9 -2 10 -1 -7 -10
right_child=2 5 -4 -5 -6 11 -8 -9 12 -11 -12 -13 -14
leaf_value=0.026371672162375875 0.0092653439489269931 -0.049439893993082525 -0.035261623363317021 -0.038371994130240922 -0.029240006994618345 -0.01214236804076234 0.035567523972312449 -0.024214250675870172 0.012407372108436744 0.028004219829758616 -0.028689219765554292 0.019950484584230634 0.047806309806419367
leaf_weight=4.4452879219316035 2.3730125129222861 39.790050286916085 1.1239207433536638 5.7799136408139011 2.6909955686423919 0.6388583459192877 4.6799286082386962 1.8341808620607469 2.3973905788734546 3.7022586804814637 2.6191081490833312 1.3363859232049433 41.844977241009474
leaf_count=94 28 27035 15 3286 998 393 148 307 46 69 445 42 2094
internal_value=-0.000378595 -0.0305736 0.0418379 -0.00338023 0.00931758 -0.0464198 0.0177321 0.00714342 0.045071 0.0154419 0.00413204 0.00868388 0.0465077
internal_weight=115.256 67.517 47.7393 25.7517 19.9718 41.7653 17.2808 12.6008 46.6154 10.7667 7.0644 1.97524 44.2424
internal_count=35000 32817 2183 5347 2061 27470 1063 915 2168 608 539 435 2140
is_linear=0
shrinkage=0.05


Tree=106
num_leaves=10
num_cat=0
split_feature=64 65 24 2 59 75 0 0 0
split_gain=57.6786 14.5205 12.3171 7.05236 2.06697 1.26694 1.76794 1.58177 2.45088
threshold=1.5000000000000002 1.5000000000000002 1.0000000180025095e-35 3513.0215382687506 5.5000000000000009 4.5000000000000009 2827.0000000000005 198011.00000000003 200003.00000000003
decision_type=2 2 2 2 2 2 2 2 2
left_child=2 -2 -1 4 5 6 -4 -8 -9
right_child=1 -3 3 -5 -6 -7 7 8 -10
leaf_value=-0.049969262918263445 -0.041050023373509291 0.048035345661975565 0.025933192344287509 -0.04130649340312794 -0.025119816557087095 0.033076196167125323 -0.029372037375892796 0.027594572884512447 -0.024518595338042112
leaf_weight=35.777380298473872 3.5582365868613115 44.286813635379076 4.3311567350756475 7.3452824694104484 1.7101156695280213 5.3281090501695862 2.7761293929070217 3.6016138903796673 1.8814887336920945
leaf_count=24497 2208 2268 94 4733 170 73 536 69 352
internal_value=-0.000408493 0.0400288 -0.0315242 -0.00529871 0.0107495 0.0163513 0.00570978 -0.00788355 0.00793862
internal_weight=110.596 47.8451 62.7513 26.9739 19.6286 17.9185 12.5904 8.25923 5.4831
internal_count=35000 4476 30524 6027 1294 1124 1051 957 421
is_linear=0
shrinkage=0.05


Tree=107
num_leaves=15
num_cat=0
split_feature=64 65 24 2 59 0 32 2 0 0 3 0 0 0
split_gain=54.6574 13.9753 11.7899 6.69643 1.9865 1.22553 1.08464 0.615234 0.182714 1.14843 0.116609 0.0680095 0.00640765 0.0119872
threshold=1.5000000000000002 1.5000000000000002 1.0000000180025095e-35 3513.0215382687506 5.5000000000000009 200003.00000000003 1.0000000180025095e-35 137.16333333333338 198011.00000000003 2827.0000000000005 16.500000000000004 69869.500000000015 13988.500000000002 25563.000000000004
decision_type=2 2 2 2 2 2 2 2 2 2 2 2 2 2
left_child=2 -2 -1 4 5 7 -7 10 9 -9 -4 12 -11 -14
right_child=1 -3 3 -5 -6 6 -8 8 -10 11 -12 -13 13 -15
leaf_value=-0.049831580852853823 -0.040693575963878757 0.047925301328813008 -0.012250485258458258 -0.04095682578611335 -0.024790741534785929 -0.024209264973366944 0.014667774664689985 0.028205830650446347 0.032826458450779722 -0.0015271201626258575 0.0045406418364668834 -0.0093068889213520408 0.0038013664125659827 -0.00090764696723693965
leaf_weight=34.129582384368405 3.4306915920460588 42.225724393501878 0.49114730162547005 7.0618618013104415 1.6736500852275629 1.8369398145005098 1.566954453010112 3.7669987403787655 5.2558766198344529 0.45305938855744932 0.41041720332577825 1.3958636280149219 0.80028139217756722 1.4420150506775824
leaf_count=24497 2208 2268 62 4733 170 352 21 84 92 54 25 215 64 155
internal_value=-0.000474338 0.039838 -0.0313037 -0.00530431 0.0105153 0.0161113 -0.00750759 0.0220687 0.0246801 0.0136772 -0.00674564 -0.00456892 0.00080391 0.0017728
internal_weight=105.941 45.6564 60.2846 26.1551 19.0932 17.4196 3.40389 14.0157 13.1141 7.85822 0.901565 4.09122 2.69536 2.2423
internal_count=35000 4476 30524 6027 1294 1124 373 751 664 572 87 488 273 219
is_linear=0
shrinkage=0.05


Tree=108
num_leaves=14
num_cat=0
split_feature=75 2 2 66 46 49 59 0 74 0 0 60 46
split_gain=51.9512 10.3267 5.68592 4.35985 2.88443 2.74202 1.10672 1.58523 0.657842 0.5784 2.89015 0.469357 0.380631
threshold=3.5000000000000004 2468.0744416297225 14930.919183650001 0.43198113207547179 1.5000000000000002 3.5000000000000004 16.500000000000004 200003.00000000003 1.0000000180025095e-35 198011.00000000003 2827.0000000000005 42.500000000000007 1.0000000180025095e-35
decision_type=2 2 2 2 2 2 2 2 2 2 2 2 2
left_child=1 3 8 5 -3 6 7 9 -2 10 -1 -6 -10
right_child=2 4 -4 -5 11 -7 -8 -9 12 -11 -12 -13 -14
leaf_value=0.02507893220657095 0.0084439771762757337 -0.049169699942840733 -0.03309282717467233 -0.037074020198718763 -0.0110770766169582 -0.027847172602481898 0.034110939064187586 -0.023293313871904139 0.011371917317420268 0.026709071886798309 -0.027901055560782567 0.018743756916618809 0.047457391870915022
leaf_weight=4.1197628413792753 2.2398794516921035 34.589920318510849 1.109012332279234 5.0961934479419133 0.56686423276550968 2.415735440910793 4.1181790754199019 1.7076595519902174 2.254897109232842 3.3954363032244146 2.4627058152109385 1.1849971264600752 36.381214015185833
leaf_count=94 28 27097 15 3286 337 998 148 307 46 69 445 36 2094
internal_value=-0.000537645 -0.0301423 0.0409861 -0.00358067 -0.0461077 0.00852828 0.0165922 0.00633561 0.0444459 0.0144491 0.00337466 0.00833332 0.0460147
internal_weight=101.642 59.6575 41.985 23.3157 36.3418 18.2195 15.8037 11.6856 40.876 9.9779 6.58247 1.75186 38.6361
internal_count=35000 32817 2183 5347 27470 2061 1063 915 2168 608 539 373 2140
is_linear=0
shrinkage=0.05


Tree=109
num_leaves=10
num_cat=0
split_feature=64 65 24 2 59 75 0 0 0
split_gain=49.1994 12.8944 10.9993 6.02936 1.84271 1.18969 1.59788 1.38609 2.15629
threshold=1.5000000000000002 1.5000000000000002 1.0000000180025095e-35 3513.0215382687506 5.5000000000000009 4.5000000000000009 2827.0000000000005 198011.00000000003 200003.00000000003
decision_type=2 2 2 2 2 2 2 2 2
left_child=2 -2 -1 4 5 6 -4 -8 -9
right_child=1 -3 3 -5 -6 -7 7 8 -10
leaf_value=-0.049599678030297134 -0.039898563807418935 0.047702348743256913 0.02465099227476646 -0.040190980838915202 -0.024203399235436164 0.032149255747717341 -0.02858815694949934 0.026309732525693037 -0.023591891046076952
leaf_weight=31.1908256636234 3.1761692316504186 38.508239086717367 4.0190105377696543 6.481990879867225 1.6015385822392989 4.9688020413741461 2.6093028098111972 3.3072299468331039 1.7508190195076165
leaf_count=24497 2208 2268 94 4733 170 73 536 69 352
internal_value=-0.000569389 0.0395065 -0.0307708 -0.00509678 0.0101013 0.0156411 0.00494989 -0.0083403 0.00724604
internal_weight=97.6139 41.6844 55.9295 24.7387 18.2567 16.6552 11.6864 7.66735 5.05805
internal_count=35000 4476 30524 6027 1294 1124 1051 957 421
is_linear=0
shrinkage=0.05


Tree=110
num_leaves=14
num_cat=0
split_feature=75 2 2 66 44 49 59 0 74 0 0 46 60
split_gain=46.6319 9.45105 5.3527 3.89871 2.68062 2.4717 1.00431 1.46432 0.656559 0.530684 2.63919 0.411257 0.409646
threshold=3.5000000000000004 2468.0744416297225 14930.919183650001 0.43198113207547179 2.5000000000000004 3.5000000000000004 16.500000000000004 200003.00000000003 1.0000000180025095e-35 198011.00000000003 2827.0000000000005 1.0000000180025095e-35 42.500000000000007
decision_type=2 2 2 2 2 2 2 2 2 2 2 2 2
left_child=1 3 8 5 -3 6 7 9 -2 10 -1 -10 -6
right_child=2 4 -4 -5 12 -7 -8 -9 11 -11 -12 -13 -14
leaf_value=0.024227002094669457 0.0079774237108191006 -0.048965959142493735 -0.031803634589539928 -0.036208282287147064 -0.010374878743676048 -0.026987504661454366 0.033176192755447392 -0.022705098242544977 0.010621239622939885 0.025913985834980675 -0.027192522987948144 0.047197495411934902 0.01782108824853244
leaf_weight=3.9223486194387132 2.1713364198803893 31.508355640980881 1.0962821333669115 4.7041216004872686 0.52197844663169135 2.2610653846058986 3.8024980053305617 1.6309392569819454 2.1661134413443497 3.2225511805154383 2.3304245851468295 33.122520813718438 1.1167534831911323
leaf_count=94 28 27035 15 3286 393 998 148 307 46 69 445 2094 42
internal_value=-0.000640904 -0.0297785 0.0403575 -0.00362795 -0.045847 0.00814463 0.0160347 0.0059988 0.0439742 0.0140356 0.0031172 0.0456424 0.00807389
internal_weight=93.5773 55.021 38.5563 21.8739 33.1471 17.1698 14.9088 11.1063 37.46 9.47532 6.25277 35.2886 1.63873
internal_count=35000 32817 2183 5347 27470 2061 1063 915 2168 608 539 2140 435
is_linear=0
shrinkage=0.05


Tree=111
num_leaves=15
num_cat=0
split_feature=64 65 24 2 59 2 3 75 2 0 3 0 2 0
split_gain=44.3362 11.9089 10.2071 5.4281 1.7167 1.10535 0.919885 0.43779 1.01717 0.220382 0.165294 0.03812 0.0188742 0.0136816
threshold=1.5000000000000002 1.5000000000000002 1.0000000180025095e-35 3513.0215382687506 5.5000000000000009 331.03452829416671 9.5000000000000018 4.5000000000000009 1044.4577777777779 200003.00000000003 1.0000000180025095e-35 4757.5000000000009 1333.0815012063892 4757.5000000000009
decision_type=2 2 2 2 2 2 2 2 2 2 2 2 2 2
left_child=2 -2 -1 4 5 6 10 8 -7 13 -4 -12 -10 -8
right_child=1 -3 3 -5 -6 7 9 -9 12 -11 11 -13 -14 -15
leaf_value=-0.049346891652057717 -0.039078089974371899 0.047464292298961396 0.0022582469578793295 -0.039398336657712862 -0.023636668598279367 0.018934663055626813 0.018784256688509846 0.034014145917902777 -0.00017499794925501902 -0.0049926629745197923 -0.001760818641604297 -0.026766419559740975 -0.016945236737709788 0.0037917509978242984
leaf_weight=28.52586163271917 2.9464545639930284 35.138172838836908 0.31891644070856884 5.9577944747870779 1.534514530096202 5.192602231865747 1.1917166411876685 4.1321425661444664 0.22228211164474476 0.71228669676929701 0.47571330238133658 1.0601117513142524 1.0106769590638576 1.5038729361258445
leaf_count=24497 2208 2268 28 4733 170 261 28 64 21 110 15 185 260 152
internal_value=-0.000673979 0.0391531 -0.0303016 -0.00493971 0.00973849 0.0152652 -0.00293731 0.0233612 0.0100627 0.0110391 -0.0210211 -0.0243981 -0.0159005 0.0155976
internal_weight=89.9231 38.0846 51.8385 23.3126 17.3548 15.8203 5.26262 10.5577 6.42556 3.40788 1.85474 1.53583 1.23296 2.69559
internal_count=35000 4476 30524 6027 1294 1124 518 606 542 290 228 200 281 180
is_linear=0
shrinkage=0.05


Tree=112
num_leaves=10
num_cat=0
split_feature=64 65 24 2 59 75 0 0 0
split_gain=41.9432 11.4787 9.81507 5.14797 1.64121 1.08046 1.44508 1.23317 1.95901
threshold=1.5000000000000002 1.5000000000000002 1.0000000180025095e-35 3513.0215382687506 5.5000000000000009 4.5000000000000009 2827.0000000000005 198011.00000000003 200003.00000000003
decision_type=2 2 2 2 2 2 2 2 2
left_child=2 -2 -1 4 5 6 -4 -8 -9
right_child=1 -3 3 -5 -6 -7 7 8 -10
leaf_value=-0.049176039876793656 -0.038699319484795214 0.047334064249291874 0.023528030571885294 -0.03902115034641835 -0.023332462973325866 0.031033139520036147 -0.027820062354690291 0.025337924299835952 -0.022927325883990254
leaf_weight=27.233348017616663 2.848590418114326 33.519501335918903 3.7694829851388985 5.7394921422237521 1.5036549490177993 4.5784542299807063 2.4562438641441986 3.1037904340773821 1.6619711196981368
leaf_count=24497 2208 2268 94 4733 170 73 536 69 352
internal_value=-0.000751075 0.0389294 -0.0299742 -0.00493574 0.00941265 0.014871 0.00439764 -0.00852447 0.00670438
internal_weight=86.4145 36.3681 50.0464 22.8131 17.0736 15.5699 10.9915 7.22201 4.76576
internal_count=35000 4476 30524 6027 1294 1124 1051 957 421
is_linear=0
shrinkage=0.05


Tree=113
num_leaves=11
num_cat=0
split_feature=46 24 2 75 0 64 64 0 0 2
split_gain=39.9145 15.9612 4.5635 2.82737 1.96963 1.54101 1.07229 1.27309 2.70237 0.386269
threshold=1.5000000000000002 1.0000000180025095e-35 12515.977107271252 4.5000000000000009 2827.0000000000005 1.5000000000000002 1.5000000000000002 198011.00000000003 200003.00000000003 357.18588912125011
decision_type=2 2 2 2 2 2 2 2 2 2
left_child=1 -1 3 4 -3 -2 7 -6 -9 -5
right_child=5 2 -4 9 6 -7 -8 8 -10 -11
leaf_value=-0.050539372270365659 -0.010531458597841166 0.023115440817906563 -0.036015786502883701 0.0019085789118108679 -0.03381897274639855 0.04677884807335822 0.01724194665327354 0.024853778807997665 -0.028288542109350279 0.037047259533446279
leaf_weight=28.227796531282365 0.53182709903922187 3.6828382443636718 4.1283435659715897 1.1096954033710051 4.0264770638896117 28.119554811157286 1.0048654843121774 3.0337220111396164 2.5592593518085778 6.4856162257492542
leaf_count=26316 389 94 3455 25 1318 2052 8 75 1009 259
internal_value=-0.000828157 -0.0258203 0.00267851 0.0123752 -0.00150278 0.0450973 -0.0123466 -0.0178732 -0.00050939 0.0333813
internal_weight=82.91 54.2586 26.0308 21.9025 14.3072 28.6514 10.6243 9.61946 5.59298 7.59531
internal_count=35000 32559 6243 2788 2504 2441 2410 2402 1084 284
is_linear=0
shrinkage=0.05


Tree=114
num_leaves=11
num_cat=0
split_feature=46 24 2 66 0 64 0 0 2 75
split_gain=37.8221 15.2939 4.36207 2.69957 2.22258 1.51678 1.17141 2.48244 1.07981 0.394885
threshold=1.5000000000000002 1.0000000180025095e-35 12515.977107271252 0.31187728124691733 2827.0000000000005 1.5000000000000002 198011.00000000003 200003.00000000003 233.31236111111113 4.5000000000000009
decision_type=2 2 2 2 2 2 2 2 2 2
left_child=1 -1 3 4 -3 -2 -6 -8 -5 -10
right_child=5 2 -4 8 6 -7 7 -9 9 -11
leaf_value=-0.050393324702791981 -0.010444285712479892 0.02270739946662664 -0.035612220186446074 -0.011581806688533168 -0.032420867142768151 0.04662668670607728 0.024469702600003241 -0.027385018778629006 0.004887805002914079 0.038902729110105616
leaf_weight=26.932653943193145 0.526285525062124 3.5996306552551749 3.9924895806470877 0.48096470790915091 3.470944701577535 26.839632794260979 2.9605304459109902 2.3167195074493065 1.645463319029657 6.8254016833379865
leaf_count=26316 389 94 3455 39 1137 2052 75 887 281 275
internal_value=-0.000830256 -0.0255612 0.00263666 0.0122476 -0.00327927 0.0448926 -0.0162077 0.000435502 0.0303526 0.034491
internal_weight=79.5907 52.2248 25.2921 21.2997 12.3478 27.3659 8.74819 5.27725 8.95183 8.47087
internal_count=35000 32559 6243 2788 2193 2441 2099 962 595 556
is_linear=0
shrinkage=0.05


Tree=115
num_leaves=15
num_cat=0
split_feature=64 65 2 24 59 2 3 75 2 0 3 2 0 0
split_gain=35.9247 10.1103 8.63019 4.34172 1.47376 0.990317 0.884236 0.351254 0.858447 0.188824 0.134829 0.0155298 0.000662655 0.296296
threshold=1.5000000000000002 1.5000000000000002 3513.0215382687506 1.0000000180025095e-35 5.5000000000000009 331.03452829416671 9.5000000000000018 4.5000000000000009 1044.4577777777779 200003.00000000003 1.5000000000000002 1333.0815012063892 4757.5000000000009 161214.00000000003
decision_type=2 2 2 2 2 2 2 2 2 2 2 2 2 2
left_child=2 -2 3 -1 5 6 10 8 -7 12 -5 -10 -8 -14
right_child=1 -3 -4 4 -6 7 9 -9 11 -11 -12 -13 13 -15
leaf_value=-0.037925500261183076 -0.037293994398582248 0.046935941046870933 -0.048515406003027894 0.00099541003844990034 -0.022519991423526436 0.017883119760446271 0.017761659509366649 0.03242383651361834 -0.00014068506255726689 -0.0044785761169920503 -0.024815312323522163 -0.015805516916039816 -0.010317788452242904 0.013460903559164048
leaf_weight=4.9441168119665244 2.5286711695371222 29.258488523773849 23.939148463367019 0.42191439680755038 1.4169078030390672 4.767391275148837 1.0923115648329265 3.6043061129748821 0.20559095498174407 0.66675749444402743 1.2821366821881381 0.91295333346351981 0.51492791459895648 0.87539706006646156
leaf_count=4309 2208 2268 24921 51 170 261 28 64 21 110 177 260 124 28
internal_value=-0.000859556 0.0384245 -0.0292787 -0.00472245 0.00879122 0.0142615 -0.00339949 0.0223132 0.00946889 0.0108242 -0.0213378 -0.014863 0.0150986 0.00376275
internal_weight=76.431 31.7872 44.6439 20.7047 15.7606 14.3437 4.85345 9.49024 5.88594 3.14939 1.70405 1.11854 2.48264 1.39032
internal_count=35000 4476 30524 5603 1294 1124 518 606 542 290 228 281 180 152
is_linear=0
shrinkage=0.05


Tree=116
num_leaves=11
num_cat=0
split_feature=46 24 2 66 0 64 0 0 2 75
split_gain=34.1175 14.0327 3.89411 2.44718 2.07558 1.4147 1.0851 2.32317 1.03395 0.383764
threshold=1.5000000000000002 1.0000000180025095e-35 12515.977107271252 0.31187728124691733 2827.0000000000005 1.5000000000000002 198011.00000000003 200003.00000000003 233.31236111111113 4.5000000000000009
decision_type=2 2 2 2 2 2 2 2 2 2
left_child=1 -1 3 4 -3 -2 -6 -8 -5 -10
right_child=5 2 -4 8 6 -7 7 -9 9 -11
leaf_value=-0.050098150244994116 -0.0099785942830552636 0.022082365194443551 -0.034649440878094052 -0.011421731084005514 -0.031828464114083715 0.046304608703318602 0.023885985211456739 -0.026837717069433581 0.0044769908091559472 0.038217820848130322
leaf_weight=24.639605618023779 0.49707989179296674 3.4767084238119486 3.6927539504831648 0.47685536090284397 3.3101676685037074 24.451154765672982 2.8516253186389804 2.2218296094797552 1.5839952334063125 6.3351139454171062
leaf_count=26316 389 94 3455 39 1137 2052 75 887 281 275
internal_value=-0.000941811 -0.0251249 0.00244943 0.0117185 -0.00328233 0.0445258 -0.0160284 0.000364968 0.0294639 0.0337324
internal_weight=73.5369 48.5887 23.949 20.2563 11.8603 24.9482 8.38362 5.07345 8.39596 7.91911
internal_count=35000 32559 6243 2788 2193 2441 2099 962 595 556
is_linear=0
shrinkage=0.05


Tree=117
num_leaves=11
num_cat=0
split_feature=46 24 2 66 0 64 0 0 2 75
split_gain=32.3633 13.4006 3.71012 2.32008 1.98662 1.39254 1.03184 2.22772 0.941111 0.357351
threshold=1.5000000000000002 1.0000000180025095e-35 12515.977107271252 0.31187728124691733 2827.0000000000005 1.5000000000000002 198011.00000000003 200003.00000000003 253.78611111111113 4.5000000000000009
decision_type=2 2 2 2 2 2 2 2 2 2
left_child=1 -1 3 4 -3 -2 -6 -8 -5 -10
right_child=5 2 -4 8 6 -7 7 -9 9 -11
leaf_value=-0.049928538857709162 -0.0098992341551511417 0.021686531333316786 -0.034245201750539064 -0.009861892295464008 -0.031443417095960789 0.046136039014815965 0.023512939231610977 -0.02649758958452347 0.0045519244218070803 0.037754603619939452
leaf_weight=23.522189425828401 0.49216921784682455 3.4015829332638594 3.5761022471124297 0.55567345186136474 3.2102016794960928 23.348651211708784 2.7854430603329092 2.1649505202658474 1.5716053537325931 6.0331863826140761
leaf_count=26316 389 94 3455 43 1137 2052 75 887 278 274
internal_value=-0.000971724 -0.0248955 0.0023267 0.0115003 -0.00328312 0.0443026 -0.0159113 0.000310584 0.0289695 0.0332696
internal_weight=70.6618 46.8209 23.2987 19.7226 11.5622 23.8408 8.1606 4.95039 8.16047 7.60479
internal_count=35000 32559 6243 2788 2193 2441 2099 962 595 552
is_linear=0
shrinkage=0.05


Tree=118
num_leaves=15
num_cat=0
split_feature=75 2 24 46 44 2 0 44 49 0 75 3 60 3
split_gain=30.7833 10.4419 2.33306 3.98259 1.8853 1.36562 0.879966 0.535554 0.483479 0.351274 0.407295 0.231557 0.224758 0.073047
threshold=5.5000000000000009 3513.0215382687506 1.0000000180025095e-35 3.5000000000000004 2.5000000000000004 331.03452829416671 2827.0000000000005 1.0000000180025095e-35 2.5000000000000004 219582.50000000003 4.5000000000000009 16.500000000000004 42.500000000000007 18.500000000000004
decision_type=2 2 2 2 2 2 2 2 2 2 2 2 2 2
left_child=1 2 3 -1 -3 6 -4 11 9 13 -11 -8 -6 -7
right_child=-2 4 5 -5 12 8 7 -9 -10 10 -12 -13 -14 -15
leaf_value=-0.040479574690636171 0.045832604663080964 -0.048807682237107471 0.014101608533964567 0.024705202562445603 -0.0078072714575988843 0.028542574152848305 -0.028872612974659068 0.008102477107985959 -0.0060682950658480488 -0.013582770168042929 0.013679256830711273 -5.1277660469290326e-05 0.014101871183355548 0.0052765543044298278
leaf_weight=4.8462816199753442 21.602398040704429 22.395605272788092 1.5242026138585067 1.9462031647562978 0.36923226219368988 6.8651719014160282 2.4186073401942858 0.6096051048953085 0.79660097579471845 0.73555875779129631 0.74469036981463432 0.83585565141402174 0.79390685702674091 1.4422291372902689
leaf_count=4748 2056 26302 42 152 382 361 398 34 93 173 13 108 42 96
internal_value=-0.00100019 -0.023833 0.000730564 -0.0204314 -0.0457687 0.0110021 -0.00769882 -0.0181747 0.0202329 0.0230399 0.000111733 -0.0243074 0.00660802 0.026311
internal_weight=67.9261 46.3238 22.765 6.79248 23.5587 15.9725 5.38827 3.86407 10.5843 9.78765 1.48025 3.25446 1.16314 8.3074
internal_count=35000 32944 6218 4900 26726 1318 582 540 736 643 186 506 424 457
is_linear=0
shrinkage=0.05


Tree=119
num_leaves=14
num_cat=0
split_feature=64 65 2 24 59 0 32 2 0 0 3 0 0
split_gain=29.239 8.55237 7.34389 3.42541 1.27258 0.895992 0.616173 0.506418 0.099642 0.838568 0.091884 0.023863 0.00719791
threshold=1.5000000000000002 1.5000000000000002 3513.0215382687506 1.0000000180025095e-35 5.5000000000000009 200003.00000000003 1.0000000180025095e-35 137.16333333333338 198011.00000000003 2827.0000000000005 16.500000000000004 25563.000000000004 13988.500000000002
decision_type=2 2 2 2 2 2 2 2 2 2 2 2 2
left_child=2 -2 3 -1 5 7 -7 10 9 -9 -5 12 -11
right_child=1 -3 -4 4 -6 6 -8 8 -10 11 -12 -13 -14
leaf_value=-0.035954658733677529 -0.035331573491736233 0.046351538370503105 -0.047713228341702871 -0.012104193164749049 -0.021565764546840935 -0.021068362791716169 0.010415248081345106 0.024259226788352933 0.028798224839011684 -0.001785384480846308 0.0037017761073193768 -0.007755223639068093 0.002066869199252446
leaf_weight=4.2008316438877964 2.1692806543433134 24.536027071066201 20.071799590310548 0.37933014240115781 1.33063449675683 1.4341312109027049 1.1931769158691168 2.9023798138368857 3.9260908653959632 0.3373601071070883 0.32527164183557034 2.124377841479145 0.57404772087465972
leaf_count=4309 2208 2268 24921 62 170 352 21 84 92 54 25 370 64
internal_value=-0.000974011 0.037717 -0.0281482 -0.00459831 0.00772302 0.013126 -0.0084485 0.0189801 0.0218092 0.011097 -0.00746588 -0.00612384 0.000394013
internal_weight=65.5047 26.7053 38.7994 18.7276 14.5268 13.1962 2.62731 10.5689 9.86426 5.93817 0.704602 3.03579 0.911408
internal_count=35000 4476 30524 5603 1294 1124 373 751 664 572 87 488 118
is_linear=0
shrinkage=0.05


Tree=120
num_leaves=11
num_cat=0
split_feature=46 24 2 75 0 64 64 0 0 2
split_gain=27.8115 11.8198 3.10831 2.09028 1.50954 1.23708 0.881883 0.969896 2.08199 0.558576
threshold=1.5000000000000002 1.0000000180025095e-35 12515.977107271252 4.5000000000000009 2827.0000000000005 1.5000000000000002 1.5000000000000002 198011.00000000003 200003.00000000003 331.03452829416671
decision_type=2 2 2 2 2 2 2 2 2 2
left_child=1 -1 3 4 -3 -2 7 -6 -9 -5
right_child=5 2 -4 9 6 -7 -8 8 -10 -11
leaf_value=-0.049410657347559776 -0.0091414597576987278 0.020560287859394177 -0.032686206456523342 -0.0028666956133646523 -0.031961919277323565 0.045609496571654029 0.015568306733081764 0.022536091837764144 -0.026205511881149769 0.034945163997806679
leaf_weight=20.651440186775289 0.44621611142065631 3.1984965086449 3.1694871479994609 0.79603776009753247 3.4419450206332804 20.416655882261693 0.87047346867621023 2.6169553452637047 2.1707832589163445 5.288212139159441
leaf_count=26316 389 94 3455 19 1318 2052 8 75 1009 265
internal_value=-0.00106174 -0.0241865 0.00212667 0.0107472 -0.00193119 0.0437412 -0.0121166 -0.0175161 -0.000773362 0.0305127
internal_weight=63.0667 42.2038 21.5524 18.3829 12.2987 20.8629 9.10016 8.22968 4.78774 6.08425
internal_count=35000 32559 6243 2788 2504 2441 2410 2402 1084 284
is_linear=0
shrinkage=0.05


Tree=121
num_leaves=15
num_cat=0
split_feature=75 2 24 46 44 2 0 44 66 2 3 60 3 4
split_gain=26.3927 9.17119 2.01385 3.41245 1.65598 1.22907 0.791366 0.510423 0.448748 0.717173 0.215351 0.187762 0.170892 0.046502
threshold=5.5000000000000009 3513.0215382687506 1.0000000180025095e-35 3.5000000000000004 2.5000000000000004 331.03452829416671 2827.0000000000005 1.0000000180025095e-35 0.30986725663716819 1044.4577777777779 16.500000000000004 42.500000000000007 19.500000000000004 2.5000000000000004
decision_type=2 2 2 2 2 2 2 2 2 2 2 2 2 2
left_child=1 2 3 -1 -3 6 -4 10 9 12 13 -6 -7 -8
right_child=-2 4 5 -5 11 8 7 -9 -10 -11 -12 -13 -14 -15
leaf_value=-0.039272346632861374 0.045264647669068014 -0.04819348035774746 0.01329291228568069 0.023247579612560808 -0.007189685010154271 0.017860575808247393 -0.0014835707815923711 0.0079541188688983262 0.028899962337228802 -0.014762738450406052 -4.2298145102520522e-05 0.013056879182528118 -0.0023470153488867225 -0.03015690620124381
leaf_weight=4.326635300007184 18.854052376933396 19.644448502280287 1.447643002029509 1.7326021241024134 0.33519584772875421 3.6964071849361044 0.37034923210740212 0.59258817182853807 4.2988493191078305 1.1808141138171775 0.80264480947516847 0.71483323944266886 0.76160431862808753 1.9118351326324043
leaf_count=4748 2056 26302 42 152 382 231 55 34 161 296 108 42 48 343
internal_value=-0.00106931 -0.0230727 0.000583761 -0.0200624 -0.0451415 0.0102671 -0.00774071 -0.0177866 0.0192951 0.00632323 -0.0239151 0.00611729 0.0147506 -0.02837
internal_weight=60.6705 41.8165 21.122 6.05924 20.6945 15.0627 5.12506 3.67742 9.93767 5.63883 3.08483 1.05003 4.45801 2.28218
internal_count=35000 32944 6218 4900 26726 1318 582 540 736 575 506 424 279 398
is_linear=0
shrinkage=0.05


Tree=122
num_leaves=11
num_cat=0
split_feature=46 24 2 75 0 64 64 0 0 2
split_gain=25.0993 10.8835 2.7889 1.8939 1.39567 1.16001 0.82488 0.917612 1.96487 0.531048
threshold=1.5000000000000002 1.0000000180025095e-35 12515.977107271252 4.5000000000000009 2827.0000000000005 1.5000000000000002 1.5000000000000002 198011.00000000003 200003.00000000003 331.03452829416671
decision_type=2 2 2 2 2 2 2 2 2 2
left_child=1 -1 3 4 -3 -2 7 -6 -9 -5
right_child=5 2 -4 9 6 -7 -8 8 -10 -11
leaf_value=-0.04901477062596387 -0.0087678788802100383 0.019931851361961784 -0.031698389662715203 -0.0028564917081491423 -0.031419264661323471 0.045237174981259842 0.01510640429539889 0.022109638042973598 -0.025679701681530179 0.034145166344106186
leaf_weight=18.916105232812697 0.42416943103308113 3.0916081739123973 2.9421357107930808 0.78765635285526414 3.2902822996838932 18.715534357354045 0.8352302461862563 2.5470890663564205 2.0824806109885685 4.9397779498249292
leaf_count=26316 389 94 3455 19 1318 2052 8 75 1009 265
internal_value=-0.00104347 -0.0236304 0.00204898 0.0103603 -0.00189243 0.043324 -0.0118724 -0.0171897 -0.00064897 0.0296343
internal_weight=58.5721 39.4324 20.5163 17.5741 11.8467 19.1397 8.75508 7.91985 4.62957 5.72743
internal_count=35000 32559 6243 2788 2504 2441 2410 2402 1084 284
is_linear=0
shrinkage=0.05


Tree=123
num_leaves=15
num_cat=0
split_feature=75 2 24 46 44 2 0 44 49 0 75 3 60 3
split_gain=23.7899 8.44466 1.80689 3.09222 1.53315 1.12821 0.728304 0.49232 0.437864 0.302074 0.341076 0.208521 0.170753 0.0859353
threshold=5.5000000000000009 3513.0215382687506 1.0000000180025095e-35 3.5000000000000004 2.5000000000000004 331.03452829416671 2827.0000000000005 1.0000000180025095e-35 2.5000000000000004 219582.50000000003 4.5000000000000009 16.500000000000004 42.500000000000007 18.500000000000004
decision_type=2 2 2 2 2 2 2 2 2 2 2 2 2 2
left_child=1 2 3 -1 -3 6 -4 11 9 13 -11 -8 -6 -7
right_child=-2 4 5 -5 12 8 7 -9 -10 10 -12 -13 -14 -15
leaf_value=-0.038388389000571455 0.044859662045060172 -0.047741245394350082 0.012780357232129214 0.022397177665943218 -0.0068978360067720144 0.026969108350837018 -0.027864615100421875 0.0079030107071332515 -0.0062910301847527803 -0.01277610992077517 0.012502815922819334 5.8206485463233996e-05 0.012503282157637036 0.0042390101450637541
leaf_weight=3.9973876180592933 17.250592583790421 18.021873200545091 1.4008014330174781 1.6182723445817826 0.3194427156704468 6.1383873121812904 2.1939211741555491 0.58485641935840238 0.73374478123150844 0.67778778448700883 0.66036145389080048 0.78551125084049989 0.67479287949390709 1.3276314247632397
leaf_count=4748 2056 26302 42 152 382 361 398 34 93 173 13 108 42 96
internal_value=-0.00105173 -0.0224866 0.000607809 -0.01959 -0.0446526 0.00985487 -0.00758185 -0.0173017 0.0186726 0.0215325 -0.000284499 -0.0234364 0.00582605 0.0246768
internal_weight=56.3854 39.1348 20.1187 5.61566 19.0161 14.503 4.96509 3.56429 9.53791 8.80417 1.33815 2.97943 0.994236 7.46602
internal_count=35000 32944 6218 4900 26726 1318 582 540 736 643 186 506 424 457
is_linear=0
shrinkage=0.05


Tree=124
num_leaves=11
num_cat=0
split_feature=46 24 2 66 0 64 2 0 0 75
split_gain=22.6683 10.0134 2.50149 1.76412 1.52894 1.08827 0.88958 0.839955 1.74674 0.317443
threshold=1.5000000000000002 1.0000000180025095e-35 12515.977107271252 0.31187728124691733 2827.0000000000005 1.5000000000000002 233.31236111111113 198011.00000000003 200003.00000000003 4.5000000000000009
decision_type=2 2 2 2 2 2 2 2 2 2
left_child=1 -1 3 4 -3 -2 -5 -6 -9 -8
right_child=5 2 -4 6 7 -7 9 8 -10 -11
leaf_value=-0.048588927693859592 -0.0084137664710463595 0.019234371111846865 -0.030713411685107262 -0.011015208487583753 -0.02973693787196606 0.044844188023455224 0.0034805573256294488 0.021611914807899299 -0.024379309582091686 0.035691228710481769
leaf_weight=17.344176132522989 0.40362988377455877 2.9779344429262036 2.7349118369165799 0.45070128422230382 2.792360992229078 17.175856784917414 1.3853010928141882 2.4681806969456375 1.8382859441335311 4.9085466489195824
leaf_count=26316 389 94 3455 39 1137 2052 281 75 887 275
internal_value=-0.00102771 -0.0230781 0.00195607 0.00996693 -0.00362444 0.0428868 0.0264579 -0.0153337 0.000474304 0.0311505
internal_weight=54.4799 36.9004 19.5562 16.8213 10.0768 17.5795 6.74455 7.09883 4.30647 6.29385
internal_count=35000 32559 6243 2788 2193 2441 595 2099 962 556
is_linear=0
shrinkage=0.05


Tree=125
num_leaves=11
num_cat=0
split_feature=46 24 2 66 0 64 2 0 0 75
split_gain=21.5072 9.55352 2.38794 1.67514 1.46645 1.07136 0.867436 0.79924 1.67832 0.311743
threshold=1.5000000000000002 1.0000000180025095e-35 12515.977107271252 0.31187728124691733 2827.0000000000005 1.5000000000000002 233.31236111111113 198011.00000000003 200003.00000000003 4.5000000000000009
decision_type=2 2 2 2 2 2 2 2 2 2
left_child=1 -1 3 4 -3 -2 -5 -6 -9 -8
right_child=5 2 -4 6 7 -7 9 8 -10 -11
leaf_value=-0.048355572877312181 -0.008355124252129276 0.018877666674352887 -0.030328121947417186 -0.010910686897943082 -0.029366736413857453 0.044628672780960769 0.0034100273078835697 0.021268597863362569 -0.024071470308424943 0.035317369880258256
leaf_weight=16.58534021754167 0.40026202844456094 2.9217215948738211 2.6585247677867292 0.45140975224785407 2.7134042262914591 16.424531409982592 1.3846391500555908 2.4162292915862054 1.7953730628942137 4.7379874242469668
leaf_count=26316 389 94 3455 39 1137 2052 281 75 887 275
internal_value=-0.00106365 -0.0228375 0.00182829 0.00976199 -0.00362462 0.0426144 0.0259811 -0.0152213 0.000413226 0.0307179
internal_weight=52.4894 35.6646 19.0793 16.4208 9.84673 16.8248 6.57404 6.92501 4.2116 6.12263
internal_count=35000 32559 6243 2788 2193 2441 595 2099 962 556
is_linear=0
shrinkage=0.05


Tree=126
num_leaves=14
num_cat=0
split_feature=64 65 2 24 59 0 2 32 3 0 0 0 0
split_gain=20.4892 6.37824 5.53836 2.25219 1.01096 0.7494 0.448394 0.434998 0.0819161 0.0653198 0.688977 0.0121756 0.00508424
threshold=1.5000000000000002 1.5000000000000002 3513.0215382687506 1.0000000180025095e-35 5.5000000000000009 200003.00000000003 137.16333333333338 1.0000000180025095e-35 16.500000000000004 198011.00000000003 2827.0000000000005 25563.000000000004 13988.500000000002
decision_type=2 2 2 2 2 2 2 2 2 2 2 2 2
left_child=2 -2 3 -1 5 6 8 -7 -5 10 -8 12 -12
right_child=1 -3 -4 4 -6 7 9 -9 -10 -11 11 -13 -14
leaf_value=-0.032294375278010434 -0.031689273340677906 0.045153861677887874 -0.046052679844879645 -0.011924385059695938 -0.020136106133878593 -0.01932871849165883 0.022157261943425585 0.0082639344638201027 0.0033856120419349166 0.026514105727951189 -0.0018219018431755527 -0.0076046461829523812 0.0014474532525391404
leaf_weight=3.1685318014933737 1.6768119666958252 18.217705759219825 14.89886041820864 0.32915782160125573 1.1980459869373596 1.2443954561604178 2.5384727828204614 1.0315561960451305 0.29324121004901826 3.3642682617064565 0.29300643398892168 1.8471489666262639 0.49024999153334647
leaf_count=4309 2208 2268 24921 62 170 352 84 21 25 92 54 370 64
internal_value=-0.00110026 0.036374 -0.0261265 -0.00427115 0.0062132 0.0115618 0.0172963 -0.00880679 -0.00763032 0.020218 0.00986637 -0.00644205 -0.000205914
internal_weight=50.5915 19.8945 30.6969 15.7981 12.6295 11.4315 9.15555 2.27595 0.622399 8.53315 5.16888 2.63041 0.783256
internal_count=35000 4476 30524 5603 1294 1124 751 373 87 664 572 488 118
is_linear=0
shrinkage=0.05


Tree=127
num_leaves=15
num_cat=0
split_feature=75 2 24 46 44 2 3 4 49 64 0 0 0 0
split_gain=19.4643 7.08036 1.48028 2.49706 1.2747 1.00519 0.711139 0.936998 0.397846 0.278682 0.425822 0.274304 0.577847 0.197951
threshold=5.5000000000000009 3513.0215382687506 1.0000000180025095e-35 3.5000000000000004 2.5000000000000004 331.03452829416671 9.5000000000000018 2.5000000000000004 2.5000000000000004 1.0000000180025095e-35 200003.00000000003 198011.00000000003 2827.0000000000005 4757.5000000000009
decision_type=2 2 2 2 2 2 2 2 2 2 2 2 2 2
left_child=1 2 3 -1 -3 6 7 -4 9 10 11 12 -7 -8
right_child=-2 4 5 -5 -6 8 13 -9 -10 -11 -12 -13 -14 -15
leaf_value=-0.03663324618303853 0.043966960127236401 -0.046769829454964738 0.0093833318969635364 0.020473944267119848 0.0051887157836765759 0.013850619545305684 0.015432634604687377 -0.036749736931686407 -0.0063141988808771733 0.028848565409311425 -0.01187182137429804 0.022055962283448673 -0.016195522408189712 -0.0027981119868036217
leaf_weight=3.4422859903424987 14.453716963995246 15.251364277268294 0.69976191502064544 1.3837334457784889 0.86328369303373698 1.5022613767068818 0.88699619099497828 1.0113385538570581 0.68169723567552942 3.4786785206524637 0.61519534839317191 1.5662086904048917 0.9466207749210297 2.0405007884837687
leaf_count=4748 2056 26302 46 152 424 52 28 210 93 122 163 52 254 298
internal_value=-0.0012047 -0.0215741 0.000362351 -0.019058 -0.0437208 0.00890709 -0.00784578 -0.022994 0.0175628 0.0204222 0.00729915 0.0132072 0.00017677 0.00674748
internal_weight=48.8236 34.3699 18.2553 4.82602 16.1146 13.4293 4.6386 1.7111 8.79066 8.10896 4.63029 4.01509 2.44888 2.9275
internal_count=35000 32944 6218 4900 26726 1318 582 256 736 643 521 358 306 326
is_linear=0
shrinkage=0.05


Tree=128
num_leaves=11
num_cat=0
split_feature=46 24 75 0 64 64 0 0 2 2
split_gain=18.5417 8.40685 2.00528 1.73197 0.970823 0.955746 0.590049 2.1119 0.322611 0.244359
threshold=1.5000000000000002 1.0000000180025095e-35 4.5000000000000009 2827.0000000000005 1.5000000000000002 1.5000000000000002 198011.00000000003 200003.00000000003 343.66671068236116 9589.7707383311135
decision_type=2 2 2 2 2 2 2 2 2 2
left_child=1 -1 3 -3 6 -2 -5 -8 -4 -10
right_child=5 2 8 4 -6 -7 7 -9 9 -11
leaf_value=-0.047672397285617382 -0.0077442825885716314 0.017749111829116447 -0.0020350806131246217 -0.03394775200587577 0.013864671109911842 0.04396566278380315 0.020166523456141311 -0.02876580361487522 0.030508765229603538 -0.00042733552497121492
leaf_weight=14.659773907973429 0.36572174116736 2.7968200324103263 0.80327127268537779 4.1404986469424294 0.74408846162259656 14.437972604297101 2.2823324581841007 2.6803756689187139 3.6422483939677477 0.6580759985372423
leaf_count=26316 389 97 22 3340 8 2052 89 2419 214 54
internal_value=-0.00118011 -0.0221597 0.00160785 -0.00911943 -0.0184587 0.0419185 -0.0231223 -0.00693337 0.0232695 0.0271418
internal_weight=47.2112 32.4075 17.7477 12.6441 9.8473 14.8037 9.10321 4.96271 5.1036 4.30032
internal_count=35000 32559 6243 5953 5856 2441 5848 2508 290 268
is_linear=0
shrinkage=0.05


Tree=129
num_leaves=15
num_cat=0
split_feature=75 2 24 46 44 2 3 4 49 0 75 0 0 0
split_gain=17.567 6.52242 1.33923 2.26661 1.18571 0.93823 0.696745 0.903138 0.38048 0.251416 0.329391 0.178881 0.150671 0.140146
threshold=5.5000000000000009 3513.0215382687506 1.0000000180025095e-35 3.5000000000000004 2.5000000000000004 331.03452829416671 9.5000000000000018 2.5000000000000004 2.5000000000000004 200003.00000000003 4.5000000000000009 4757.5000000000009 161214.00000000003 200003.00000000003
decision_type=2 2 2 2 2 2 2 2 2 2 2 2 2 2
left_child=1 2 3 -1 -3 6 7 -4 9 -7 -11 -8 -13 -14
right_child=-2 4 5 -5 -6 8 11 -9 -10 10 -12 12 13 -15
leaf_value=-0.035714849641758008 0.043493484617613223 -0.046247812829066731 0.009210868032372312 0.019699297221114652 0.0049339553018206399 0.023216535952538839 0.015081071317226292 -0.036392309741815169 -0.0062512191230988338 -0.012510272720987604 0.012389315190586392 -0.010950658827955685 0.011597682097269593 -0.0052276346823968665
leaf_weight=3.19398071296746 13.273968868888913 14.029478545009621 0.68308847863227196 1.2975928122177718 0.82617056416347701 6.4409369170898554 0.85830373689532313 0.96710717235691845 0.66135652409866441 0.6596417677355928 0.65332689136266708 0.55343087809160341 0.76620250241830923 0.67834590771235526
leaf_count=4748 2056 26302 46 152 424 444 28 210 93 184 15 141 31 126
internal_value=-0.0011509 -0.0209821 0.000430067 -0.018569 -0.0431537 0.0086378 -0.00769105 -0.0228115 0.0171799 0.0200504 -0.00012072 0.00684158 -0.00247166 0.00524891
internal_weight=45.5429 32.269 17.4133 4.49157 14.8556 12.9217 4.50648 1.6502 8.41526 7.75391 1.31297 2.85628 1.99798 1.44455
internal_count=35000 32944 6218 4900 26726 1318 582 256 736 643 199 326 298 157
is_linear=0
shrinkage=0.05


end of trees

feature_importances:
amount_paise=381
account_age_hours=260
component_ip_count=201
historical_customers_on_current_device=175
component_new_edges_10m=129
is_new_address_for_customer=98
component_node_count=90
ip_txn_count_10m=78
customer_two_hop_customer_count_via_device_or_ip=33
component_address_count=26
historical_devices_on_current_ip=25
customer_txn_count_30d=24
component_edge_count=19
hour_of_day=18
component_multipartite_density=16
address_unique_customers_24h=11
address_txn_count_24h=10
historical_customers_on_current_ip=9
historical_customers_on_current_address=5
ip_unique_customers_24h=4
day_of_week=3

parameters:
[boosting: gbdt]
[objective: binary]
[metric: average_precision,binary_logloss]
[tree_learner: serial]
[device_type: cpu]
[data_sample_strategy: bagging]
[data: ]
[valid: ]
[num_iterations: 500]
[learning_rate: 0.05]
[num_leaves: 15]
[num_threads: 1]
[seed: 73129]
[deterministic: 1]
[force_col_wise: 1]
[force_row_wise: 0]
[histogram_pool_size: -1]
[max_depth: -1]
[min_data_in_leaf: 40]
[min_sum_hessian_in_leaf: 0.001]
[bagging_fraction: 1]
[pos_bagging_fraction: 1]
[neg_bagging_fraction: 1]
[bagging_freq: 0]
[bagging_seed: 73129]
[bagging_by_query: 0]
[feature_fraction: 1]
[feature_fraction_bynode: 1]
[feature_fraction_seed: 73129]
[extra_trees: 0]
[extra_seed: 23642]
[early_stopping_round: 0]
[early_stopping_min_delta: 0]
[first_metric_only: 0]
[max_delta_step: 0]
[lambda_l1: 0]
[lambda_l2: 2]
[linear_lambda: 0]
[min_gain_to_split: 0]
[drop_rate: 0.1]
[max_drop: 50]
[skip_drop: 0.5]
[xgboost_dart_mode: 0]
[uniform_drop: 0]
[drop_seed: 15609]
[top_rate: 0.2]
[other_rate: 0.1]
[min_data_per_group: 100]
[max_cat_threshold: 32]
[cat_l2: 10]
[cat_smooth: 10]
[max_cat_to_onehot: 4]
[top_k: 20]
[monotone_constraints: ]
[monotone_constraints_method: basic]
[monotone_penalty: 0]
[feature_contri: ]
[forcedsplits_filename: ]
[refit_decay_rate: 0.9]
[cegb_tradeoff: 1]
[cegb_penalty_split: 0]
[cegb_penalty_feature_lazy: ]
[cegb_penalty_feature_coupled: ]
[path_smooth: 0]
[interaction_constraints: ]
[verbosity: -1]
[saved_feature_importance_type: 0]
[use_quantized_grad: 0]
[num_grad_quant_bins: 4]
[quant_train_renew_leaf: 0]
[stochastic_rounding: 1]
[linear_tree: 0]
[max_bin: 255]
[max_bin_by_feature: ]
[min_data_in_bin: 3]
[bin_construct_sample_cnt: 200000]
[data_random_seed: 73129]
[is_enable_sparse: 1]
[enable_bundle: 1]
[use_missing: 1]
[zero_as_missing: 0]
[feature_pre_filter: 1]
[pre_partition: 0]
[two_round: 0]
[header: 0]
[label_column: ]
[weight_column: ]
[group_column: ]
[ignore_column: ]
[categorical_feature: ]
[forcedbins_filename: ]
[precise_float_parser: 0]
[parser_config_file: ]
[objective_seed: 16775]
[num_class: 1]
[is_unbalance: 0]
[scale_pos_weight: 1]
[sigmoid: 1]
[boost_from_average: 1]
[reg_sqrt: 0]
[alpha: 0.9]
[fair_c: 1]
[poisson_max_delta_step: 0.7]
[tweedie_variance_power: 1.5]
[lambdarank_truncation_level: 30]
[lambdarank_norm: 1]
[label_gain: ]
[lambdarank_position_bias_regularization: 0]
[eval_at: ]
[multi_error_top_k: 1]
[auc_mu_weights: ]
[num_machines: 1]
[local_listen_port: 12400]
[time_out: 120]
[machine_list_filename: ]
[machines: ]
[gpu_platform_id: -1]
[gpu_device_id: -1]
[gpu_device_id_list: ]
[gpu_use_dp: 0]
[num_gpu: 1]

end of parameters

pandas_categorical:null
