tree
version=v4
num_class=1
num_tree_per_iteration=1
label_index=0
max_feature_idx=76
objective=binary sigmoid:1
feature_names=amount_paise log_amount account_age_hours hour_of_day day_of_week is_weekend customer_txn_count_1h customer_txn_count_24h customer_txn_count_30d customer_failed_txn_count_1h customer_failed_txn_count_24h customer_failure_rate_30d customer_avg_amount_30d customer_amount_std_30d amount_vs_customer_mean amount_zscore_customer customer_unique_devices_24h customer_unique_instruments_24h customer_unique_ips_24h customer_unique_addresses_30d customer_merchant_txn_count_30d is_new_device_for_customer is_new_instrument_for_customer is_new_ip_for_customer is_new_address_for_customer device_txn_count_1m device_txn_count_10m device_txn_count_1h device_failed_txn_count_10m device_failed_txn_count_1h device_unique_customers_1h device_unique_instruments_1h ip_txn_count_10m ip_txn_count_1h ip_failed_txn_count_10m ip_failed_txn_count_1h ip_unique_customers_1h ip_unique_customers_24h instrument_txn_count_10m instrument_txn_count_1h instrument_txn_count_24h instrument_failed_txn_count_1h instrument_unique_devices_24h address_txn_count_1h address_txn_count_24h address_unique_customers_24h historical_customers_on_current_device historical_instruments_on_current_device historical_customers_on_current_ip historical_devices_on_current_ip historical_customers_on_current_address historical_devices_for_current_instrument device_customer_degree device_instrument_degree ip_customer_degree ip_device_degree address_customer_degree instrument_device_degree instrument_customer_degree component_node_count component_edge_count component_customer_count component_device_count component_instrument_count component_ip_count component_address_count component_multipartite_density new_customer_device_edge new_customer_instrument_edge new_customer_ip_edge new_customer_address_edge new_instrument_device_edge preexisting_component_count components_bridged_by_transaction customer_two_hop_customer_count_via_device_or_ip component_new_edges_10m device_new_identities_10m
feature_infos=[1000:5000000] [6.9087547793152204:15.424948670398354] [24.28342539777778:36433.982428889169] [0:23] [0:6] [0:1] [0:8] [0:10] [0:20] [0:4] [0:4] [0:1] [0:5000000] [0:2498509.5] [0:1007.0493454179255] [-614.47013432409256:6066.4491017964074] [0:4] [0:5] [0:3] [0:1] [0:4] [0:1] [0:1] [0:1] [0:1] [0:1] [0:10] [0:12] [0:7] [0:8] [0:12] [0:12] [0:20] [0:29] [0:12] [0:12] [0:12] [0:14] [0:7] [0:8] [0:12] [0:4] [0:4] [0:14] [0:14] [0:6] [0:12] [0:12] [0:14] [0:22] [0:6] [0:6] [0:12] [0:12] [0:14] [0:22] [0:6] [0:6] [0:7] [0:63] [0:115] [0:15] [0:22] [0:21] [0:10] [0:12] [0:1] [0:1] [0:1] [0:1] [0:1] [0:1] [0:3] [0:2] [0:14] [0:76] [0:20]
tree_sizes=3357 3407 3434 3411 3402 3411 3425 3451 3427 3445 3415 3418 3410 3417 3428 3462 3428 3433 3430 3437 3454 3425 3419 3431 3395 3442 3417 3408 3420 3416 3419 3419 3446 3468 3434 3424 3420 3420 3454 3419 3435 3448 3425 3421 3433 3438 3430 3428 3445 3410 3451 3452 3425 3446 3448 3437 3442 3439 3438 3453 3438 3453 3434 3463 3445 3441 3473 3464 3449 3469 3437 3454 3480 3462 3490 3473 3459 3448 3445

Tree=0
num_leaves=31
num_cat=0
split_feature=64 33 75 64 23 39 27 50 35 32 33 46 45 65 75 60 29 63 37 59 37 58 49 45 3 0 64 60 0 3
split_gain=13161.6 5498.14 1237.58 689.383 649.692 1260.24 689.248 296.365 289.481 150.347 115.266 115.046 91.7517 1318.4 86.2597 173.659 62.4867 54.0012 107.115 28.6667 19.4327 17.2053 172.336 12.226 8.14119 6.94314 5.5308 225.663 5.50164 6.39384
threshold=2.5000000000000004 7.5000000000000009 14.500000000000002 1.5000000000000002 1.0000000180025095e-35 1.0000000180025095e-35 1.0000000180025095e-35 1.5000000000000002 1.5000000000000002 1.0000000180025095e-35 8.5000000000000018 1.5000000000000002 1.5000000000000002 1.5000000000000002 4.5000000000000009 10.500000000000002 1.0000000180025095e-35 1.5000000000000002 1.0000000180025095e-35 1.0000000180025095e-35 3.5000000000000004 1.5000000000000002 3.5000000000000004 1.0000000180025095e-35 17.500000000000004 56637.000000000007 1.5000000000000002 21.500000000000004 24219.000000000004 10.500000000000002
decision_type=2 2 2 2 2 2 2 2 2 2 2 2 2 2 2 2 2 2 2 2 2 2 2 2 2 2 2 2 2 2
left_child=1 2 4 8 12 6 11 -8 20 -7 16 14 21 -14 17 -16 -3 18 19 24 -4 26 -23 -20 28 -25 -1 -28 29 -6
right_child=-2 10 3 -5 5 9 7 -9 -10 -11 -12 -13 13 -15 15 -17 -18 -19 23 -21 -22 22 -24 25 -26 -27 27 -29 -30 -31
leaf_value=-2.6076666027695592 -2.0132834503221702 -2.4826182339356908 -2.4888999770276219 -2.0974264230126787 -2.5644599922836031 -2.0876830272386533 -2.1419324692424966 -2.5970326928864655 -2.2388734103788313 -2.4673910607520328 -2.027117124274052 -2.3625964187599995 -2.6075910061442795 -2.0746825230546011 -2.2644292654834457 -2.6011227041497404 -2.1992492362898708 -2.6057831032242964 -2.4268081997344462 -2.606812500187643 -2.5913736873970188 -2.3583919827965021 -2.6070287555584892 -2.4643243598003206 -2.5812861242930194 -2.538282693258529 -2.6076717856954934 -2.3061141679734223 -2.5675740100119673 -2.5252239595264179
leaf_weight=1453.2805722653866 66.193875730037689 2.8520407378673545 2.7193876802921357 10.678571134805681 16.515305668115619 9.1530609726905805 7.7602038681507093 2.9183672666549683 4.6428570151329032 2.7193876802921286 26.066325813531876 3.2499999105930319 97.964283019304276 7.0306120514869681 3.316326439380644 5.2397957742214203 3.117346853017807 71.698977619409561 6.3010202348232243 34.489794969558716 13.596938401460646 3.979591727256774 42.183672308921814 2.9183672666549683 64.933671683073044 6.4999998211860657 120.51530280709267 3.1173468530178061 215.62754508852959 10.147958904504774
leaf_count=21911 998 43 41 161 249 138 117 44 70 41 393 49 1477 106 50 79 47 1081 95 520 205 60 636 44 979 98 1817 47 3251 153
internal_value=-2.56495 -2.58138 -2.58898 -2.34443 -2.59261 -2.55058 -2.56171 -2.25841 -2.48584 -2.16032 -2.06912 -2.56973 -2.60388 -2.56762 -2.57173 -2.45283 -2.3034 -2.57436 -2.56795 -2.57277 -2.57089 -2.60623 -2.58167 -2.46908 -2.56882 -2.50791 -2.60693 -2.59805 -2.56543 -2.54863
internal_weight=2321.43 2255.23 2223.2 31.6378 2191.56 463.49 451.617 10.6786 20.9592 11.8724 32.0357 440.939 1728.07 104.995 437.689 8.55612 5.96939 429.133 357.434 341.714 16.3163 1623.08 46.1633 15.7194 307.224 9.41837 1576.91 123.633 242.291 26.6633
internal_count=35000 34002 33519 477 33042 6988 6809 161 316 179 483 6648 26054 1583 6599 129 90 6470 5389 5152 246 24471 696 237 4632 142 23775 1864 3653 402
is_linear=0
shrinkage=1


Tree=1
num_leaves=31
num_cat=0
split_feature=64 33 75 23 39 2 27 2 2 66 2 46 33 59 2 65 49 4 2 2 2 2 33 66 2 64 2 0 2 2
split_gain=7761.06 3525.65 995.214 626.373 835.342 601.321 497.359 161.363 258.549 123.261 114.599 100.883 100.56 185.548 92.4861 91.0548 1561.97 70.6348 55.5501 96.4689 52.0922 81.352 37.1707 35.1115 34.9726 40.6764 29.9839 27.3226 24.8574 68.8599
threshold=2.5000000000000004 7.5000000000000009 14.500000000000002 1.0000000180025095e-35 1.0000000180025095e-35 3663.1950003769448 1.0000000180025095e-35 22155.725827163613 21625.533667062227 0.49183135704874842 10323.393574348753 1.5000000000000002 1.0000000180025095e-35 5.5000000000000009 3128.9712500000005 1.5000000000000002 2.5000000000000004 2.5000000000000004 599.11082854875019 2268.0701388888892 17199.960231911533 17806.777767565003 1.0000000180025095e-35 0.34156504065040655 10575.515585078336 1.0000000180025095e-35 1778.9468055555558 90594.000000000015 481.27068511430565 2268.0701388888892
decision_type=2 2 2 2 2 2 2 2 2 2 2 2 2 2 2 2 2 2 2 2 2 2 2 2 2 2 2 2 2 2
left_child=1 2 3 15 6 9 7 8 11 23 -8 12 17 -14 -3 -1 -17 18 -5 26 24 -22 -6 -4 25 -21 -20 -10 -19 -30
right_child=-2 14 5 4 22 -7 10 -9 27 -11 -12 -13 13 -15 -16 16 -18 28 19 20 21 -23 -24 -25 -26 -27 -28 -29 29 -31
leaf_value=-0.042749508118353728 0.33627261993601004 0.33599471731573205 0.14402801621637434 -0.027626337675296153 0.32115835780702884 -0.040153232296842256 0.28672633852882828 -0.042705450386374112 0.063642285189189879 0.0631543184509199 0.0072725581438520658 0.19440246757749308 0.29463316499911651 -0.014452398912722784 0.0855867594346994 0.34548835083721435 -0.042776874130741736 -0.037635830864649569 0.070107066980908586 0.070914185608134353 0.23701460904512675 0.024750037532559395 0.1271623754907758 0.35339434341308285 -0.040397351611581291 -0.03790159388779369 0.26657818795655686 0.24062587097661958 0.068199156498184171 -0.016529066715301841
leaf_weight=1404.9166268408298 103.72697712481022 44.352661289274693 3.4891890585422578 19.956081338226795 12.561114311218263 13.179311566054819 10.847959645092486 125.59521646052599 2.7771744057536107 3.8973014950752249 2.9942166507244101 3.382454812526702 4.2100353091955167 7.4831115677952766 3.3456179201602927 16.754754081368446 249.59940576553345 58.566511616110802 3.2694937363266936 15.521520696580408 3.4373223930597296 9.074471250176428 3.9359835535287848 17.399905040860176 15.363557450473307 7.4676228165626553 2.8855849504470825 7.1879085227847099 16.286936797201633 136.33305118978024
leaf_count=21962 998 443 44 304 128 195 121 1912 42 51 40 43 52 113 40 188 3904 888 50 235 51 138 51 187 235 116 44 108 248 2069
internal_value=-0.000248964 -0.0160736 -0.0235881 -0.0272233 0.0135957 0.176795 0.00310575 -0.00458683 0.0107861 0.289233 0.23084 0.00387334 0.0010851 0.111276 0.320549 -0.0386828 -0.0171525 -0.00375565 0.0288151 0.0487045 0.0287419 0.0962902 0.284786 0.326601 0.00481871 0.0354608 0.186599 0.201605 -0.0157073 -0.00710215
internal_weight=2329.8 2226.07 2178.37 2140.41 469.137 37.9657 452.64 438.798 313.203 24.7864 13.8422 303.238 299.855 11.6931 47.6983 1671.27 266.354 288.162 76.9757 57.0196 50.8645 12.5118 16.4971 20.8891 38.3527 22.9891 6.15508 9.96508 211.186 152.62
internal_count=35000 34002 33519 33042 6988 477 6809 6648 4736 282 161 4586 4543 165 483 26054 4092 4378 1173 869 775 189 179 231 586 351 94 150 3205 2317
is_linear=0
shrinkage=0.04


Tree=2
num_leaves=31
num_cat=0
split_feature=64 30 65 23 43 27 50 4 49 37 40 65 49 50 3 4 49 37 3 50 4 3 3 0 4 3 0 0 3 4
split_gain=5637.86 2712.87 1787.33 698.986 844.904 253.359 127.171 83.824 55.1611 291.835 53.8571 415.155 232.317 47.4293 29.4323 27.5925 31.929 149.194 23.5357 16.3448 15.5303 13.3257 20.8253 13.0642 12.9703 12.7867 10.3967 8.81188 8.45817 6.79803
threshold=2.5000000000000004 1.5000000000000002 1.5000000000000002 1.0000000180025095e-35 1.0000000180025095e-35 1.0000000180025095e-35 1.5000000000000002 2.5000000000000004 2.5000000000000004 1.0000000180025095e-35 1.5000000000000002 1.5000000000000002 2.5000000000000004 1.0000000180025095e-35 17.500000000000004 3.5000000000000004 1.5000000000000002 1.0000000180025095e-35 6.5000000000000009 1.0000000180025095e-35 1.0000000180025095e-35 14.500000000000002 5.5000000000000009 30323.500000000004 5.5000000000000009 9.5000000000000018 86439.500000000015 116116.50000000001 1.5000000000000002 1.5000000000000002
decision_type=2 2 2 2 2 2 2 2 2 2 2 2 2 2 2 2 2 2 2 2 2 2 2 2 2 2 2 2 2 2
left_child=1 3 -3 10 5 7 -6 8 9 13 -1 -12 -13 20 15 -9 17 19 -19 23 -5 22 27 25 -25 -17 -23 -22 -26 -28
right_child=-2 2 -4 4 6 -7 -8 14 -10 -11 11 12 -14 -15 -16 16 -18 18 -20 -21 21 26 -24 24 28 -27 29 -29 -30 -31
leaf_value=-0.0419309248335843 0.25207806421594775 -0.042018377099280253 0.26752448391021466 0.0064036550725049502 0.23768518986894735 0.22639413157394578 0.023957814797890383 -0.026661022114445286 -0.040589260125778064 0.25610386649197925 -0.042461377420950852 0.27353351793739772 -0.036373020594027292 -0.040749374065447805 -0.037221195603103857 0.00085312216875555488 -0.03615585503449411 0.045879750398727347 0.19840002133607082 -0.040186692764436704 0.089539544652664449 0.02003332049832067 -0.0055296750191035204 -0.011583912864192669 -0.032890946714181558 0.068169734328893852 0.048666481458172081 0.024026974072122009 0.029184900641252592 0.12282833328366657
leaf_weight=1456.447174873203 132.42268428206444 45.303555868566036 85.116722203791142 30.545009359717369 28.461564667522907 6.803613379597663 5.5300408080220214 82.107117045670748 16.942448303103447 7.8003810271620742 110.69257606193423 10.401709601283072 5.5365301556885234 18.553861513733864 69.130420695990324 9.100342661142351 28.644068755209446 3.0585362240672094 6.1136465817689896 14.802678517997263 6.8570187240839022 5.3849313333630588 16.119449257850647 70.35374704003334 3.2498964890837696 8.0102087035775167 6.0044582039117795 7.3837021067738533 23.389835171401501 5.5202460214495659
leaf_count=23581 998 717 676 455 251 60 70 1252 265 92 1790 90 88 292 1078 140 446 41 78 235 100 81 243 1080 50 119 90 110 353 79
internal_value=-0.000377655 -0.0157274 0.160498 -0.0269408 0.0153251 0.000470653 0.204593 -0.00353662 0.0246552 0.0355519 -0.0397542 -0.014586 0.170088 0.0152528 -0.0143186 -0.00783219 0.00154424 0.00956875 0.157051 -0.00205333 0.0289533 0.0430901 0.025838 0.00319986 -0.00259735 0.034391 0.0708928 0.059377 0.020696 0.0911601
internal_weight=2325.79 2193.37 130.42 2062.95 479.867 445.876 33.9916 439.072 121.112 104.169 1583.08 126.631 15.9382 96.3687 317.96 248.83 166.723 138.079 9.17218 128.907 77.8148 47.2698 30.3602 114.104 96.9935 17.1106 16.9096 14.2407 26.6397 11.5247
internal_count=35000 34002 1393 32609 7060 6739 321 6679 1807 1542 25549 1968 178 1450 4872 3794 2542 2096 119 1977 1158 703 453 1742 1483 259 250 210 403 169
is_linear=0
shrinkage=0.04


Tree=3
num_leaves=31
num_cat=0
split_feature=64 30 65 23 43 27 2 2 2 2 50 46 50 0 40 65 49 2 2 2 2 37 49 50 2 2 2 0 0 75
split_gain=4442.82 2302.28 1267.99 673.988 666.178 203.96 158.892 188.767 87.1164 166.764 102.957 84.5135 84.132 70.7546 53.5082 356.457 165.563 44.6068 43.5905 119.086 58.561 32.2083 46.4796 31.5407 35.9552 30.1396 41.0927 27.9397 15.5178 14.8365
threshold=2.5000000000000004 1.5000000000000002 1.5000000000000002 1.0000000180025095e-35 1.0000000180025095e-35 1.0000000180025095e-35 22155.725827163613 21625.533667062227 457.9029839405556 2268.0701388888892 1.0000000180025095e-35 1.5000000000000002 1.5000000000000002 239800.50000000003 1.5000000000000002 1.5000000000000002 2.5000000000000004 599.11082854875019 17199.960231911533 17806.777767565003 10575.515585078336 1.0000000180025095e-35 2.5000000000000004 1.0000000180025095e-35 9665.7476402156954 7836.8212339709735 7263.8088888888897 180171.50000000003 85187.000000000015 4.5000000000000009
decision_type=2 2 2 2 2 2 2 2 2 2 2 2 2 2 2 2 2 2 2 2 2 2 2 2 2 2 2 2 2 2
left_child=1 3 -3 14 5 6 7 8 29 10 13 18 -6 17 -1 -16 -17 -10 20 -20 23 -21 -23 24 25 26 -11 -26 -9 -5
right_child=-2 2 -4 4 12 -7 -8 28 9 11 -12 -13 -14 -15 15 16 -18 -19 19 21 -22 22 -24 -25 27 -27 -28 -29 -30 -31
leaf_value=-0.041780794454400562 0.20498896640259992 -0.041866584948132043 0.21456693246184036 -0.035824903397052001 0.19378272207495326 0.18906515132954288 -0.042528862347745333 0.05190391652863121 0.047990736236101138 0.0089649743124761479 -0.037276947661943234 0.16716990409343763 0.022757984106560811 0.038538250215772271 -0.042329970978754662 0.2203768675730304 -0.036107633415146119 0.21785179379693945 0.15185776854084554 -0.021451819609145672 -0.042227524757788765 0.13528026622074754 -0.03437098534352083 -0.040370072864050977 0.011029654611673325 -0.040236116313817127 0.11218598725598301 0.15026394696136447 0.1837523540607657 0.043655420125620376
leaf_weight=1404.2696066126227 155.98373505473137 43.685369700193405 101.71697916835546 72.472726568579674 33.615127868950367 7.9904452860355368 119.46889020875096 2.8149746097624293 3.8453171178698637 43.638053953647614 6.4381609447300425 3.9184007868170729 5.6391572132706633 8.7694479897618276 106.6788028255105 12.582144588232042 5.3649557903408995 12.61920379847288 9.4468386843800527 28.826441217213869 58.375011093914509 4.8037178777158243 4.0655390881001949 15.946346186101435 4.2138066962361318 14.321099169552324 6.2312243208289138 4.5930643677711487 9.3764420226216298 3.1384649239480487
leaf_count=23581 998 717 676 1140 251 60 1909 40 54 663 98 38 70 119 1790 90 88 165 125 444 915 56 66 255 62 219 93 66 113 39
internal_value=-0.000470929 -0.015404 0.137763 -0.0265278 0.0145573 0.000469778 -0.00339957 0.0113948 0.00498458 0.0172259 0.100964 0.00341734 0.17039 0.136312 -0.0395504 -0.0142859 0.145846 0.1832 -0.000720654 0.0323544 -0.0114516 -0.00074454 0.0619115 0.00899204 0.0201751 0.00912649 0.0238144 0.0915626 0.159551 -0.0319991
internal_weight=2314.85 2158.87 145.402 2013.46 484.568 445.314 437.323 317.854 305.663 230.052 31.6721 198.38 39.2543 25.234 1528.9 124.626 17.9471 16.4645 194.461 47.1425 147.319 37.6957 8.86926 88.9436 72.9972 64.1904 49.8693 8.80687 12.1914 75.6112
internal_count=35000 34002 1393 32609 7060 6739 6679 4770 4617 3438 436 3002 321 338 25549 1968 178 219 2964 691 2273 566 122 1358 1103 975 756 128 153 1179
is_linear=0
shrinkage=0.04


Tree=4
num_leaves=31
num_cat=0
split_feature=46 49 23 43 2 27 64 2 2 50 37 64 64 4 59 37 2 2 2 2 2 2 59 0 4 4 3 58 49 2
split_gain=3714.62 1632.01 881.435 955.089 262.296 175.322 146.88 125.022 112.873 94.8915 321.875 87.4141 85.337 71.7858 56.4405 106.72 43.8743 67.9921 38.2685 26.4193 26.0176 82.6338 31.8935 28.5906 38.2696 25.1816 31.6717 20.9034 125.32 15.4331
threshold=1.5000000000000002 4.5000000000000009 1.0000000180025095e-35 1.0000000180025095e-35 22155.725827163613 1.0000000180025095e-35 1.5000000000000002 22155.725827163613 21625.533667062227 3.5000000000000004 5.5000000000000009 3.5000000000000004 3.5000000000000004 2.5000000000000004 5.5000000000000009 1.0000000180025095e-35 551.16687567402789 2268.0701388888892 22014.636666666669 1884.0932801859724 481.27068511430565 2268.0701388888892 5.5000000000000009 243636.50000000003 3.5000000000000004 5.5000000000000009 13.500000000000002 1.5000000000000002 2.5000000000000004 10575.515585078336
decision_type=2 2 2 2 2 2 2 2 2 2 2 2 2 2 2 2 2 2 2 2 2 2 2 2 2 2 2 2 2 2
left_child=2 4 11 5 9 6 7 8 13 -2 -11 27 -3 14 15 16 -4 19 -5 -18 -15 22 23 24 -22 26 -10 -1 -29 -19
right_child=1 12 3 18 -6 -7 -8 -9 25 10 -12 -13 -14 20 -16 -17 17 29 -20 -21 21 -23 -24 -25 -26 -27 -28 28 -30 -31
leaf_value=-0.041353456040840841 0.17520354265979454 -0.042174032053427277 -0.025757304882512898 0.16813471251679615 -0.038859655375595929 0.16614481229047645 0.19709696066650559 -0.042393103759852641 0.0016764300338253013 -0.040127580796188222 0.17658557474717743 0.13665463993653792 0.13665463993653792 -0.033918433909844843 -0.033440344243270914 0.20383291392703456 0.060288448472194923 0.052352305178087866 0.053023081247670495 0.22362809681261364 0.015250702351948125 -0.013891289548127945 -0.033395208081792735 0.012991386983875711 0.17183919480631549 0.20074411709931897 0.14572305893561871 0.15598632051903624 -0.041329142670926314 0.0031784599521282137
leaf_weight=1356.4140119887888 237.72110587731004 89.806261043995619 15.454261329025028 62.778794176876545 10.180868092924355 8.8893123865127546 4.7249740213155738 114.71243642270565 5.1997684165835363 15.441597815603016 34.306177243590355 3.5197362303733817 3.5197362303733817 57.35049993544817 16.205753348767757 5.4150033667683592 4.0387263596057883 19.494761500507593 6.2296838983893386 3.4845820218324661 3.7932713478803688 137.91785249486566 3.4015877097845069 5.4240519180893889 7.7177673280239105 3.5851315259933463 3.6449099257588387 5.1188646182417861 31.639788169413805 20.628047954291105
leaf_count=23604 1414 1555 242 405 174 59 34 1903 62 262 200 20 20 927 263 46 54 272 56 35 47 2155 50 74 92 40 39 41 547 308
internal_value=-0.000531415 0.111622 -0.0235743 0.0213973 0.157258 -0.000386369 -0.00418719 -0.00686688 0.00625699 0.164314 0.109853 -0.0400021 -0.0340524 0.00117968 0.0321595 0.0479335 0.0315837 0.0503298 0.158649 0.153304 -0.011086 -0.00265065 0.0706586 0.0922556 0.125581 0.119711 0.0698107 -0.0405461 -0.0104483 0.027763
internal_weight=2297.76 390.976 1906.78 510.091 297.65 441.083 432.193 427.468 312.756 287.469 49.7478 1396.69 93.326 300.326 84.7211 68.5154 63.1004 47.6461 69.0085 7.52331 215.605 158.255 20.3367 16.9351 11.511 12.4298 8.84468 1393.17 36.7587 40.1228
internal_count=35000 3625 31375 7163 2050 6702 6643 6609 4706 1876 462 24212 1575 4565 1220 957 911 669 461 89 3345 2418 263 213 139 141 101 24192 588 580
is_linear=0
shrinkage=0.04


Tree=5
num_leaves=31
num_cat=0
split_feature=46 65 23 43 49 2 27 2 59 36 49 64 2 2 59 65 22 0 4 2 2 2 50 2 58 65 4 3 3 2
split_gain=3275.6 1526.34 844.633 792.622 431.628 164.903 128.433 134.046 96.0078 86.3058 152.072 80.4744 63.7777 109.588 74.9359 57.0114 130.722 43.2195 41.1162 38.1138 49.7341 30.8164 24.5516 23.2258 20.786 129.205 17.0255 23.5045 12.8877 12.3193
threshold=1.5000000000000002 1.5000000000000002 1.0000000180025095e-35 1.0000000180025095e-35 6.5000000000000009 22155.725827163613 1.0000000180025095e-35 21625.533667062227 7.5000000000000009 1.0000000180025095e-35 2.5000000000000004 3.5000000000000004 541.61184309777798 2268.0701388888892 1.0000000180025095e-35 1.5000000000000002 1.0000000180025095e-35 239800.50000000003 2.5000000000000004 17199.960231911533 19828.037558917644 10575.515585078336 1.0000000180025095e-35 1778.9468055555558 1.5000000000000002 1.5000000000000002 5.5000000000000009 13.500000000000002 15.500000000000002 10071.812916666668
decision_type=2 2 2 2 2 2 2 2 2 2 2 2 2 2 2 2 2 2 2 2 2 2 2 2 2 2 2 2 2 2
left_child=2 8 11 5 -3 6 7 9 -2 12 -11 24 -4 14 17 16 -5 23 19 21 -21 22 -15 -14 -1 -26 27 -9 29 -20
right_child=1 4 3 15 -6 -7 -8 26 -10 10 -12 -13 13 18 -16 -17 -18 -19 28 20 -22 -23 -24 -25 25 -27 -28 -29 -30 -31
leaf_value=-0.041200508562679802 0.15350818992780596 0.15629714683330717 -0.034127713497930784 0.14365710691028338 -0.040384813082974473 -0.042281669247488586 0.15136943031573355 0.017289653255328989 -0.042182004634612982 0.180053590335891 -0.038494159881924728 0.12507500824686901 0.077142226797220007 0.052485026226274337 -0.036896281976101307 0.16597846688828813 -0.040719313786042377 0.015336176284411694 0.010980126756377552 0.11899609300921375 -0.034701268767084008 -0.040013602801853489 -0.036510576875160017 0.19509821594737628 -0.041235666872081432 0.16285647940935274 0.18156983609525207 0.13762654419104417 -0.032966956434685002 -0.01849932356586656
leaf_weight=1307.9725804999471 3.2158676832914344 294.59131570905447 73.327709924429655 18.887424282729626 18.610900577157736 110.8312964476645 9.5361566096544248 5.5637203082442266 97.018172189593315 10.386182848364117 8.6850145198404771 3.7786743044853202 6.6065695434808793 19.42169185355306 5.8887430019676676 48.251495942473412 8.3730410411953944 5.1694314926862708 39.060847744345665 11.220849841833113 4.1268691159784785 14.270456571131943 5.7629755996167651 8.4992768764495832 31.308839853852987 4.8671141266822806 5.0053212940692893 4.4855688214302063 39.786677036434412 51.485160633921623
leaf_count=23604 26 1554 1215 108 333 1905 57 65 1712 76 139 20 75 257 88 268 85 69 607 129 62 234 95 82 558 30 46 42 645 814
internal_value=-0.000561163 0.101151 -0.0231806 0.0203847 0.144519 -0.000315828 0.0139373 0.00936523 -0.0344492 0.0033992 0.0835678 -0.0398164 -0.0022462 0.00892634 0.0839539 0.139194 0.087589 0.119138 -0.0020709 0.0267049 0.0780736 0.00528702 0.0315037 0.151503 -0.0403726 -0.010135 0.12201 0.0785973 -0.0142819 -0.00580109
internal_weight=2276 413.436 1862.56 514.632 313.202 439.121 328.289 318.753 100.234 303.698 19.0712 1347.93 284.627 211.3 26.164 75.512 27.2605 20.2753 185.136 54.8028 15.3477 39.4551 25.1847 15.1058 1344.15 36.176 15.0546 10.0493 130.333 90.546
internal_count=35000 3625 31375 7163 1887 6702 4797 4740 1738 4587 215 24212 4372 3157 314 461 193 226 2843 777 191 586 352 157 24192 588 153 107 2066 1421
is_linear=0
shrinkage=0.04


Tree=6
num_leaves=31
num_cat=0
split_feature=46 65 23 43 49 2 27 2 59 36 49 64 2 2 59 65 22 0 2 2 2 59 2 2 2 0 58 65 2 2
split_gain=2924.34 1268.61 809.022 675.268 350.703 156.52 108.954 114.802 86.7847 76.1148 124.096 74.5718 60.3155 95.2658 62.2744 42.5755 110.14 32.7987 28.9009 97.9849 51.6453 31.1357 23.7348 26.2075 33.6833 24.0948 20.6073 114.599 15.5507 54.9699
threshold=1.5000000000000002 1.5000000000000002 1.0000000180025095e-35 1.0000000180025095e-35 6.5000000000000009 22155.725827163613 1.0000000180025095e-35 21625.533667062227 7.5000000000000009 1.0000000180025095e-35 2.5000000000000004 3.5000000000000004 541.61184309777798 2268.0701388888892 1.0000000180025095e-35 1.5000000000000002 1.0000000180025095e-35 239800.50000000003 17199.960231911533 17806.777767565003 10575.515585078336 1.0000000180025095e-35 9665.7476402156954 7836.8212339709735 7263.8088888888897 198362.00000000003 1.5000000000000002 1.5000000000000002 19828.037558917644 19207.724171741949
decision_type=2 2 2 2 2 2 2 2 2 2 2 2 2 2 2 2 2 2 2 2 2 2 2 2 2 2 2 2 2 2
left_child=2 8 11 5 -3 6 7 9 -2 12 -11 26 -4 14 17 16 -5 -14 20 -20 21 22 23 24 -15 -24 -1 -28 29 -21
right_child=1 4 3 15 -6 -7 -8 -9 -10 10 -12 -13 13 18 -16 -17 -18 -19 19 28 -22 -23 25 -25 -26 -27 27 -29 -30 -31
leaf_value=-0.041050409953738667 0.13731597337862622 0.1395132757597079 -0.033778253337692792 0.12865613577711485 -0.040214663883044698 -0.042158320888844199 0.13509947555407176 0.10916760550450708 -0.042059189699615078 0.15650126239617421 -0.038261400681712722 0.11546852617859653 0.13159874677374561 0.01029563792520974 -0.036627976730625962 0.14704935974565425 -0.040389338097579844 0.014660742029200249 0.12284724762284599 -0.039680230539900753 -0.041932707388055872 -0.032337647538795547 0.0014573979360739168 -0.039555322325820236 0.10224781159080984 0.13628482740783607 -0.041088692568958959 0.14554976898621344 -0.040033674193881749 0.088468373736575096
leaf_weight=1261.1925074905157 3.561519429087638 316.45556313544512 71.176872696727514 20.330284856259823 17.959440272301435 106.79368913546205 10.359151452779768 16.31359538435936 93.483602620661259 11.59406900405884 8.4001763276755792 4.0075230598449698 16.83956707268954 38.703306965529919 5.7056337594985953 52.320375323295593 8.1171371191740054 5.2359696775674811 11.174951098859308 12.134672775864603 52.599768523126841 21.910720475018024 3.5485510304570189 11.515365369617937 6.7024062350392333 4.3525169342756271 30.190146684646606 5.3364019095897666 13.997847869992254 8.0722829401493055
leaf_count=23604 26 1554 1215 108 333 1905 57 153 1712 76 139 20 157 574 88 268 85 69 123 192 883 359 52 180 89 56 558 30 224 111
internal_value=-0.000589005 0.0929086 -0.0228097 0.0194439 0.12977 -0.000290641 0.013331 0.00898019 -0.0341428 0.00325723 0.0767507 -0.0396355 -0.00217431 0.00852039 0.0762121 0.124949 0.0806874 0.1057 -0.00201617 0.0253702 -0.011053 0.00793879 0.0218372 0.0121074 0.0257797 0.0826975 -0.0402035 -0.00983669 -0.00906114 0.0132703
internal_weight=2250.09 431.46 1818.63 517.899 334.415 437.131 330.337 319.978 97.0451 303.665 19.9942 1300.73 283.67 212.494 27.7812 80.7678 28.4474 22.0755 184.712 45.3798 139.333 86.7329 64.8221 56.9211 45.4057 7.90107 1296.72 35.5265 34.2048 20.207
internal_count=35000 3625 31375 7163 1887 6702 4797 4740 1738 4587 215 24212 4372 3157 314 461 193 226 2843 650 2193 1310 951 843 663 108 24192 588 527 303
is_linear=0
shrinkage=0.04


Tree=7
num_leaves=31
num_cat=0
split_feature=46 65 23 43 49 27 64 59 64 59 33 4 65 59 8 48 4 3 58 65 3 0 4 3 3 40 64 48 0 3
split_gain=2635.2 1077.6 775.036 584.916 292.899 112.115 96.7371 79.1662 69.4745 61.0357 119.835 59.4759 33.2459 79.9319 26.0261 21.7676 21.2315 20.531 20.3833 102.862 15.0019 12.995 12.7493 9.24816 14.2387 8.18574 6.84939 187.278 6.24433 5.82246
threshold=1.5000000000000002 1.5000000000000002 1.0000000180025095e-35 1.0000000180025095e-35 6.5000000000000009 1.0000000180025095e-35 1.5000000000000002 7.5000000000000009 3.5000000000000004 5.5000000000000009 1.0000000180025095e-35 2.5000000000000004 1.5000000000000002 5.5000000000000009 1.0000000180025095e-35 1.0000000180025095e-35 3.5000000000000004 17.500000000000004 1.5000000000000002 1.5000000000000002 6.5000000000000009 96725.500000000015 1.0000000180025095e-35 14.500000000000002 5.5000000000000009 1.0000000180025095e-35 1.5000000000000002 1.5000000000000002 86439.500000000015 8.5000000000000018
decision_type=2 2 2 2 2 2 2 2 2 2 2 2 2 2 2 2 2 2 2 2 2 2 2 2 2 2 2 2 2 2
left_child=2 7 8 5 -3 6 9 -2 18 10 11 14 13 -5 15 22 -13 20 26 -20 -18 -22 -4 24 -24 -11 -1 -28 -25 -26
right_child=1 4 3 12 -6 -7 -8 -9 -10 25 -12 16 -14 -15 -16 -17 17 -19 19 -21 21 -23 23 28 29 -27 27 -29 -30 -31
leaf_value=-0.041833577678306581 0.12416693853099993 0.12658401434708128 0.0046643173629511469 0.11024230064714426 -0.040046548214886964 0.11853292994044119 0.14158181866263367 -0.041940481364902665 0.10738739787199081 -0.042077896072007022 0.14421199974317916 -0.029891979982399175 0.13265483279237419 -0.039955422601560923 -0.038345353989017686 0.10878025120257664 -0.014638474133161619 -0.032988369600271163 -0.040944597304830126 0.13188827674710404 0.032911960896661298 -0.00022118277056716406 0.048239686282300957 0.018651246924621331 -0.036089151746491147 0.022619410028307311 -0.041887019977139922 0.21616998196281517 0.073200943690004419 0.012402763121653906
leaf_weight=1116.7944994457066 3.8800077438354483 334.52492137253284 31.368531547486782 22.551313690841202 17.330338023602962 11.34815554320812 6.2069172561168662 90.06993368268013 4.2076364159584037 69.537601385265589 8.0788746550679189 82.683173965662718 55.710217922925949 6.8900470286607733 8.9435709528624994 4.414433240890502 49.772682800889015 32.192975703626871 29.109853517264128 5.7480512559413901 30.946137685328722 46.486046772450209 15.885847833007576 5.5020948462188271 5.0435973554849616 2.6771225556731215 95.498080190271139 3.7345255166292182 13.31262771040201 10.569472670555113
leaf_count=21727 26 1554 455 118 333 59 34 1712 20 1226 52 1386 268 75 159 39 805 559 558 30 454 728 210 81 78 43 1847 30 169 165
internal_value=-0.000611083 0.086222 -0.0224535 0.0185777 0.118287 -0.000281572 -0.00373608 -0.033845 -0.0394585 -0.00623015 0.000803325 -0.00304971 0.113799 0.0749343 0.0236109 0.0304132 -0.0135706 -0.00497083 -0.0400378 -0.00956127 0.00232185 0.0132714 0.0249135 0.0372011 0.0227685 -0.0394033 -0.0409029 -0.0301155 0.058995 -0.00449134
internal_weight=2221.02 445.805 1775.21 520.121 351.855 434.97 423.622 93.9499 1255.09 417.415 345.2 337.121 85.1516 29.4414 95.0402 86.0966 242.081 159.398 1250.89 34.8579 127.205 77.4322 81.6822 50.3136 31.4989 72.2147 1216.03 99.2326 18.8147 15.6131
internal_count=35000 3625 31375 7163 1887 6702 6643 1738 24212 6609 5340 5288 461 193 1356 1197 3932 2546 24192 588 1987 1182 1158 703 453 1269 23604 1877 250 243
is_linear=0
shrinkage=0.04


Tree=8
num_leaves=31
num_cat=0
split_feature=46 65 23 43 49 2 2 33 49 59 64 2 2 46 19 59 65 22 2 2 2 2 2 0 58 65 3 0 4 3
split_gain=2391.74 930.884 743.483 512.557 249.788 146.463 86.0258 91.7142 113.962 72.7569 65.0207 64.8813 81.1528 45.525 95.9357 39.3106 27.1789 86.4613 26.1674 29.797 28.9823 28.4383 25.6918 21.4851 20.1299 93.2022 15.7715 14.9841 12.3733 17.0749
threshold=1.5000000000000002 1.5000000000000002 1.0000000180025095e-35 1.0000000180025095e-35 6.5000000000000009 22155.725827163613 21625.533667062227 1.0000000180025095e-35 2.5000000000000004 7.5000000000000009 3.5000000000000004 541.61184309777798 2268.0701388888892 1.0000000180025095e-35 1.0000000180025095e-35 1.0000000180025095e-35 1.5000000000000002 1.0000000180025095e-35 10575.515585078336 17199.960231911533 9665.7476402156954 17806.777767565003 1778.9468055555558 28235.000000000004 1.5000000000000002 1.5000000000000002 13.500000000000002 180171.50000000003 5.5000000000000009 14.500000000000002
decision_type=2 2 2 2 2 2 2 2 2 2 2 2 2 2 2 2 2 2 2 2 2 2 2 2 2 2 2 2 2 2
left_child=2 9 10 5 -3 6 7 11 -9 -2 24 -4 15 18 -15 22 17 -5 20 -20 23 -21 26 -14 -1 -26 -13 -22 29 -8
right_child=1 4 3 16 -6 -7 28 8 -10 -11 -12 12 13 14 -16 -17 -18 -19 19 21 27 -23 -24 -25 25 -27 -28 -29 -30 -31
leaf_value=-0.040765379659607318 0.11330065495066087 0.11630841486744062 -0.032819727495538055 0.10868270981135679 -0.039880206129450924 -0.042012030294036433 0.014458371224502466 0.12931991671694854 -0.039659964890693677 -0.041825630764046981 0.10050587206401784 0.07490623677836368 0.051778686169388084 0.13483491251657184 -0.038135796455615607 -0.016318624575532611 0.12132782184183881 -0.040279717668837305 -0.041720549949321457 0.066170845373043269 0.0089957839116514837 -0.012965306324656959 0.13251261607267972 -0.0080307709139303494 -0.04080311842446941 0.12085072003231292 -0.018623838212588548 0.10464967308251126 0.14084342812501077 0.11024021051937999
leaf_weight=1172.1349516510963 4.1715622767806044 349.27710986882448 68.671483643352985 22.446734249591831 16.722951073199511 101.65836951881647 6.4824179559946078 18.836898475885395 8.8465580306947214 86.773775715380907 4.3806207180023184 7.7190800756216102 10.384166888892649 10.448442004621029 8.6599401831626892 6.2087272256612769 58.505970507860184 7.8930521681904784 46.80049130320549 8.408655144274233 4.4136788174509984 30.978527039289474 12.386388599872587 60.677165862172842 28.066866502165794 6.1055709421634665 3.8076116889715195 6.2740948386490345 6.239592693746089 5.1244207695126534
leaf_count=23604 26 1554 1216 108 333 1905 68 102 144 1712 20 82 149 83 157 92 268 85 819 92 65 490 101 934 558 30 43 75 46 39
internal_value=-0.000621212 0.0806824 -0.0220984 0.0177881 0.109083 -0.000250812 0.0126487 0.00763393 0.0758204 -0.0335553 -0.0392921 0.000788756 0.011518 0.00155834 0.0584463 0.0713264 0.104733 0.0698807 -0.0052222 -0.0204879 0.0109255 0.00514934 0.0938239 0.00130642 -0.0398826 -0.00930574 0.0449901 0.0692974 0.0956675 0.0621362
internal_weight=2189.51 456.945 1732.56 521.872 366 433.027 331.368 313.522 27.6835 90.9453 1210.69 285.838 217.167 187.045 19.1084 30.1218 88.8458 30.3398 167.937 86.1877 81.7491 39.3872 23.9131 71.0613 1206.31 34.1724 11.5267 10.6878 17.8464 11.6068
internal_count=35000 3625 31375 7163 1887 6702 4797 4644 246 1738 24212 4398 3182 2864 240 318 461 193 2624 1401 1223 582 226 1083 24192 588 125 140 153 107
is_linear=0
shrinkage=0.04


Tree=9
num_leaves=31
num_cat=0
split_feature=65 49 23 66 21 6 50 44 4 39 46 44 64 27 50 4 3 50 4 0 4 3 3 3 3 3 3 3 0 0
split_gain=2208.28 1959.79 446.904 141.253 97.1609 58.7132 48.1642 91.3328 35.7944 32.3265 103.52 30.5605 75.0456 39.2032 27.9078 15.2177 15.3489 12.4697 11.4389 9.65539 8.81729 7.70385 7.00102 11.835 6.41635 5.65731 5.67501 4.90138 4.50436 4.42283
threshold=1.5000000000000002 4.5000000000000009 1.0000000180025095e-35 0.82843137254901966 1.0000000180025095e-35 1.5000000000000002 1.0000000180025095e-35 1.0000000180025095e-35 2.5000000000000004 1.0000000180025095e-35 1.0000000180025095e-35 1.0000000180025095e-35 1.5000000000000002 1.0000000180025095e-35 1.0000000180025095e-35 3.5000000000000004 17.500000000000004 1.0000000180025095e-35 1.0000000180025095e-35 30323.500000000004 5.5000000000000009 9.5000000000000018 14.500000000000002 5.5000000000000009 1.5000000000000002 8.5000000000000018 10.500000000000002 15.500000000000002 158108.00000000003 86439.500000000015
decision_type=2 2 2 2 2 2 2 2 2 2 2 2 2 2 2 2 2 2 2 2 2 2 2 2 2 2 2 2 2 2
left_child=2 11 -1 8 -5 -3 -6 -8 14 10 -9 12 13 -2 18 -10 17 19 -4 21 -21 -17 23 28 -22 -25 -27 -26 -20 -24
right_child=1 5 3 4 6 -7 7 9 15 -11 -12 -13 -14 -15 -16 16 -18 -19 22 20 24 -23 29 25 27 26 -28 -29 -30 -31
leaf_value=-0.041855204920647968 -0.039163793503650728 -0.042039659406774843 0.0035211116114612735 -0.040726679285568966 0.11075928349705656 0.089660885697832635 -0.039851785988734199 -0.040483464958824059 -0.0292007686415659 0.10507769897969153 0.12919629532026009 0.11049293683680221 0.10578558732862185 0.086454435533507665 -0.039708609618320068 0.0021024388555290711 -0.032340752252548434 -0.039236559972534238 0.059798048609211403 -0.0098226824357877367 -0.032052958095926481 0.05388719972931675 0.018162026285270076 -0.035770773283675068 0.029969381874659331 0.044693916831781116 -0.010675648335938363 -0.02099379779356431 0.01489382750876639 0.064371150989861237
leaf_weight=1056.9105366021395 11.107086759060623 214.46516340598464 31.213263016194105 15.90550949051976 25.171757102012634 4.6468651294708243 14.858676269650458 12.295645233243706 76.049910221248865 22.688255988061428 9.2673656754195672 402.80843111872673 36.434005439281464 4.9186303317546836 12.295885901898144 8.7897112332284468 30.276071418076754 11.260616004467009 10.062752485275274 66.329836405813694 2.9233202375471619 8.8330409154295904 5.5443059094250229 4.8296006917953482 21.707394711673263 4.0384469740092737 6.4740187935531139 2.7603992186486712 6.53327952325344 14.03146320581436
leaf_count=22122 205 4404 454 283 174 20 274 182 1334 107 62 1802 157 23 213 140 546 200 119 1076 50 118 81 78 308 63 102 44 91 168
internal_value=-0.000628242 0.0593202 -0.0279467 0.00672857 0.0479865 -0.0388519 0.0650096 0.0440087 -0.00613944 0.0724258 0.0349356 0.10655 0.0747761 0.00220445 0.0143977 -0.0146894 -0.00732797 -0.000939605 0.0228179 0.00324829 -0.00195872 0.0295583 0.0342205 0.0215738 0.0167597 -0.00386312 0.0126296 0.0236213 0.0439719 0.0528024
internal_weight=2155.43 674.38 1481.05 424.141 100.187 219.112 84.2817 59.1099 323.953 44.2513 21.563 455.268 52.4597 16.0257 95.023 228.93 152.88 122.604 82.7271 111.344 93.721 17.6228 51.5139 31.9381 27.3911 15.3421 10.5125 24.4678 16.596 19.5758
internal_count=35000 6611 28389 6267 1082 4424 799 625 5185 351 244 2187 385 228 1369 3816 2482 1936 1156 1736 1478 258 702 453 402 243 165 352 210 249
is_linear=0
shrinkage=0.04


Tree=10
num_leaves=31
num_cat=0
split_feature=65 49 23 2 2 75 2 6 2 66 12 59 46 2 44 64 27 2 2 0 50 2 2 2 2 0 0 0 0 43
split_gain=2044.63 1744.72 435.096 173.313 127.878 96.095 77.4382 55.5255 52.0333 54.8738 68.4033 41.2417 40.4128 30.0443 24.8255 65.5754 36.25 23.9441 32.9042 23.2065 22.9732 18.1361 17.062 22.5197 28.9595 17.5079 9.5471 8.54866 7.88892 6.87218
threshold=1.5000000000000002 4.5000000000000009 1.0000000180025095e-35 22155.725827163613 21625.533667062227 4.5000000000000009 541.61184309777798 1.5000000000000002 2268.0701388888892 0.82843137254901966 24096.500000000004 1.0000000180025095e-35 1.0000000180025095e-35 10575.515585078336 1.0000000180025095e-35 1.5000000000000002 1.0000000180025095e-35 17199.960231911533 17806.777767565003 325110.00000000006 1.0000000180025095e-35 1778.9468055555558 9665.7476402156954 7836.8212339709735 7263.8088888888897 198362.00000000003 16181.000000000002 74923.000000000015 1518850.5000000002 1.0000000180025095e-35
decision_type=2 2 2 2 2 2 2 2 2 2 2 2 2 2 2 2 2 2 2 2 2 2 2 2 2 2 2 2 2 2
left_child=2 14 -1 4 5 6 -4 -3 11 13 12 19 20 22 15 16 -2 -15 -19 21 -11 -8 23 24 26 -24 -10 -26 -28 -7
right_child=1 7 3 -5 -6 29 8 -9 9 10 -12 -13 -14 17 -16 -17 -18 18 -20 -21 -22 -23 25 -25 27 -27 28 -29 -30 -31
leaf_value=-0.04175809011052297 -0.038958611022254487 -0.041941698325867631 -0.032753837521366035 -0.04198629375439878 0.10119028648197338 0.11790922985553522 0.049148813627156777 0.085121761118323772 0.067627345666175898 0.079276959624636045 -0.025081930099162996 -0.036302899698245759 0.12503055918736011 -0.041476449953972899 0.10312780662503973 0.099198262405800097 0.081462977136745801 0.06961350462811558 -0.018593601867603879 0.00091227837362595741 -0.017517516380643215 0.1321860659832631 -0.00263278777366991 -0.039569089753503012 0.12641758670006836 0.10296083918995053 -0.0054679076634155475 0.034353481036083537 0.055973381932400347 0.062624871265227477
leaf_weight=1017.7848294526339 10.731809522956608 206.52973195537925 63.707823242992163 91.53387500718236 27.347761198878288 9.3480534702539444 8.7776648774743169 4.7499719262123099 2.6325232833623877 6.5503998659551161 13.482675299048422 4.8469149433076373 15.229684967547653 39.448642831295729 414.13465378060937 37.345645591616631 5.0692426711320868 8.1015753522515279 25.40680069476366 4.4341277405619612 7.5585371442139149 12.299345463514326 4.0043736808001977 12.111713770776985 3.4746360033750525 5.5293515250086784 37.271310098469257 4.1602209322154522 2.6637057997286311 13.760676827281713
leaf_count=22122 205 4404 1150 1759 181 45 85 20 37 57 231 76 88 715 1802 157 23 84 411 55 105 86 59 201 40 60 563 53 40 86
internal_value=-0.000641288 0.0565636 -0.0275906 0.00646108 0.0198982 0.0122974 0.00571657 -0.0386975 0.0170581 0.00903487 0.0482551 0.0647759 0.0816733 -0.00281465 0.0996262 0.0709403 0.00222388 -0.0207563 0.00413219 0.084625 0.0296942 0.101397 0.0154388 0.00735365 0.0192258 0.0625697 0.00554229 0.0860401 -0.000102455 0.0889519
internal_weight=2120.03 678.561 1441.47 423.682 332.149 304.801 281.692 211.28 217.984 187.626 42.8213 30.3581 29.3386 144.805 467.281 53.1467 15.8011 72.957 33.5084 25.5111 14.1089 21.077 71.8478 62.3141 50.2024 9.53373 42.5675 7.63486 39.935 23.1087
internal_count=35000 6611 28389 6267 4508 4327 4196 4424 3046 2744 481 302 250 2263 2187 385 228 1210 495 226 162 171 1053 934 733 119 640 93 603 131
is_linear=0
shrinkage=0.04


Tree=11
num_leaves=31
num_cat=0
split_feature=65 49 23 2 2 75 2 2 66 12 59 44 64 26 46 2 2 2 50 0 2 2 2 0 2 0 0 0 2 2
split_gain=1898.68 1568.64 423.897 163.417 109.888 85.6251 72.6215 45.311 49.5648 60.505 35.8581 35.7853 79.9309 41.0065 34.0154 28.2221 23.288 29.4167 20.3221 19.1933 14.9188 21.2648 25.1968 14.6323 14.171 8.57922 7.18541 6.74821 6.09707 21.7529
threshold=1.5000000000000002 5.5000000000000009 1.0000000180025095e-35 22155.725827163613 21625.533667062227 4.5000000000000009 541.61184309777798 2268.0701388888892 0.82843137254901966 24096.500000000004 1.0000000180025095e-35 1.0000000180025095e-35 1.5000000000000002 1.0000000180025095e-35 1.0000000180025095e-35 10575.515585078336 17199.960231911533 17806.777767565003 1.0000000180025095e-35 325110.00000000006 9665.7476402156954 7836.8212339709735 7263.8088888888897 198362.00000000003 1778.9468055555558 16181.000000000002 1518850.5000000002 74923.000000000015 19828.037558917644 19207.724171741949
decision_type=2 2 2 2 2 2 2 2 2 2 2 2 2 2 2 2 2 2 2 2 2 2 2 2 2 2 2 2 2 2
left_child=2 11 -1 4 5 6 -4 10 15 14 19 12 13 -2 18 20 -17 -18 -10 24 21 22 25 -22 -8 -9 -27 -24 29 -19
right_child=1 -3 3 -5 -6 -7 7 8 9 -11 -12 -13 -14 -15 -16 16 17 28 -20 -21 23 -23 27 -25 -26 26 -28 -29 -30 -31
leaf_value=-0.041664315179141126 -0.040201114146910008 -0.041830847542777827 -0.032386119316707783 -0.041871249588365453 0.09237976886264529 0.08300183070866067 0.045799247924330516 0.062952636221311545 0.073162549040953359 -0.024622074768767811 -0.03601054958543902 0.096565023762809454 0.093606869626567446 0.083843229448411924 0.11436666485571627 -0.04133838505898018 0.06395928353011876 -0.038314538738070079 -0.017103038518914763 0.00088195246466519887 -0.0025531830894585505 -0.03936267254562574 0.11306275919033301 0.092788809125053856 0.11781576012936038 -0.005279342715595498 0.052446956608703243 0.032482407175595571 -0.039213263682279738 0.056635307202085941
leaf_weight=980.035759229213 14.266165290027859 194.07539405301213 61.901958085596561 88.184242989867926 28.820819184184074 23.873265329748392 9.1088955625891774 2.785874865949153 6.8901561722159403 13.209366362541912 4.7018687799572936 428.85058841854334 38.037828519940376 4.9206225574016562 16.05870370939374 38.029154393821955 8.5439013466238958 8.6419235765934008 7.4583339095115662 4.4374426007270804 3.995419003069399 11.701744608581064 3.8397037610411626 5.9895932599902153 13.346100747585295 37.097759898751974 2.7935791425406924 4.2789661698043346 10.921238552778957 5.438459299504756
leaf_count=22122 278 4306 1150 1759 181 131 85 37 57 231 76 1848 157 22 88 715 84 147 105 55 59 201 40 60 86 563 40 53 184 80
internal_value=-0.000642854 0.0541514 -0.0272432 0.00626337 0.0190643 0.0118582 0.00554487 0.0163516 0.00874049 0.0455814 0.0599075 0.0924815 0.0607457 -0.00581136 0.0758918 -0.00265124 -0.0203271 0.00399961 0.0281852 0.0773676 0.0148423 0.00716327 0.0184344 0.057879 0.0918003 0.00540697 -5.3054e-05 0.0788123 -0.0181624 -0.000317083
internal_weight=2082.23 680.151 1402.08 422.048 333.864 305.043 281.17 219.268 187.674 43.6166 31.5943 486.075 57.2246 19.1868 30.4072 144.057 71.5747 33.5455 14.3485 26.8924 72.4826 62.4976 50.7959 9.98501 22.455 42.6772 39.8913 8.11867 25.0016 14.0804
internal_count=35000 6611 28389 6267 4508 4327 4196 3046 2744 481 302 2305 457 300 250 2263 1210 495 162 226 1053 934 733 119 171 640 603 93 411 227
is_linear=0
shrinkage=0.04


Tree=12
num_leaves=31
num_cat=0
split_feature=65 49 23 2 2 75 2 4 2 4 62 49 2 2 2 0 74 2 46 64 44 3 3 37 2 2 2 2 2 43
split_gain=1767.4 1420.53 412.7 154.152 95.2799 76.2552 68.1254 46.198 31.5356 29.5269 28.5016 25.4136 23.3042 28.768 50.4193 23.2197 21.4476 29.2205 15.5412 47.4463 17.5597 14.9046 12.5831 11.942 11.124 10.8035 9.65172 9.30211 14.621 6.26647
threshold=1.5000000000000002 5.5000000000000009 1.0000000180025095e-35 22155.725827163613 21625.533667062227 4.5000000000000009 541.61184309777798 2.5000000000000004 21874.893428125004 3.5000000000000004 1.5000000000000002 1.5000000000000002 7673.2525000000014 17383.022917417504 17680.915837957782 83825.500000000015 1.0000000180025095e-35 7836.8212339709735 1.0000000180025095e-35 1.5000000000000002 1.0000000180025095e-35 5.5000000000000009 13.500000000000002 1.0000000180025095e-35 17199.960231911533 19503.464444444446 10575.515585078336 10575.515585078336 9665.7476402156954 1.0000000180025095e-35
decision_type=2 2 2 2 2 2 2 2 2 2 2 2 2 2 2 2 2 2 2 2 2 2 2 2 2 2 2 2 2 2
left_child=2 8 -1 4 5 6 -4 10 18 -9 16 -10 15 27 -15 -11 17 21 19 20 -2 -8 -23 -16 26 -26 -19 28 -14 -7
right_child=1 -3 3 -5 -6 29 7 9 11 12 -12 -13 13 14 23 -17 -18 24 -20 -21 -22 22 -24 -25 25 -27 -28 -29 -30 -31
leaf_value=-0.041573692376334494 -0.037803969562805483 -0.041740092414867633 -0.032016019707890385 -0.041759798540667782 0.084935355053475187 0.10359097571076457 0.1034831409576266 -0.024621138055583264 0.076273778875576237 0.068319940899582182 -0.027242610117499292 -0.036195207107461859 -0.037029943541149773 0.13565500482682669 -0.02147917932673556 0.010709450710051074 0.097763675071577641 0.020637625874077845 0.091494242973935283 0.087878125886503636 0.059612636633789989 -0.0028793133733316244 0.063742476822766583 0.059508124931828908 0.063998630172158996 -0.012260952378558046 -0.038286149325578882 -0.040590673146673563 0.042311968310465159 0.054093188050162902
leaf_weight=943.62133510783315 8.0838708542287332 186.86498877033591 60.159783650189638 84.950676757842302 30.151661038398743 10.026073902845384 10.027900937944652 44.104349564760923 5.16826483607292 18.5408059284091 8.1733534894883615 5.8244334161281586 6.6138388328254205 4.6773933395743397 12.318275596946476 27.272981479763985 11.407135486602781 6.995994668453938 439.60737394541502 30.665520772337914 3.4009885154664508 6.8303884528577354 12.029789663851259 2.7324714213609687 7.0625413730740529 4.2662745900452137 9.2678382508456689 21.741154558956623 6.2610074803233147 14.56320935487747
leaf_count=22122 159 4306 1150 1759 181 45 83 715 21 207 137 122 118 39 214 365 61 82 1850 125 28 85 123 25 72 64 174 411 71 86
internal_value=-0.000646086 0.0520068 -0.0269033 0.00606369 0.018271 0.0114263 0.00537586 0.0156843 0.0875709 0.00231111 0.0406896 0.0186334 0.0142968 -0.00346157 0.0340703 0.0349857 0.0491451 0.0377958 0.089102 0.0626102 -0.00649201 0.0652169 0.0406847 -0.00398444 0.00781055 0.0366152 -0.0132125 -0.0252075 0.00182254 0.077535
internal_weight=2043.41 679.615 1363.8 420.175 335.224 305.073 280.483 220.323 492.75 144.262 76.0612 10.9927 100.158 54.3441 19.7281 45.8138 67.8879 56.4807 481.758 42.1504 11.4849 28.8881 18.8602 15.0507 27.5926 11.3288 16.2638 34.616 12.8748 24.5893
internal_count=35000 6611 28389 6267 4508 4327 4196 3046 2305 2165 881 143 1450 878 278 572 744 683 2162 312 187 291 208 239 392 136 256 600 189 131
is_linear=0
shrinkage=0.04


Tree=13
num_leaves=31
num_cat=0
split_feature=65 55 23 2 64 2 66 21 44 64 2 2 76 0 2 2 2 75 2 2 2 0 50 6 2 2 0 3 2 2
split_gain=1648.79 1153.69 401.923 145.489 93.9237 88.0007 64.7802 63.9434 49.0653 75.5072 47.1629 58.2457 36.4125 30.5456 18.8052 21.9426 24.5581 16.1465 15.7109 15.4877 26.4868 12.1233 11.6926 37.0283 53.0515 15.4785 8.95768 8.11098 6.97147 12.1915
threshold=1.5000000000000002 6.5000000000000009 1.0000000180025095e-35 22155.725827163613 6.5000000000000009 457.9029839405556 0.82843137254901966 1.0000000180025095e-35 1.0000000180025095e-35 1.5000000000000002 3436.1876388888891 21625.533667062227 1.5000000000000002 174106.50000000003 10575.515585078336 17199.960231911533 17806.777767565003 4.5000000000000009 9665.7476402156954 7836.8212339709735 7107.3228667690282 198362.00000000003 1.0000000180025095e-35 1.0000000180025095e-35 17199.960231911533 17680.915837957782 57704.000000000007 17.500000000000004 4331.057553882084 4806.1953167319452
decision_type=2 2 2 2 2 2 2 2 2 2 2 2 2 2 2 2 2 2 2 2 2 2 2 2 2 2 2 2 2 2
left_child=2 8 -1 5 -3 17 10 -8 9 12 13 14 -2 27 18 -16 -17 -4 19 20 28 -20 -9 24 -24 -26 -22 -7 -12 -30
right_child=1 4 3 -5 -6 6 7 22 -10 -11 11 -13 -14 -15 15 16 -18 -19 21 -21 26 -23 23 -25 25 -27 -28 -29 29 -31
leaf_value=-0.041486034008673553 -0.040412070558648788 -0.041628692975923878 -0.032915885763203694 -0.041651719385272935 0.076957507081166693 0.08326270043399521 -0.039027955038369762 0.092709518333771224 0.086601898498846183 0.08463065835721334 -0.038109124998774134 0.070095317343487826 0.071372373237036615 0.0040272532315665504 -0.04113264727877932 0.055390705474742889 -0.017777862273932205 0.043772306716797153 -0.0030214264925264214 -0.039109232757282703 0.09979676299494708 0.082068451109942139 -0.03984457086679527 0.090275038043832259 0.1082421932191763 0.020937976063374889 0.02320332175541957 0.023067065339447895 0.052520397890546841 -0.011334998359192583
leaf_weight=908.50057534128428 16.853062193840746 175.59928375855088 53.901931919157505 81.829782757908106 10.470456987619398 23.725387796759609 9.3327049836516363 24.208528451621532 438.91780939698219 29.888781189918518 7.3912846818566349 17.426828779280186 5.3293912112712851 15.525000758469103 36.175329312682152 9.2877622693777067 24.634102940559387 3.9198504686355582 4.0475925132632238 11.197447095066307 4.8100915513932687 6.5438405498862267 11.79576261341572 23.808350332081318 7.2990431487560254 6.3059034422039986 5.5994072481989861 5.2998315058648577 5.2846370823681381 19.100890371948481
leaf_count=22122 352 4213 1068 1759 42 222 171 131 1860 121 110 118 23 200 724 84 414 24 59 202 46 60 200 101 38 61 70 51 75 279
internal_value=-0.000646306 0.0501037 -0.026559 0.00587067 -0.0345799 0.0175121 0.0268201 0.0562961 0.0822013 0.0441746 0.014156 0.00340244 -0.0116353 0.0498477 -0.00572112 -0.0199022 0.00326806 -0.0270613 0.0098842 0.000705491 0.0119343 0.0520954 0.0687752 0.0553886 0.0205084 0.0719809 0.0642409 0.0734057 -0.00663751 0.00402702
internal_weight=2004.01 677.059 1326.95 418.451 186.07 336.622 278.8 82.7503 490.989 52.0712 196.049 151.499 22.1825 44.5502 134.072 70.0972 33.9219 57.8218 63.9752 53.3838 42.1863 10.5914 73.4176 49.2091 25.4007 13.6049 10.4095 29.0252 31.7768 24.3855
internal_count=35000 6611 28389 6267 4255 4508 3416 702 2356 496 2714 2241 375 473 2123 1222 498 1092 901 782 580 119 531 400 299 99 116 273 464 354
is_linear=0
shrinkage=0.04


Tree=14
num_leaves=31
num_cat=0
split_feature=65 49 23 2 2 39 8 66 2 2 0 2 49 2 2 2 46 50 75 2 2 2 46 64 43 0 4 2 2 2
split_gain=1541.29 1185.38 391.043 137.465 81.1685 64.5879 50.4238 62.0067 41.1571 54.6567 26.1489 25.8254 22.3728 17.7732 21.8772 21.4189 16.3829 45.0059 15.319 14.2232 14.7389 23.4258 11.8971 39.3401 23.2848 9.99959 7.52842 7.3085 10.1284 9.49463
threshold=1.5000000000000002 5.5000000000000009 1.0000000180025095e-35 22155.725827163613 457.9029839405556 1.0000000180025095e-35 1.0000000180025095e-35 0.82843137254901966 3436.1876388888891 21625.533667062227 174106.50000000003 21874.893428125004 1.5000000000000002 10575.515585078336 17199.960231911533 17806.777767565003 1.0000000180025095e-35 1.0000000180025095e-35 4.5000000000000009 9665.7476402156954 7836.8212339709735 7263.8088888888897 1.0000000180025095e-35 1.5000000000000002 1.0000000180025095e-35 198362.00000000003 5.5000000000000009 4331.057553882084 4806.1953167319452 5799.9373521815287
decision_type=2 2 2 2 2 2 2 2 2 2 2 2 2 2 2 2 2 2 2 2 2 2 2 2 2 2 2 2 2 2
left_child=2 11 -1 4 18 6 7 8 10 13 -6 22 -13 19 -15 -16 17 -9 -4 20 21 27 23 24 -2 -21 -11 -10 -29 -30
right_child=1 -3 3 -5 5 -7 -8 16 9 26 -12 12 -14 14 15 -17 -18 -19 -20 25 -22 -23 -24 -25 -26 -27 -28 28 29 -31
leaf_value=-0.041401166604096561 -0.038093952000074344 -0.041571716418504677 -0.03256386333994972 -0.04154680014674754 0.06868449350886556 0.084804216839142188 -0.040830313942449473 0.07818338941703272 -0.037728793107783404 0.042697064640473688 0.0045392235211385926 0.070027150926079959 -0.035982906777851917 -0.040958183121732883 0.051450043879717237 -0.01649161360516414 0.094556718599006676 -0.038588276585501916 0.04173760340482402 -0.0018052902367638693 -0.038808803785279761 0.065298263387239777 0.083056547446337864 0.080175839200853805 0.081638252482548787 0.076037302290874215 0.10281950137048608 0.049676452324670058 -0.038576366564182653 0.014561554818061984
leaf_weight=874.63303335383534 8.6593825742602331 173.30796959251165 52.347604554146528 78.818215824663639 30.075631573796272 25.780697278678417 19.658444590866566 15.516560673713686 6.9450723715126506 11.239392384886743 15.335143167525528 5.2356845140457136 5.6087695807218552 34.043786607682705 9.6676090061664564 23.458937920629978 19.59748625010252 7.0301772058010092 3.9937024116516104 3.9009343944489938 10.487243093550203 9.1551851481199247 446.51480356603861 31.028788208961487 2.5601532049477091 6.8863063603639603 6.292499065399169 5.4647782184183624 8.1442259140312689 12.183839548379181
leaf_count=22122 174 4306 1068 1759 266 113 366 91 106 78 195 21 122 708 84 402 92 105 24 57 195 92 1850 125 13 59 35 74 120 178
internal_value=-0.000645646 0.0483922 -0.0262304 0.00568692 0.0168175 0.025603 0.0193118 0.0244853 0.0147202 0.00437483 0.0475873 0.0796203 0.0167897 -0.00472915 -0.018921 0.004263 0.0678904 0.0416809 -0.026661 0.0104216 0.00145981 0.0122102 0.0809772 0.0575887 -0.00632752 0.0501225 0.0686599 -0.00413139 0.00598568 -0.00753813
internal_weight=1963.57 672.916 1290.66 416.023 337.205 280.864 255.083 235.425 193.281 147.87 45.4108 499.608 10.8445 130.338 67.1703 33.1265 42.1442 22.5467 56.3413 63.1676 52.3803 41.8931 488.763 42.2483 11.2195 10.7872 17.5319 32.7379 25.7928 20.3281
internal_count=35000 6611 28389 6267 4508 3416 3303 2937 2649 2188 461 2305 143 2075 1194 486 288 196 1092 881 765 570 2162 312 187 116 113 478 372 298
is_linear=0
shrinkage=0.04


Tree=15
num_leaves=31
num_cat=0
split_feature=46 23 49 43 64 27 59 33 4 64 64 61 50 40 37 49 8 4 3 37 3 4 1 40 3 3 3 3 66 75
split_gain=1360.89 562.819 381.458 255.058 51.2811 46.558 48.3458 52.5328 43.0703 42.2767 39.2234 30.485 139.286 18.2888 78.633 42.6165 18.104 18.0825 16.9655 11.4869 11.0467 9.06243 8.64794 7.28832 5.41972 7.4607 5.75341 5.43337 4.16067 3.87753
threshold=1.5000000000000002 1.0000000180025095e-35 4.5000000000000009 1.0000000180025095e-35 1.5000000000000002 1.0000000180025095e-35 5.5000000000000009 1.0000000180025095e-35 2.5000000000000004 3.5000000000000004 3.5000000000000004 4.5000000000000009 2.5000000000000004 1.5000000000000002 1.5000000000000002 2.5000000000000004 1.0000000180025095e-35 3.5000000000000004 17.500000000000004 1.0000000180025095e-35 6.5000000000000009 1.0000000180025095e-35 10.891819836582602 1.0000000180025095e-35 14.500000000000002 5.5000000000000009 8.5000000000000018 10.500000000000002 0.59317129629629639 11.500000000000002
decision_type=2 2 2 2 2 2 2 2 2 2 2 2 2 2 2 2 2 2 2 2 2 2 2 2 2 2 2 2 2 2
left_child=1 9 11 4 5 6 7 8 16 13 -4 12 -2 29 -15 -16 19 -10 20 21 -19 -3 -22 -8 25 -23 -27 -28 -5 -1
right_child=2 3 10 28 -6 -7 23 -9 17 -11 -12 -13 -14 14 15 -17 -18 18 -20 -21 22 24 -24 -25 -26 26 27 -29 -30 -31
leaf_value=-0.040870316046032008 0.077892125467633661 0.0037094849684154874 -0.040992514170444791 0.077956912777112003 0.087256146206742283 0.070487677521283959 -0.041458212902638375 0.082829340289762146 -0.028006580729886758 0.068840902587863712 0.067071572684946443 0.078331470047532048 -0.040026966904125584 -0.041012091691888006 0.092103578624119872 -0.035376802765391673 -0.037108955635319976 -0.012714957039044007 -0.031425307822415635 0.078171509336890294 0.032391270963075598 0.036263301095794107 0.0031987949698305423 0.019922715959839538 0.046543464060629106 -0.035497865835543631 0.046212441708085236 -0.00910345101640485 0.055210294929065741 -0.011461827097834894
leaf_weight=845.04418011009693 67.189692173153162 31.279413100332022 59.557902935892344 66.633424580097198 9.494553476572035 12.585723511874674 55.022097438573837 11.121051803231238 72.075848437845707 4.9949607253074637 4.9998173117637625 320.69186156988144 20.261806309223175 63.634406469762325 12.107928626239302 5.5244133844971648 7.2704021111130706 45.750464502722025 27.714975658804178 5.2332256138324729 22.144003789871931 17.687008317559958 55.272978451102972 2.7079209722578517 20.971643336117268 4.4259664341807357 3.9306941665709001 6.0831182301044464 32.793940756469965 8.1758381836116296
leaf_count=22135 280 462 1555 289 40 53 1226 52 1386 20 20 1286 484 1671 62 139 159 805 559 27 303 212 879 43 251 78 63 104 172 185
internal_value=-0.000645533 -0.019867 0.0582202 0.0139364 -3.39396e-05 -0.00231107 -0.00484311 0.00108865 -0.00200284 -0.0382197 -0.0317278 0.0724905 0.0504276 -0.0388649 -0.0203523 0.0524075 0.0201382 -0.0116707 -0.00373406 0.0251411 0.0026999 0.020975 0.0118555 -0.0382888 0.0308892 0.0195739 -0.00189327 0.014834 0.0710789 -0.0406023
internal_weight=1922.38 1449.68 472.701 510.198 410.771 401.277 388.691 330.961 319.84 939.482 64.5577 408.143 87.4515 934.487 81.2667 17.6323 96.8815 222.958 150.882 89.6111 123.167 84.3778 77.417 57.73 53.0984 32.1268 14.4398 10.0138 99.4274 853.22
internal_count=35000 31375 3625 7163 6702 6662 6609 5340 5288 24212 1575 2050 764 24192 1872 201 1356 3932 2546 1197 1987 1170 1182 1269 708 457 245 167 461 22320
is_linear=0
shrinkage=0.04


Tree=16
num_leaves=31
num_cat=0
split_feature=65 49 23 2 2 39 8 66 2 2 2 2 2 49 2 2 3 46 56 75 2 2 2 44 49 46 0 0 0 0
split_gain=1356.89 1010.05 370.226 127.83 73.7701 54.4882 45.6176 50.0797 36.2825 45.3905 21.2324 21.2428 20.8999 19.5757 19.1666 18.3558 16.6093 13.8161 38.5376 13.6824 10.688 16.3458 16.6669 9.36409 28.5211 14.648 8.56029 8.02368 7.95739 6.98218
threshold=1.5000000000000002 5.5000000000000009 1.0000000180025095e-35 22155.725827163613 457.9029839405556 1.0000000180025095e-35 1.0000000180025095e-35 0.82843137254901966 2268.0701388888892 21625.533667062227 10575.515585078336 17199.960231911533 21874.893428125004 1.5000000000000002 17806.777767565003 1778.9468055555558 14.500000000000002 1.0000000180025095e-35 1.0000000180025095e-35 4.5000000000000009 9665.7476402156954 7836.8212339709735 7263.8088888888897 1.0000000180025095e-35 2.5000000000000004 4.5000000000000009 198362.00000000003 15560.000000000002 191947.50000000003 1518850.5000000002
decision_type=2 2 2 2 2 2 2 2 2 2 2 2 2 2 2 2 2 2 2 2 2 2 2 2 2 2 2 2 2 2
left_child=2 12 -1 4 19 6 7 8 15 10 20 -12 23 -14 -13 16 28 18 -9 -4 21 22 27 24 -2 -26 -22 -10 -6 -29
right_child=1 -3 3 -5 5 -7 -8 17 9 -11 11 14 13 -15 -16 -17 -18 -19 -20 -21 26 -23 -24 -25 25 -27 -28 29 -30 -31
leaf_value=-0.041240850213370671 0.069886310122621476 -0.041421461687942349 -0.032163460193116708 -0.041449147071474179 0.064309607220903953 0.077916678476323276 -0.040591669941965607 0.069956933305993035 0.058347477613588168 0.063581276573131285 -0.040817926476154995 0.04774744220487926 0.065030576898891163 -0.035518081363998512 -0.015955740516235668 0.078719501328369801 -0.037072446378068953 0.085463828942914211 -0.038398845902544838 0.037385366311779321 -0.0016338139275635418 -0.038582515420889231 0.059668012898451882 0.076923436520847974 -0.038374452350697259 0.056491057300205504 0.069978328692028302 -0.0064577854507204867 -3.4112537590119964e-05 0.049666855944427213
leaf_weight=811.0576598122716 41.747044183313847 160.80964363366365 50.538966566324234 75.387540444731712 8.394074063748123 26.296457290649414 18.595731299370527 16.193857125937942 2.9375332817435256 18.208894953131676 32.608453080058098 10.038392066955565 5.2377845197916013 5.2474685311317444 23.002775486558676 17.295724973082542 4.9645589068531981 20.282849796116352 6.8036550022661677 4.1312866061925879 3.8804387338459474 10.063500154763458 9.6540482603013498 437.01483843103051 6.5336762703955156 2.9887930154800415 7.2613872587680817 38.115875799208879 4.5703045502305022 2.9008811786770812
leaf_count=22122 204 4306 1068 1759 72 113 366 91 35 113 708 84 21 122 402 107 61 92 105 24 57 195 92 1809 137 12 59 562 62 40
internal_value=-0.000638794 0.045564 -0.0255696 0.00529615 0.015853 0.0240931 0.0182775 0.0230442 0.0141947 0.00590868 -0.00196428 -0.018421 0.073636 0.0159987 0.00423231 0.0503262 0.020224 0.061474 0.0376363 -0.0263307 0.0125291 0.00587174 0.0147705 0.0748384 0.0559344 -0.00606032 0.0469571 0.00380137 0.0432486 -0.00140081
internal_weight=1882.76 659.579 1223.18 412.127 336.74 282.069 255.773 237.177 193.897 158.672 140.463 65.6496 498.77 10.4853 33.0412 35.2247 17.9289 43.2804 22.9975 54.6703 74.8137 63.6718 53.6083 488.284 51.2695 9.52247 11.1418 43.9543 12.9644 41.0168
internal_count=35000 6611 28389 6267 4508 3416 3303 2937 2649 2347 2234 1194 2305 143 486 302 195 288 196 1092 1040 924 729 2162 353 149 116 637 134 602
is_linear=0
shrinkage=0.04


Tree=17
num_leaves=31
num_cat=0
split_feature=65 49 23 2 2 66 21 2 2 0 2 64 2 2 2 32 2 50 4 4 46 40 50 46 64 44 2 2 2 2
split_gain=1274.01 934.721 359.991 121.055 68.3313 45.7381 46.1921 33.5288 41.4426 20.4749 18.9713 30.5218 15.4983 20.0954 18.1317 11.9576 11.8222 9.00563 8.37683 16.3112 8.22146 27.899 54.0878 7.77671 27.3091 12.4067 7.65554 19.4061 10.184 12.9646
threshold=1.5000000000000002 5.5000000000000009 1.0000000180025095e-35 22155.725827163613 457.9029839405556 0.82843137254901966 1.0000000180025095e-35 3436.1876388888891 21625.533667062227 174106.50000000003 20036.103810272642 1.5000000000000002 10575.515585078336 17199.960231911533 17806.777767565003 1.0000000180025095e-35 4331.057553882084 1.0000000180025095e-35 5.5000000000000009 2.5000000000000004 1.0000000180025095e-35 1.0000000180025095e-35 1.0000000180025095e-35 1.0000000180025095e-35 1.5000000000000002 1.0000000180025095e-35 9665.7476402156954 7836.8212339709735 7107.3228667690282 6236.2064283236114
decision_type=2 2 2 2 2 2 2 2 2 2 2 2 2 2 2 2 2 2 2 2 2 2 2 2 2 2 2 2 2 2
left_child=2 10 -1 4 15 7 -7 9 12 -6 23 -12 16 -14 -15 -4 -9 26 19 -10 21 22 -8 24 25 -2 27 28 29 -18
right_child=1 -3 3 -5 5 6 20 8 18 -11 11 -13 13 14 -16 -17 17 -19 -20 -21 -22 -23 -24 -25 -26 -27 -28 -29 -30 -31
leaf_value=-0.0411633354956282 -0.036392163946792684 -0.041344737718398784 -0.031754600108849583 -0.041349719932659304 0.058804702823816488 -0.038533268926586088 0.065836206039174963 -0.037569729962386125 0.072568711487475943 0.0032462502668916 -0.037141732167713153 0.067354522401510186 -0.040746362850728454 0.044610787604722493 -0.016506678971715445 0.031431536587585893 0.027086916971921275 -0.035004717907259002 0.089865899803744875 -0.013574666572150069 0.079936393265984659 0.077134156685632338 -0.040237354394990058 0.074149577860839797 0.071541815588325064 0.046444935158515124 0.047803030198127025 -0.038127000373253943 0.054196624013379352 -0.037311287501024672
leaf_weight=780.6953863427043 6.3613594472408277 154.78696277737617 48.788510285317898 72.604572128504515 32.53763772174716 8.2775074951350671 16.573596872389317 6.8729794993996611 6.4250115975737589 15.704924944788216 6.5299359932541874 10.412821874022482 32.209620490670204 10.377510495483873 23.493778955191374 4.5056281499564639 16.038618065416816 4.4329507797956458 6.8465755283832541 6.1757907643914223 20.770318098366261 25.950915776193142 12.78511753305793 441.08845759183168 28.566790193319321 3.7719226703047752 10.97173612564802 9.0474284067749959 11.428018245846031 6.1136847957968703
leaf_count=22122 146 4306 1062 1759 273 171 91 110 38 200 144 42 724 84 414 30 227 78 35 45 93 118 229 1830 116 27 108 180 110 88
internal_value=-0.000635744 0.0442865 -0.0252546 0.00514311 0.0152725 0.0230952 0.0476102 0.0124999 0.00310059 0.0411514 0.0709996 0.027255 -0.00512948 -0.0186331 0.00296085 -0.0259322 0.00869279 0.0147154 0.0560734 0.032455 0.057361 0.0476142 0.0198395 0.0724844 0.0521157 -0.00415548 0.0193933 0.011153 0.025149 0.00847012
internal_weight=1841.15 651.518 1189.63 408.932 336.328 283.034 84.3575 198.676 150.434 48.2426 496.731 16.9428 130.986 66.0809 33.8713 53.2941 64.9054 58.0324 19.4474 12.6008 76.0799 55.3096 29.3587 479.789 38.7001 10.1333 53.5995 42.6277 33.5803 22.1523
internal_count=35000 6611 28389 6267 4508 3416 702 2714 2241 473 2305 186 2123 1222 498 1092 901 791 118 83 531 438 320 2119 289 173 713 605 425 315
is_linear=0
shrinkage=0.04


Tree=18
num_leaves=31
num_cat=0
split_feature=65 49 23 2 2 39 8 66 2 2 0 2 64 4 75 0 46 50 4 3 3 2 4 0 2 46 64 45 3 2
split_gain=1197.93 867.862 349.832 114.601 63.2658 46.213 40.289 41.4629 29.2472 39.6924 17.8135 17.1303 28.6288 12.913 12.4618 12.4458 11.3065 32.0684 7.40722 12.3558 11.4288 10.3995 7.24105 12.5785 13.2918 6.98332 25.3253 11.6748 5.86221 5.19082
threshold=1.5000000000000002 5.5000000000000009 1.0000000180025095e-35 22155.725827163613 457.9029839405556 1.0000000180025095e-35 1.0000000180025095e-35 0.82843137254901966 3436.1876388888891 21765.907188560697 174106.50000000003 20036.103810272642 1.5000000000000002 2.5000000000000004 4.5000000000000009 1596883.0000000002 1.0000000180025095e-35 1.0000000180025095e-35 1.0000000180025095e-35 8.5000000000000018 9.5000000000000018 8803.6144217629189 4.5000000000000009 31813.500000000004 7836.8212339709735 1.0000000180025095e-35 1.5000000000000002 1.0000000180025095e-35 17.500000000000004 21259.180692423892
decision_type=2 2 2 2 2 2 2 2 2 2 2 2 2 2 2 2 2 2 2 2 2 2 2 2 2 2 2 2 2 2
left_child=2 11 -1 4 14 6 7 8 10 13 28 25 -13 18 -4 22 17 -9 20 21 -10 -20 -15 24 -24 26 27 -2 -6 -25
right_child=1 -3 3 -5 5 -7 -8 16 9 -11 -12 12 -14 15 -16 -17 -18 -19 19 -21 -22 -23 23 29 -26 -27 -28 -29 -30 -31
leaf_value=-0.041087983896024242 -0.036164042106049815 -0.041270431743996965 -0.031451985179248007 -0.041252857200034285 0.063171318045205233 0.07146278063805056 -0.040318523673142793 0.062126518778309478 0.027455606635663894 0.06608607800873921 0.003702494693706503 -0.036899447429422784 0.065309754735434947 -0.025220226283253634 0.034549149120793841 0.042511680199774415 0.077048752669408221 -0.037872277664052073 0.042278704992137074 0.047897009493138021 -0.035512928419206641 -0.038280941183468795 0.088369075650256604 -0.018920812171947261 -0.010134262420400787 0.071652839712763164 0.069294281459419141 0.044271584071305894 0.015820633972225488 0.033932693256977203
leaf_weight=751.43361636251211 6.155890751630066 148.98182184249163 47.750249650329351 69.920506566762924 27.517853781580925 26.541386671364307 17.486426007002592 16.913158349692825 7.9029192775487926 13.834848672151564 15.529977105557917 6.3206978030502823 10.341973051428793 48.505066398531199 4.2309069260954848 5.4632657282054415 20.84012395888567 6.413502972573041 3.1181071959435958 16.557188611477613 8.5996344536542875 5.87181556224823 3.5216724947094908 27.167921464890245 3.8971928805112839 438.28873870894313 28.350279420614243 3.846334420144558 5.8479176796972743 2.4049068577587596
leaf_count=22122 146 4306 1068 1759 215 113 366 91 101 80 195 144 42 879 24 86 92 105 30 202 127 86 37 473 67 1830 116 27 51 20
internal_value=-0.000635447 0.0431327 -0.0249431 0.00497783 0.0146946 0.0221223 0.0167776 0.0210893 0.013041 0.0040221 0.0395034 0.0686551 0.0266444 -0.00287838 -0.0255292 -0.0113228 0.0556796 0.0342059 0.0152268 0.0283265 -0.00551211 -0.00890411 -0.0152145 -0.00177606 0.041567 0.0700648 0.0505578 -0.00402019 0.0555742 -0.0136534
internal_weight=1799.56 642.286 1157.27 405.837 335.916 283.935 257.393 239.907 195.74 146.845 48.8957 493.304 16.6627 133.01 51.9812 90.96 44.1668 23.3267 42.0497 25.5471 16.5026 8.98992 85.4968 36.9917 7.41887 476.641 38.3525 10.0022 33.3658 29.5728
internal_count=35000 6611 28389 6267 4508 3416 3303 2937 2649 2188 461 2305 186 2108 1092 1562 288 196 546 318 228 116 1476 597 104 2119 289 173 266 493
is_linear=0
shrinkage=0.04


Tree=19
num_leaves=31
num_cat=0
split_feature=46 23 49 43 2 49 33 2 64 64 8 46 2 2 2 40 37 49 2 2 2 2 2 2 2 2 50 1 2 2
split_gain=1042.3 481.381 277.412 184.489 92.7693 42.0573 58.6619 51.0586 34.547 31.9211 31.2235 33.895 33.4899 44.4486 29.5084 17.3745 65.5313 30.6647 15.2755 25.7937 21.713 15.7816 19.185 13.2834 15.2962 12.4529 9.48067 8.87959 7.33916 7.23657
threshold=1.5000000000000002 1.0000000180025095e-35 4.5000000000000009 1.0000000180025095e-35 22155.725827163613 2.5000000000000004 1.0000000180025095e-35 599.11082854875019 3.5000000000000004 3.5000000000000004 1.0000000180025095e-35 1.0000000180025095e-35 2268.0701388888892 21625.533667062227 21874.893428125004 1.5000000000000002 1.5000000000000002 2.5000000000000004 10575.515585078336 17199.960231911533 19828.037558917644 19207.724171741949 17806.777767565003 9665.7476402156954 7836.8212339709735 7263.8088888888897 1.5000000000000002 12.067428203415741 10191.165492144446 2893.7176144331947
decision_type=2 2 2 2 2 2 2 2 2 2 2 2 2 2 2 2 2 2 2 2 2 2 2 2 2 2 2 2 2 2
left_child=1 8 14 4 5 6 7 -3 15 -4 11 12 27 18 -2 -1 -17 -18 23 -20 21 22 -21 24 25 29 -16 -9 -25 -14
right_child=2 3 9 -5 -6 -7 -8 10 -10 -11 -12 -13 13 -15 26 16 17 -19 19 20 -22 -23 -24 28 -26 -27 -28 -29 -30 -31
leaf_value=-0.040199668774822998 0.065072396668021629 -0.027339511513910487 -0.040637708242538671 0.060980058319692623 -0.041075981988783934 -0.040890995209814998 0.072553054771011691 0.065601751012061726 0.059739388018462097 0.058394983949209618 -0.039478710984648752 0.077541236135127964 -0.03687437978522029 0.059476110552179294 0.047792618719144926 -0.040661211793983139 0.077552685935166385 -0.034419867386247478 -0.040640824312247172 0.04059118063848411 -0.038689451977769761 0.075836447648691088 -0.037683979646540341 0.067394474609275043 -0.038600970669147458 0.049376977354015902 -0.035608801131745638 0.015051235478032044 0.0046739579921767065 0.0091314170430667092
leaf_weight=734.62037845700979 387.26111106947064 52.193046852946281 51.185935266315937 98.677866194397211 70.768035799264908 23.888426512479782 23.530175268650055 22.755994293838743 4.9355491995811454 4.9048212170600882 14.151413779705761 14.325211912393568 5.335586789995431 22.381406836211681 2.1989199668169004 54.639032073318958 12.639188691973688 4.8145711682736865 30.218700654804707 10.849101826548582 9.9278108812868577 6.8961518332362166 7.7084503136575213 8.4376142621040326 10.177791196852921 10.702764887362717 5.9938861057162285 8.1966325491666776 4.5968355536460868 39.279800675809383
leaf_count=22320 1866 1146 1555 461 1905 564 102 130 20 20 319 68 72 123 9 1671 62 139 700 86 185 86 145 79 207 94 175 84 45 562
internal_value=-0.000631053 -0.0187384 0.0516922 0.0123361 0.000101476 0.00915092 0.0132357 0.0079755 -0.0376815 -0.0311067 0.0162179 0.0201075 0.0155712 0.00831865 0.0634851 -0.0383508 -0.0192185 0.0464739 1.95558e-05 -0.014113 0.00903825 0.0284125 0.00781284 0.0118542 0.00421927 0.0126431 -0.0104603 0.0531054 0.0471841 0.00294179
internal_weight=1758.19 1306.65 451.545 494.999 396.321 325.553 301.664 278.134 811.649 56.0908 225.941 211.79 197.465 166.512 395.454 806.713 72.0928 17.4538 144.131 65.6002 35.3815 25.4537 18.5576 78.5304 65.4959 55.3182 8.19281 30.9526 13.0344 44.6154
internal_count=35000 31375 3625 7163 6702 4797 4233 4131 24212 1575 2985 2666 2598 2384 2050 24192 1872 201 2261 1202 502 317 231 1059 935 728 184 214 124 634
is_linear=0
shrinkage=0.04


Tree=20
num_leaves=31
num_cat=0
split_feature=65 49 23 66 21 50 39 12 46 50 45 49 46 3 27 3 0 0 75 0 3 0 0 0 3 3 0 0 0 3
split_gain=1069.78 757.637 329.761 58.9634 43.6206 25.0045 17.2604 36.8963 16.1431 38.5647 14.0916 33.2414 13.657 5.94468 3.23716 2.80896 3.39337 2.5463 2.54598 2.30426 2.06655 2.67028 1.83824 2.35834 2.0034 2.7711 1.75021 1.70207 2.84771 2.41126
threshold=1.5000000000000002 5.5000000000000009 1.0000000180025095e-35 0.82843137254901966 1.0000000180025095e-35 1.0000000180025095e-35 1.0000000180025095e-35 1.0000000180025095e-35 1.0000000180025095e-35 1.0000000180025095e-35 1.0000000180025095e-35 2.5000000000000004 4.5000000000000009 17.500000000000004 1.0000000180025095e-35 8.5000000000000018 23521.500000000004 1979389.5000000002 4.5000000000000009 171554.50000000003 10.500000000000002 724604.50000000012 68617.500000000015 89362.500000000015 13.500000000000002 14.500000000000002 110263.00000000001 93313.500000000015 104808.50000000001 5.5000000000000009
decision_type=2 2 2 2 2 2 2 2 2 2 2 2 2 2 2 2 2 2 2 2 2 2 2 2 2 2 2 2 2 2
left_child=2 10 -1 5 -5 13 7 8 9 18 11 14 -13 15 -2 19 -17 20 -6 27 -18 22 24 -24 -22 -26 -25 29 -29 -4
right_child=1 -3 3 4 6 -7 -8 -9 -10 -11 -12 12 -14 -15 -16 16 17 -19 -20 -21 21 -23 23 26 25 -27 -28 28 -30 -31
leaf_value=-0.040948073442937195 0.034010074229680977 -0.041130074881525584 0.0046509383636713147 -0.039588376354249923 0.036146008789174074 -0.041194866017411014 0.066921510010949287 -0.038647245801365984 0.066302102415340833 -0.039281161238962782 0.067378760028654908 -0.039247454281860723 0.049837402682962564 -0.012598095746225125 0.066596068998822311 0.025097725797913972 0.012375808373302311 0.029270841606621759 0.071048603420360554 -0.0086428635213190146 -0.022240663484677389 -0.020398934129822865 0.028881717216824303 -0.019667550378775052 0.032503325543936083 -0.010497437206069184 0.0057856184485998363 0.04309156779869204 0.0044638393968910155 -0.015222490667908085
leaf_weight=697.63299626298249 9.8154108524322492 138.12333212420344 31.528091419488192 11.723264537751673 13.169631786644461 25.959693405777216 26.422944143414497 10.299967810511587 22.773223195225 10.341030813753607 429.03009838983417 8.7422170080244523 2.8888896703720084 53.665881548076868 32.879349544644356 13.074745818972586 22.64084729924798 4.9642303958535186 7.8650942146778098 49.422148767858744 7.9398566074669388 9.0579738691449148 5.4010071977972975 4.0174339935183516 2.6098767891526204 6.2199249230325222 30.647657088935375 2.9853569753468063 14.327166847884653 12.969957504421471
leaf_count=22122 91 4306 513 283 99 553 112 247 106 203 1848 218 12 979 136 185 359 80 32 887 133 166 77 67 37 109 522 43 243 232
internal_value=-0.000628406 0.0412677 -0.0243653 0.0045844 0.0305761 -0.0044535 0.0399603 0.028053 0.0412112 0.0215142 0.0648499 0.0440214 -0.014927 -0.000801786 0.0600544 0.00214903 0.00676032 0.00395759 0.0518286 -0.00228997 0.00222718 -0.00139274 0.00193663 0.00655754 -0.00885138 0.00422616 0.00236704 0.00284637 0.0131142 -0.00134888
internal_weight=1719.14 621.479 1097.66 400.027 102.595 297.432 90.8719 64.4489 54.149 31.3758 483.356 54.3259 11.6311 271.472 42.6948 217.806 106.574 93.4988 21.0347 111.233 88.5346 65.8937 56.8358 40.0661 16.7697 8.8298 34.6651 61.8106 17.3125 44.498
internal_count=35000 6611 28389 6267 1082 5185 799 687 440 334 2305 457 230 4632 227 3653 1735 1550 131 1918 1470 1111 945 666 279 146 589 1031 286 745
is_linear=0
shrinkage=0.04


Tree=21
num_leaves=31
num_cat=0
split_feature=65 49 23 2 2 39 8 4 4 59 66 2 2 49 0 0 75 2 4 2 2 2 2 0 2 50 46 2 2 46
split_gain=1007.79 707.721 320.948 101.431 54.3772 36.755 34.1127 36.5587 27.4773 19.5017 16.8161 17.7731 13.8279 24.5789 11.3246 11.0188 10.3481 10.0156 8.38582 9.22583 9.22082 26.4397 7.38532 9.7137 9.90454 6.83172 16.2987 6.46967 6.21683 5.67786
threshold=1.5000000000000002 5.5000000000000009 1.0000000180025095e-35 22155.725827163613 457.9029839405556 1.0000000180025095e-35 1.0000000180025095e-35 2.5000000000000004 3.5000000000000004 7.5000000000000009 0.82843137254901966 3128.9712500000005 20036.103810272642 1.5000000000000002 1340535.0000000002 176980.50000000003 4.5000000000000009 21625.533667062227 1.0000000180025095e-35 3436.1876388888891 17527.723090472642 10575.515585078336 21765.907188560697 24863.000000000004 7836.8212339709735 1.0000000180025095e-35 1.0000000180025095e-35 17199.960231911533 10436.097361111113 1.0000000180025095e-35
decision_type=2 2 2 2 2 2 2 2 2 2 2 2 2 2 2 2 2 2 2 2 2 2 2 2 2 2 2 2 2 2
left_child=2 12 -1 4 16 6 7 9 17 18 11 15 29 -14 22 -10 -4 28 19 -6 21 -20 23 24 -13 -12 -27 -21 -9 -2
right_child=1 -3 3 -5 5 -7 -8 8 10 -11 25 14 13 -15 -16 -17 -18 -19 20 27 -22 -23 -24 -25 -26 26 -28 -29 -30 -31
leaf_value=-0.04087826073592609 0.046353818201217568 -0.041062140918811003 -0.030753434991545554 -0.041087701278066747 0.058525153410559597 0.064166695761056255 -0.039894120146524638 -0.010174827189132953 0.05903842130297892 -0.035249468973129694 0.072572462797263024 0.067312078099550893 0.060359241489972931 -0.036443353146112516 0.04724296061522832 -0.0038182884790302282 0.028942301205620056 0.044487226595123969 0.055318835550070437 -0.0097646621094124881 0.077872857351968167 -0.036690765003145588 0.031976729191257443 -0.015881069160133768 -0.012641603048617013 -0.034542975187866858 0.064259634997138201 0.034734717585423819 -0.041267836255560457 0.065779092449773369
leaf_weight=671.40178942680359 37.155226092785597 132.92420120164752 45.108627989888191 64.529611960053444 8.402158524841072 26.456159718334675 15.846303248777984 25.820974189788103 15.381042119115593 4.4511287659406653 10.300908692181112 3.9964006729423982 10.040374860167502 5.9276813007891169 6.6452541910111895 5.9730697050690642 4.3803970888257018 2.8763331919908515 27.866192609071732 11.366217844188215 18.18615523353219 5.3129973635077468 6.9887580424547187 49.329246819019318 4.3957797735929489 3.9035747162997705 5.0951427817344666 8.1910646855831128 17.18051403388381 424.44789268448949
leaf_count=22122 289 4306 1068 1759 60 113 366 352 111 83 45 40 42 144 81 79 24 19 217 160 119 99 38 842 83 71 26 69 343 1830
internal_value=-0.00062418 0.040342 -0.0240269 0.00443256 0.0133381 0.020084 0.0153244 0.0190946 0.00766362 0.0402934 0.0183027 0.0109482 0.0630379 0.0243941 0.00118116 0.0420722 -0.025001 -0.0181476 0.0449183 0.0258555 0.0546028 0.0399429 -0.00419602 -0.00904568 0.0285457 0.0513518 0.0222316 0.0096558 -0.0232531 0.0643191
internal_weight=1679.88 610.495 1069.39 397.984 333.454 283.965 257.509 241.663 157.887 83.7759 112.009 92.7096 477.571 15.9681 71.3554 21.3541 49.489 45.8778 79.3248 27.9594 51.3653 33.1792 64.7102 57.7214 8.39218 19.2996 8.99872 19.5573 43.0015 461.603
internal_count=35000 6611 28389 6267 4508 3416 3303 2937 2130 807 1416 1274 2305 186 1084 190 1092 714 724 289 435 316 1003 965 123 142 97 229 695 2119
is_linear=0
shrinkage=0.04


Tree=22
num_leaves=31
num_cat=0
split_feature=65 49 69 2 2 66 21 2 2 2 2 2 75 49 27 3 50 2 2 2 3 2 2 2 44 64 27 2 2 2
split_gain=950.028 661.899 312.08 96.2869 50.7265 31.1293 30.8974 27.9321 26.9534 16.032 18.5581 15.9311 14.1591 13.7464 13.6589 12.5499 9.80888 9.82473 14.1359 8.79612 9.48822 8.54618 12.6874 12.1012 7.62821 27.0736 17.3725 7.60645 18.7546 7.57766
threshold=1.5000000000000002 5.5000000000000009 1.0000000180025095e-35 22155.725827163613 541.61184309777798 0.82843137254901966 1.0000000180025095e-35 2268.0701388888892 21625.533667062227 10575.515585078336 17199.960231911533 19828.037558917644 4.5000000000000009 4.5000000000000009 3.5000000000000004 17.500000000000004 1.0000000180025095e-35 2893.7176144331947 3254.1927234080563 1778.9468055555558 13.500000000000002 9665.7476402156954 7836.8212339709735 7107.3228667690282 1.0000000180025095e-35 1.5000000000000002 1.0000000180025095e-35 19207.724171741949 17806.777767565003 6236.2064283236114
decision_type=2 2 2 2 2 2 2 2 2 2 2 2 2 2 2 2 2 2 2 2 2 2 2 2 2 2 2 2 2 2
left_child=2 13 -1 4 12 7 -7 19 9 16 -11 15 -4 24 -15 27 17 -9 -19 20 -6 22 23 29 25 26 -2 28 -12 -20
right_child=1 -3 3 -5 5 6 -8 8 -10 10 11 -13 -14 14 -16 -17 -18 18 21 -21 -22 -23 -24 -25 -26 -27 -28 -29 -30 -31
leaf_value=-0.040810084753092113 -0.037635464759885287 -0.040996097779950107 -0.029186106212471429 -0.040996898704143712 0.038379927793166249 -0.03765294265598388 0.04791416078229651 -0.036438381356629468 0.044951314623786161 -0.04040164701740287 0.049847395767437387 -0.038482923364727063 0.034687008244214494 -0.034976008340391676 0.053680432139306442 -0.035752012546865351 -0.036544424450999924 0.079245252443145398 0.0098720656210717992 0.060279869749128356 -0.024434134791963453 0.04154761704922981 -0.037659003160878168 0.045236135085658422 0.064247528455462277 0.063021024889764382 0.047576620846131616 0.074776373072718366 -0.036149789928280968 -0.037176738767088463
leaf_weight=646.13337530009449 8.2075875718146545 127.91535209864378 48.658850334584713 62.136101452633739 11.032269097864626 6.6837689485400906 74.397601634263992 4.8737769685685626 21.1586022824049 28.872002396732569 9.6453310921788269 9.5549732670187932 5.4039960205554953 4.455362653359769 4.7345349192619324 4.361466120928525 5.8386645652353755 4.5396370925009242 24.463217902928594 19.521227046847343 4.8431287035346022 11.72657250985503 8.3364063799381238 12.499421145766972 411.67434041947126 36.746509701013565 5.5542272925376883 4.4339891895651808 5.6622858978807917 5.9782638996839514
leaf_count=22122 205 4306 1150 1759 88 161 520 64 118 724 72 186 28 98 20 69 110 56 345 110 50 108 180 110 1802 157 23 62 109 88
internal_value=-0.000617988 0.0394634 -0.0237134 0.0043122 0.0128773 0.0197607 0.0404878 0.0110834 0.00394156 -0.00249532 -0.0174502 0.00283531 -0.0222875 0.0613381 0.0114845 0.0200953 0.0095237 0.0136851 0.0177808 0.0427524 0.0189048 0.0121831 0.00480146 0.013714 0.0623025 0.0455095 -0.00235092 0.0335623 0.0177709 -0.000256175
internal_weight=1640.04 599.288 1040.75 394.622 332.485 278.423 81.0814 197.341 161.945 140.786 62.53 33.658 54.0628 471.373 9.1899 24.1031 78.256 72.4173 67.5435 35.3966 15.8754 63.0039 51.2773 42.9409 462.183 50.5083 13.7618 19.7416 15.3076 30.4415
internal_count=35000 6611 28389 6267 4508 3330 681 2649 2401 2283 1222 498 1178 2305 118 312 1061 951 887 248 138 831 723 543 2187 385 228 243 181 433
is_linear=0
shrinkage=0.04


Tree=23
num_leaves=31
num_cat=0
split_feature=65 49 23 2 2 39 14 4 4 59 66 2 49 27 2 0 0 75 4 2 2 44 64 33 50 47 0 2 2 2
split_gain=896.901 620.874 303.214 91.2562 47.1832 32.8797 31.4749 32.5535 25.1074 17.1577 14.3541 13.9481 12.7248 12.9719 11.0917 10.0326 9.63223 8.78869 8.15605 7.51476 23.0735 6.95381 25.303 16.6114 6.77168 15.0099 6.62075 8.74599 8.62936 6.38527
threshold=1.5000000000000002 5.5000000000000009 1.0000000180025095e-35 22155.725827163613 416.27669748430566 1.0000000180025095e-35 1.0000000180025095e-35 2.5000000000000004 3.5000000000000004 7.5000000000000009 0.82843137254901966 3128.9712500000005 4.5000000000000009 3.5000000000000004 21765.907188560697 1340535.0000000002 176980.50000000003 4.5000000000000009 1.0000000180025095e-35 17527.723090472642 10575.515585078336 1.0000000180025095e-35 1.5000000000000002 1.5000000000000002 1.0000000180025095e-35 1.0000000180025095e-35 24863.000000000004 21765.907188560697 7836.8212339709735 3436.1876388888891
decision_type=2 2 2 2 2 2 2 2 2 2 2 2 2 2 2 2 2 2 2 2 2 2 2 2 2 2 2 2 2 2
left_child=2 12 -1 4 17 6 7 9 14 18 11 16 21 -14 -9 26 -10 -4 29 20 -20 22 23 -2 -12 -26 28 -28 -13 -6
right_child=1 -3 3 -5 5 -7 -8 8 10 -11 24 15 13 -15 -16 -17 -18 -19 19 -21 -22 -23 -24 -25 25 -27 27 -29 -30 -31
leaf_value=-0.040743419282483977 -0.038829069872001978 -0.040931826677209487 -0.031281090690573998 -0.040907980958265436 0.048396744027360071 0.060150410629625554 -0.039776572019517557 -0.023420241644264955 0.051873501747418227 -0.034927313451223546 0.068063073755815634 0.061505187643332085 -0.034705217891642832 0.052480663152398979 0.050090171201440631 0.043569422529589334 -0.0053323902806428815 0.025694349261969167 0.050647513083865364 0.071122081051540262 -0.036382458791734254 0.062659345814168071 0.06154492676878217 0.044706590157384839 -0.034725084687574487 0.058905781885161428 -0.015470420454686983 0.031014469063815286 -0.010264733301177451 0.0088265067948992068
leaf_weight=621.79511314630508 7.6736475601792318 123.09035854227841 40.345926318317652 59.828996822237968 9.2491615414619464 26.305283285677433 15.489783827215431 43.03706768155098 16.33644583448768 4.3040702156722537 10.322960279881956 4.2428585067391378 4.3210427947342378 4.6731588244438171 2.619101256132125 6.8984972871839991 6.2267594598233691 4.0863836705684653 29.91033848747611 18.833550233393908 5.0419969223439685 405.37672592326999 36.158557072281837 5.7928489483892918 3.9945349246263486 5.2548186033964157 48.475508440285921 6.5058390498161307 4.9889242276549339 19.594858553260565
leaf_count=22122 189 4306 1009 1759 73 114 372 707 116 85 45 40 98 20 16 81 84 22 236 119 99 1802 157 39 72 26 842 34 87 229
internal_value=-0.000618475 0.0386864 -0.0233979 0.00415688 0.0123748 0.0183079 0.0138828 0.0174112 0.00655945 0.0369466 0.0166215 0.00985764 0.0598504 0.0113129 -0.01822 0.00100544 0.0365301 -0.0255909 0.0410633 0.0503106 0.0374304 0.0607829 0.0445198 -0.00228836 0.046941 0.0190265 -0.00416525 -0.00951419 0.0255076 0.0227116
internal_weight=1600.78 587.086 1013.69 391.894 332.065 287.632 261.327 245.837 158.903 86.934 113.247 93.6748 463.996 8.9942 45.6562 71.1116 22.5632 44.4323 82.6299 53.7859 34.9523 455.002 49.6251 13.4665 19.5723 9.24935 64.2131 54.9813 9.23178 28.844
internal_count=35000 6611 28389 6267 4508 3477 3363 2991 2150 841 1427 1284 2305 118 723 1084 200 1031 756 454 335 2187 385 228 143 98 1003 876 127 302
is_linear=0
shrinkage=0.04


Tree=24
num_leaves=31
num_cat=0
split_feature=65 49 23 2 2 39 8 4 4 49 3 75 2 49 2 2 2 2 2 2 4 2 3 2 2 3 0 2 2 3
split_gain=847.029 583.186 294.817 86.6989 44.0119 30.4583 28.2969 29.9548 22.0151 15.7217 14.207 12.7393 11.997 21.4478 11.106 23.9901 18.1839 15.496 10.2383 8.39268 7.75887 6.65522 16.4979 6.58653 6.54427 5.98838 5.97901 5.54397 22.7143 8.81742
threshold=1.5000000000000002 5.5000000000000009 1.0000000180025095e-35 22155.725827163613 541.61184309777798 1.0000000180025095e-35 1.0000000180025095e-35 2.5000000000000004 3.5000000000000004 1.5000000000000002 17.500000000000004 4.5000000000000009 20036.103810272642 1.5000000000000002 3128.9712500000005 17383.022917417504 17680.915837957782 10071.812916666668 21765.907188560697 5799.9373521815287 1.0000000180025095e-35 3436.1876388888891 9.5000000000000018 10436.097361111113 19367.50390451917 5.5000000000000009 86439.500000000015 17527.723090472642 7836.8212339709735 5.5000000000000009
decision_type=2 2 2 2 2 2 2 2 2 2 2 2 2 2 2 2 2 2 2 2 2 2 2 2 2 2 2 2 2 2
left_child=2 12 -1 4 11 6 7 9 18 20 14 -4 -2 -14 26 17 -17 19 23 25 21 -6 -23 -9 -18 -16 -10 28 29 -22
right_child=1 -3 3 -5 5 -7 -8 8 10 -11 -12 -13 13 -15 15 16 24 -19 -20 -21 27 22 -24 -25 -26 -27 -28 -29 -30 -31
leaf_value=-0.040678143742037598 0.059688266848136669 -0.040869214536621248 -0.028470818197048164 -0.040820796319980091 0.050821779649756746 0.058696912100359246 -0.0394991126499546 -0.0086589644431371536 0.066715867629043552 -0.03074106673081644 -0.016232939491743932 0.032035786475855109 0.05604295779693743 -0.036203164675338517 0.021184361829321971 0.10147572883917687 -0.017658415257358909 -0.03598747123787209 0.047702082399496713 0.029370567329831287 0.081389371080408182 0.03839302384398538 -0.032263567381213984 -0.041227616647397131 0.033665652405148787 -0.037500076402945295 0.022654820550356551 0.067305668986623962 -0.013445498918817689 0.028989597925463954
leaf_weight=598.35513546876609 440.95514184609056 118.44295601174235 46.367434976622462 57.60546805895865 7.9097279012203243 26.011147521436214 14.052338317036627 24.610491774976254 10.965742643922569 4.5882304217666379 17.574052777141333 5.4701442271471015 9.5824621766805631 5.6530047878623 3.7368865124881285 5.4829948246479061 4.2687572948634651 15.303864577785133 2.6888089627027503 17.159517332911491 11.931267328560354 11.391861736774446 8.2651998922228795 16.503233140334487 19.373577475547791 6.1223927065730095 11.027234792709349 19.204338740557432 9.5798338763415796 11.354776579886673
leaf_count=22122 2119 4306 1150 1759 51 113 345 339 62 87 298 28 42 144 46 31 67 326 16 217 67 109 119 346 161 87 96 118 141 88
internal_value=-0.000610939 0.0379585 -0.023084 0.00404526 0.0119543 0.0182412 0.0138688 0.0171576 0.00662603 0.0362111 0.0160681 -0.0216004 0.0584696 0.021694 0.0222507 0.0142253 0.0415172 -0.00508099 -0.0171288 0.0130845 0.0404018 0.022041 0.0085604 -0.0224007 0.0240583 -0.0153548 0.0465699 0.0495239 0.0374529 0.0580839
internal_weight=1561.54 574.634 986.904 388.549 330.944 279.106 253.095 239.043 154.818 84.2252 111.015 51.8376 456.191 15.2355 93.441 71.448 29.1253 42.3227 43.8025 27.0188 79.637 27.5668 19.6571 41.1137 23.6423 9.85928 21.993 52.0702 32.8659 23.286
internal_count=35000 6611 28389 6267 4508 3330 3217 2872 2092 780 1391 1178 2305 186 1093 935 259 676 701 350 693 279 228 685 228 133 158 414 296 155
is_linear=0
shrinkage=0.04


Tree=25
num_leaves=31
num_cat=0
split_feature=65 49 23 66 21 50 4 3 49 27 4 6 50 46 46 64 43 1 4 4 3 3 1 3 1 1 3 3 3 3
split_gain=799.608 547.623 286.6 43.8915 32.5521 22.3546 23.5343 12.4338 12.0612 12.0862 11.8642 10.5988 31.101 39.2209 6.905 25.3722 15.0693 5.49035 5.68051 5.333 5.00396 5.19256 7.14771 4.07411 3.01895 5.3493 2.91379 4.82643 5.37979 4.64605
threshold=1.5000000000000002 5.5000000000000009 1.0000000180025095e-35 0.82843137254901966 1.0000000180025095e-35 1.0000000180025095e-35 2.5000000000000004 17.500000000000004 4.5000000000000009 3.5000000000000004 3.5000000000000004 1.0000000180025095e-35 1.0000000180025095e-35 1.0000000180025095e-35 1.0000000180025095e-35 1.5000000000000002 1.0000000180025095e-35 10.1211762523586 5.5000000000000009 1.0000000180025095e-35 5.5000000000000009 1.5000000000000002 12.05266209819891 9.5000000000000018 14.283564785302476 12.709952181247052 14.500000000000002 5.5000000000000009 8.5000000000000018 10.500000000000002
decision_type=2 2 2 2 2 2 2 2 2 2 2 2 2 2 2 2 2 2 2 2 2 2 2 2 2 2 2 2 2 2
left_child=2 8 -1 5 -5 6 19 10 14 -10 -8 12 -6 -14 15 16 -2 23 20 -4 21 22 -19 -12 25 -22 27 -21 -29 -30
right_child=1 -3 3 4 11 -7 7 -9 9 -11 17 -13 13 -15 -16 -17 -18 18 -20 26 24 -23 -24 -25 -26 -27 -28 28 29 -31
leaf_value=-0.040614143658568129 -0.037850953445099755 -0.040808150893974188 0.0029017733844843769 -0.038971141674001127 0.053231771925595903 -0.040897147237351675 -0.020959359138246213 -0.031442683038194218 -0.034643048888760616 0.050124690193821431 0.00096050856045756469 0.057147098937636642 -0.04021585426651364 0.045541227233745686 0.059740024957916055 0.058951942398824224 0.056321309362932545 0.042464051727211037 0.014607704365670078 0.028423077067820206 0.0064826110266218619 -0.035913198306010266 -0.032696079179612661 0.043978535368713531 0.033409674315686609 -0.025642561305609952 0.034953532287008045 -0.035889335458218485 0.041963024351316013 -0.0091419213031162377
leaf_weight=575.78257022984326 8.2079076617956144 113.96706720627844 29.895972333848476 9.9239631518721563 31.390372090041637 23.038643123582006 44.443286068737507 30.964694086462259 4.2884813863784057 4.5278453826904297 6.0540889725089055 24.094972237944603 18.15556769259274 14.389082023873923 398.95976603776217 29.81455634534359 2.8820392340421668 3.1976953186094788 27.714145388454199 18.395968146622181 29.29410264082253 13.649863252416251 2.9383269138634205 7.5782172121107578 3.1581419724971047 10.429552718997 22.474759008735418 4.1269976403564206 4.0773374252021295 5.8340939395129681
leaf_count=22122 200 4306 454 283 174 553 1002 738 98 20 104 105 448 72 1841 134 12 62 416 210 478 264 60 87 54 211 249 78 63 102
internal_value=-0.00060565 0.0372264 -0.0227712 0.00393441 0.0269121 -0.00396687 -0.000604773 -0.00880409 0.0570942 0.00956289 -0.00390344 0.0346937 0.025482 -0.00207246 0.0580231 0.0402508 -0.0107434 0.00351443 -0.0001638 0.016643 -0.00682318 -0.022931 0.0069343 0.0262456 0.000962222 -0.0023745 0.0239388 0.0154892 -0.00222236 0.0138005
internal_weight=1523.65 562.648 961.002 385.22 97.954 287.266 264.227 179.422 448.681 8.81633 148.457 88.03 63.935 32.5446 439.864 40.9045 11.0899 104.014 90.3818 84.8051 62.6677 19.7859 6.13602 13.6323 42.8818 39.7237 54.9092 32.4344 14.0384 9.91143
internal_count=35000 6611 28389 6267 1082 5185 4632 3476 2305 118 2738 799 694 520 2187 346 212 1736 1545 1156 1129 386 122 191 743 689 702 453 243 165
is_linear=0
shrinkage=0.04


Tree=26
num_leaves=31
num_cat=0
split_feature=65 49 23 2 2 39 8 4 4 3 49 49 27 49 2 2 2 2 2 2 75 59 2 2 0 44 64 75 2 3
split_gain=755.885 515.761 278.622 80.9503 40.5021 26.8448 26.7929 24.6242 21.0428 12.951 12.2875 11.2502 11.5072 9.96111 9.77086 9.29478 21.7278 14.9516 14.13 7.81225 7.60833 6.58186 8.25397 8.99485 8.86349 6.5196 23.1589 15.6123 6.11003 5.84792
threshold=1.5000000000000002 5.5000000000000009 1.0000000180025095e-35 22155.725827163613 416.27669748430566 1.0000000180025095e-35 1.0000000180025095e-35 2.5000000000000004 3.5000000000000004 17.500000000000004 1.5000000000000002 4.5000000000000009 3.5000000000000004 1.5000000000000002 21765.907188560697 3128.9712500000005 17383.022917417504 10071.812916666668 17680.915837957782 5799.9373521815287 4.5000000000000009 1.0000000180025095e-35 21765.907188560697 7836.8212339709735 191947.50000000003 1.0000000180025095e-35 1.5000000000000002 9.5000000000000018 10436.097361111113 5.5000000000000009
decision_type=2 2 2 2 2 2 2 2 2 2 2 2 2 2 2 2 2 2 2 2 2 2 2 2 2 2 2 2 2 2
left_child=2 11 -1 4 20 6 7 10 14 13 21 25 -13 15 28 -10 17 19 -18 29 -4 22 23 24 -6 26 27 -2 -9 -17
right_child=1 -3 3 -5 5 -7 -8 8 9 -11 -12 12 -14 -15 -16 16 18 -19 -20 -21 -22 -23 -24 -25 -26 -27 -28 -29 -30 -31
leaf_value=-0.040551307857100025 -0.039054879686019214 -0.040748529865599598 -0.030513511599109186 -0.040727313989591146 0.05216308364915357 0.055091571779477433 -0.039323866841668713 -0.0093876349052271924 0.045160694558667058 -0.015831438027982175 -0.026400417457945802 -0.034372229829286706 0.049132862425760121 -0.034619877273802564 0.045891668736876105 0.022214422013541041 0.093874113950359578 -0.035324360748574042 0.025664176501766375 0.030218220998734391 0.022522186713141747 0.058185918143960513 0.07446693052777964 0.0070909775879127125 0.0091301089886543039 0.058673778816374353 0.057769686043579654 0.043055233019999965 -0.041091309357774844 -0.037024833316395778
leaf_weight=554.04734754562378 7.6561092846095544 109.65678453817964 37.919189320877194 54.86698947660625 22.683750364929438 25.616671770811081 13.970080735161899 25.185529302805662 23.534476451575756 17.305450676009059 4.657896587625145 4.1598625872284156 4.4561147689819336 4.0496813692152491 2.7317514121532431 3.60403845831752 5.6969724968075779 13.871921714395283 22.799183927476406 16.822336807847023 4.143463008105754 17.337036069482565 5.2381120175123206 27.275740321725607 12.047965250909327 384.15016637742519 34.184477537870407 5.4850138332694769 15.729736017063258 5.6294396296143532
leaf_count=22122 192 4306 1009 1759 171 114 372 361 170 307 91 98 20 85 16 43 31 300 210 201 22 82 23 352 122 1802 157 36 346 80
internal_value=-0.000602109 0.0365931 -0.0224462 0.00380142 0.0113547 0.016757 0.0127861 0.01589 0.00627284 0.0153339 0.0325482 0.0559128 0.00943415 0.0210567 -0.0170674 0.0238547 0.0159815 -0.00317534 0.042021 0.0146135 -0.0248874 0.036065 0.0295929 0.0246804 0.0379088 0.056817 0.0408427 -0.00416159 -0.0222656 -0.0139911
internal_weight=1486.51 549.749 936.765 382.717 327.85 285.788 260.171 246.201 156.961 113.314 89.2405 440.092 8.61598 96.0081 43.647 91.9584 68.4239 39.9277 28.4962 26.0558 42.0627 84.5826 67.2456 62.0075 34.7317 431.476 47.3256 13.1411 40.9153 9.23348
internal_count=35000 6611 28389 6267 4508 3477 3363 2991 2150 1427 841 2305 118 1120 723 1035 865 624 241 324 1031 750 668 645 293 2187 385 228 707 123
is_linear=0
shrinkage=0.04


Tree=27
num_leaves=31
num_cat=0
split_feature=65 49 23 2 2 66 21 56 4 3 2 4 2 2 49 2 2 3 3 2 2 0 39 46 56 75 2 4 4 2
split_gain=714.911 486.232 270.75 76.9399 37.736 25.4366 24.216 23.0833 16.9944 14.7643 11.4221 12.0379 10.6605 10.6525 18.9445 9.48839 12.9505 9.10826 8.65637 7.61909 8.03565 7.80635 7.49723 15.5977 33.8181 7.27163 6.5013 5.88616 5.82371 5.72132
threshold=1.5000000000000002 5.5000000000000009 1.0000000180025095e-35 22155.725827163613 416.27669748430566 0.82843137254901966 1.0000000180025095e-35 1.0000000180025095e-35 2.5000000000000004 17.500000000000004 3254.1927234080563 4.5000000000000009 21625.533667062227 20036.103810272642 1.5000000000000002 9774.9001388888901 7107.3228667690282 7.5000000000000009 12.500000000000002 21765.907188560697 7836.8212339709735 191947.50000000003 1.0000000180025095e-35 1.0000000180025095e-35 1.0000000180025095e-35 4.5000000000000009 17527.723090472642 4.5000000000000009 4.5000000000000009 17199.960231911533
decision_type=2 2 2 2 2 2 2 2 2 2 2 2 2 2 2 2 2 2 2 2 2 2 2 2 2 2 2 2 2 2
left_child=2 13 -1 4 25 7 -7 8 19 10 17 -12 15 -2 -15 16 -13 27 -17 20 21 -6 23 24 -8 -4 -20 -10 -19 -22
right_child=1 -3 3 -5 5 6 22 -9 9 -11 11 12 -14 14 -16 18 -18 28 26 -21 29 -23 -24 -25 -26 -27 -28 -29 -30 -31
leaf_value=-0.04048952299925767 0.055985571300105862 -0.040690248150495781 -0.030148953886768338 -0.040643075743346087 0.048881649359549105 -0.037182319995576633 0.045497232019719384 -0.040049824240867789 -0.023399869328743758 -0.02771354632270781 -0.013682761962683665 -0.010961374906273127 0.052773534787200815 0.052590473597793598 -0.035982230233913393 -0.038950976061773064 0.065616327753514003 0.063175075860114796 -0.02009685672322108 0.070860954549075109 -0.01141987442032181 0.0087378713818530122 0.060200782389657322 0.057115955593747894 -0.039558403916540759 0.021699793898418331 0.057946115985291487 0.030564609125775199 0.010530344702362618 0.023951436659507785
leaf_weight=533.12032641284168 416.84041988104582 105.50635994784534 36.875895006582141 52.824722610414028 23.292395200580359 6.0722334142774335 17.821856468915939 13.56909549795091 5.9242921844124812 19.570313077419996 40.174559952691197 6.4674234539270419 9.1160932928323728 9.0445788055658323 5.3975787013769141 9.2424511611461622 6.1897468753159046 11.655174046754839 2.5646488070487967 5.3333288729190818 13.469983315095307 12.128448128700255 23.78863787651062 20.985132165253162 11.464377140626313 4.1659059077501288 2.5361628904938698 5.0723292492330074 5.2044333294033995 13.946561045944689
leaf_count=22122 2119 4306 1009 1759 171 174 92 290 59 385 722 91 43 42 144 181 72 88 50 23 223 122 103 92 248 22 32 40 47 129
internal_value=-0.000596292 0.0359943 -0.0221352 0.00369063 0.0109627 0.016126 0.035107 0.00858888 0.0122181 0.0033117 0.00934978 0.00122533 0.0177303 0.0548046 0.0193011 0.0044366 0.02855 0.030787 -0.0173161 0.0281 0.0234175 0.0357533 0.0414504 0.0315766 0.0119946 -0.0244951 0.0218444 0.00196479 0.0484236 0.00678289
internal_weight=1449.37 536.789 912.577 379.456 326.631 285.59 80.1322 205.457 191.888 123.718 104.147 76.2911 36.1165 431.283 14.4422 27.0004 12.6572 27.8562 14.3433 68.1707 62.8374 35.4208 74.06 50.2714 29.2862 41.0418 5.10081 10.9966 16.8596 27.4165
internal_count=35000 6611 28389 6267 4508 3477 709 2768 2478 1810 1425 1191 469 2305 186 426 163 234 263 668 645 293 535 432 340 1031 82 99 135 352
is_linear=0
shrinkage=0.04


Tree=28
num_leaves=31
num_cat=0
split_feature=65 49 23 2 2 39 8 4 4 46 64 43 75 3 2 49 37 2 66 0 2 3 0 3 2 3 3 3 2 3
split_gain=675.844 458.061 262.969 73.213 35.4297 23.6931 22.748 21.3826 17.8334 11.0932 30.7114 14.023 10.507 10.4001 9.0553 8.16806 8.13711 9.19072 7.53626 7.52551 7.32944 10.6011 9.39256 6.76087 6.46835 5.43783 10.0272 5.20521 5.09649 10.4716
threshold=1.5000000000000002 5.5000000000000009 1.0000000180025095e-35 22155.725827163613 541.61184309777798 1.0000000180025095e-35 1.0000000180025095e-35 2.5000000000000004 3.5000000000000004 1.0000000180025095e-35 1.5000000000000002 1.0000000180025095e-35 4.5000000000000009 17.500000000000004 21765.907188560697 1.5000000000000002 1.0000000180025095e-35 3128.9712500000005 0.82843137254901966 1340535.0000000002 2268.0701388888892 8.5000000000000018 99957.500000000015 7.5000000000000009 10436.097361111113 15.500000000000002 4.5000000000000009 5.5000000000000009 21625.533667062227 18.500000000000004
decision_type=2 2 2 2 2 2 2 2 2 2 2 2 2 2 2 2 2 2 2 2 2 2 2 2 2 2 2 2 2 2
left_child=2 9 -1 4 12 6 7 18 14 10 11 -2 -4 15 24 16 17 23 20 -19 -6 27 -23 -10 25 26 -9 -22 29 -24
right_child=1 -3 3 -5 5 -7 -8 8 13 -11 -12 -13 -14 -15 -16 -17 -18 19 -20 -21 21 22 28 -25 -26 -27 -28 -29 -30 -31
leaf_value=-0.040428682094517568 -0.038575427897845127 -0.040633203131796719 -0.027326354218581837 -0.040560113579032241 0.049284011178175859 0.052695191480997952 -0.038857513383373718 -0.037509734347882906 0.0083188510464092726 0.055859586671993602 0.055677457231184294 0.04942757559212712 0.027801422217557544 -0.014407430316622507 0.044074710138117042 -0.033701525806910715 0.050267445331433971 0.0027330457524060397 0.054656785009915464 0.046288567013173951 0.006276923225523692 0.0023787622389378166 0.050801650618137711 0.056347140584731809 -0.040975672593624626 -0.037562965519025687 0.023305378198547295 -0.037671541352249691 0.079529239650691988 -0.013314352889374853
leaf_weight=512.97322606481612 10.275114074349402 101.51022513583302 42.972855966538191 50.857168955728412 14.28525150194764 24.845641061663628 12.237079773098229 5.4188468605279985 7.8022631704807308 381.71271947585046 28.028873771429062 2.9608755260705939 5.5079122260212889 16.346681637689471 2.7756740152835837 3.5662394966930142 13.000695720314978 51.561497777700424 16.854583477601409 6.2633523829281321 14.797417676076295 12.88248475641012 12.491739636287098 12.468010723590849 15.060918316245077 6.0210919752717009 12.416142001748083 4.9649414066225281 4.8379968851804724 5.3355368915945283
leaf_count=22122 267 4306 1150 1759 81 113 345 86 58 1891 134 13 28 298 16 79 78 735 82 62 162 155 142 81 346 101 152 69 20 69
internal_value=-0.000590749 0.0353765 -0.0218373 0.00359554 0.0106145 0.0161524 0.0123463 0.0151172 0.00604036 0.0536709 0.0325823 -0.0168001 -0.020628 0.0143912 -0.0160105 0.0194629 0.0218875 0.0165873 0.0308978 0.00815749 0.0244511 0.017276 0.0300528 0.0391207 -0.0212927 -0.00771779 0.00381731 -0.00604697 0.045017 0.0319244
internal_weight=1413.03 524.488 888.545 375.572 324.715 276.234 251.388 239.151 152.701 422.978 41.2649 13.236 48.4808 111.009 41.6927 94.6621 91.0958 78.0951 86.45 57.8249 69.5954 55.3101 35.5478 20.2703 38.917 23.8561 17.835 19.7624 22.6653 17.8273
internal_count=35000 6611 28389 6267 4508 3330 3217 2872 2092 2305 414 280 1178 1391 701 1093 1014 936 780 797 698 617 386 139 685 339 238 231 231 211
is_linear=0
shrinkage=0.04


Tree=29
num_leaves=31
num_cat=0
split_feature=65 49 23 2 2 59 39 8 4 4 49 6 3 2 2 2 2 2 2 75 66 2 2 1 44 64 26 2 3 1
split_gain=639.525 432.515 255.507 69.6475 33.0711 22.9367 24.0586 22.556 20.4644 18.3948 10.7629 10.4603 9.5825 9.3877 7.30341 17.4396 13.4504 13.2406 6.7212 6.58716 6.51498 6.6622 6.98901 6.68901 6.19177 21.4494 16.6398 6.0443 5.45983 5.28618
threshold=1.5000000000000002 5.5000000000000009 1.0000000180025095e-35 22155.725827163613 416.27669748430566 7.5000000000000009 1.0000000180025095e-35 1.0000000180025095e-35 2.5000000000000004 3.5000000000000004 4.5000000000000009 1.5000000000000002 17.500000000000004 21765.907188560697 3128.9712500000005 17383.022917417504 10071.812916666668 17680.915837957782 5799.9373521815287 4.5000000000000009 0.82843137254901966 21765.907188560697 7836.8212339709735 12.16498238577856 1.0000000180025095e-35 1.5000000000000002 1.0000000180025095e-35 10436.097361111113 5.5000000000000009 11.352615852246567
decision_type=2 2 2 2 2 2 2 2 2 2 2 2 2 2 2 2 2 2 2 2 2 2 2 2 2 2 2 2 2 2
left_child=2 10 -1 4 19 6 7 8 20 13 24 -12 14 27 29 16 18 -17 28 -4 21 22 23 -6 25 26 -2 -10 -16 -11
right_child=1 -3 3 -5 5 -7 -8 -9 9 12 11 -13 -14 -15 15 17 -18 -19 -20 -21 -22 -23 -24 -25 -26 -27 -28 -29 -30 -31
leaf_value=-0.040368682919775141 -0.039349189606823043 -0.040577304397555233 -0.029441204475712045 -0.04047829293173754 0.044341144325453476 -0.039323271491318972 0.05520812123206767 -0.038608860293742518 -0.0080035710436632788 0.056954338834154329 -0.034409445038485795 0.046172666888471298 -0.012798306901646225 0.046704678892803136 0.020550629187109305 0.085563364960010005 -0.035048442304780165 0.021070220380401027 0.026652422244712586 0.019911178455843056 0.053386574512387812 0.065012240089597176 0.0057481980809757404 0.0076506680512403759 0.055463589529407178 0.054761478048758506 0.047858305909312067 -0.040749973438145286 -0.036802773910085559 0.018338611279893623
leaf_weight=493.57854004949331 8.0257388837635499 97.662961611524224 34.981396703049541 48.961799269542098 24.118799827992916 11.000755982473491 23.563994944095612 11.679674511775373 24.032372018322349 12.17599765583873 4.1341114565730077 4.2018163204193115 15.465425081551073 2.6559634357690802 3.652574375271799 5.8972228094935444 13.380412334576247 23.851156581193209 17.522957768291235 4.2133042439818373 17.450533479452133 5.4569704085588446 27.830510914325714 12.339106395840643 360.83158962056041 32.020336359739304 4.7302013039588919 14.086792960762976 5.4964357167482376 12.426394853740929
leaf_count=22122 207 4306 1009 1759 173 244 105 346 345 65 98 20 282 15 44 31 303 218 203 22 85 23 353 122 1802 157 21 333 81 106
internal_value=-0.000583995 0.0348334 -0.021528 0.00349545 0.0102597 0.015022 0.0173467 0.0135651 0.0162782 0.00726376 0.0526802 0.0068038 0.0157474 -0.0154251 0.0205089 0.0135587 -0.0037465 0.036222 0.0126557 -0.0237726 0.0315929 0.0254625 0.0211611 0.0324591 0.053604 0.0377341 -0.00588239 -0.0208372 -0.0141367 0.0389281
internal_weight=1377.43 511.607 865.819 372.241 323.279 284.084 273.083 249.519 237.84 150.644 413.944 8.33593 109.869 40.7751 94.4032 69.8008 40.0524 29.7484 26.672 39.1947 87.1959 69.7454 64.2884 36.4579 405.608 44.7763 12.7559 38.1192 9.14901 24.6024
internal_count=35000 6611 28389 6267 4508 3477 3233 3128 2782 2026 2305 118 1333 693 1051 880 631 249 328 1031 756 671 648 295 2187 385 228 678 125 171
is_linear=0
shrinkage=0.04


Tree=30
num_leaves=31
num_cat=0
split_feature=46 23 2 55 64 64 75 2 59 64 37 4 4 2 61 50 32 3 2 2 2 4 2 4 2 0 75 11 2 3
split_gain=550.719 314.394 90.4282 78.8751 77.8218 60.9934 35.1258 34.0854 32.3221 25.2351 81.7451 18.3426 17.6808 14.7346 11.9596 56.2414 11.2773 9.49953 8.44801 23.6261 11.3987 10.5372 15.0658 8.13336 7.71087 5.43522 4.8945 13.5925 4.86982 13.4658
threshold=1.5000000000000002 1.0000000180025095e-35 22155.725827163613 4.5000000000000009 3.5000000000000004 1.5000000000000002 4.5000000000000009 599.11082854875019 5.5000000000000009 1.5000000000000002 1.5000000000000002 2.5000000000000004 3.5000000000000004 2268.0701388888892 4.5000000000000009 2.5000000000000004 1.0000000180025095e-35 17.500000000000004 17383.022917417504 10071.812916666668 17680.915837957782 5.5000000000000009 19652.109059717921 1.0000000180025095e-35 21765.907188560697 27577.000000000004 11.500000000000002 0.81666666666666676 3436.1876388888891 9.5000000000000018
decision_type=2 2 2 2 2 2 2 2 2 2 2 2 2 2 2 2 2 2 2 2 2 2 2 2 2 2 2 2 2 2
left_child=1 9 5 14 -5 6 7 -3 11 26 -11 23 24 -8 15 -2 -15 18 19 25 -20 22 -22 28 -13 -14 -1 -28 -9 -30
right_child=3 2 -4 4 -6 -7 13 8 -10 10 -12 12 17 16 -16 -17 -18 -19 20 -21 21 -23 -24 -25 -26 -27 27 -29 29 -31
leaf_value=-0.039728822465625514 0.052522876674917153 -0.026505023592281813 -0.040471140450693853 -0.039743616325717816 0.052747489145039704 0.05576455815043653 0.054261852601131706 0.037009276923282097 -0.034221969583141248 -0.039904802951519269 0.067843993974376834 -0.022187421776160302 0.050386534218644162 0.043097049642863816 0.054469540631764762 -0.038529594777634867 -0.040566320535348421 -0.014067023749285605 0.087660445440912602 -0.034894781493948063 0.045710242782079719 0.044397675189241433 -0.041323525478046935 0.038288158827129284 0.037696001330040023 0.016244220250198321 -0.034237114460229166 0.082796393749013625 0.029268528421971186 -0.033508769843812465
leaf_weight=481.62771098688245 51.240779519081116 47.001451285555959 51.29301237873733 33.61121391505003 24.118892133235931 51.319051504135132 34.173107283189893 7.2789589464664486 22.757443077862263 39.826754234731197 14.576213732361792 35.485318832099438 8.9586121477186662 3.6150532364845258 234.85211601853371 12.918624917045234 4.85062669031322 15.195861425250767 4.785792842507365 13.359838265925644 4.4388307519257069 15.168312257155776 6.6931053698062897 56.161043675616384 2.8927383944392195 37.961658274754882 4.8870938941836348 1.1753218434751032 10.924219511449339 9.095809640362857
leaf_count=22088 262 1276 1944 1555 122 254 183 51 598 1847 65 675 70 17 1202 484 90 294 25 316 59 100 75 456 17 413 201 11 111 139
internal_value=-0.000576214 -0.0159936 0.00897914 0.04194 -0.000861846 0.0155342 0.00933074 0.0044094 0.0102769 -0.0363991 -0.0103321 0.0148405 0.00615815 0.0428544 0.0501791 0.0338793 -0.00406133 0.0145172 0.0193721 0.0103394 0.0360195 0.0237558 -0.00571186 0.0296672 -0.0168311 0.0236785 -0.0392799 -0.00303696 0.0112055 0.000509333
internal_weight=1342.24 985.503 443.41 356.742 57.7301 392.117 340.798 298.159 251.158 542.093 54.403 228.4 144.94 42.6388 299.012 64.1594 8.46568 106.562 91.3661 60.2801 31.086 26.3002 11.1319 83.46 38.3781 46.9203 487.69 6.06242 27.299 20.02
internal_count=35000 31375 7163 3625 1677 5219 4965 4675 3399 24212 1912 2801 2044 290 1948 746 107 1352 1058 799 259 234 134 757 692 483 22300 212 301 250
is_linear=0
shrinkage=0.04


Tree=31
num_leaves=31
num_cat=0
split_feature=65 49 23 2 2 66 21 50 4 3 49 6 2 4 2 2 2 3 3 4 39 46 50 2 2 75 4 2 49 3
split_gain=574.477 388.527 241.219 63.1228 29.1056 21.1795 19.8219 19.1757 11.7099 12.2139 9.55984 9.47843 8.65438 9.58734 9.01606 8.12868 10.7246 7.98436 7.39527 6.74162 6.50296 12.9204 29.268 6.11773 6.60184 5.84162 5.71854 5.59445 13.1499 5.12775
threshold=1.5000000000000002 5.5000000000000009 1.0000000180025095e-35 22155.725827163613 416.27669748430566 0.82843137254901966 1.0000000180025095e-35 1.0000000180025095e-35 2.5000000000000004 17.500000000000004 4.5000000000000009 1.5000000000000002 3254.1927234080563 4.5000000000000009 21625.533667062227 9774.9001388888901 7107.3228667690282 12.500000000000002 6.5000000000000009 4.5000000000000009 1.0000000180025095e-35 1.0000000180025095e-35 1.0000000180025095e-35 21765.907188560697 19828.037558917644 4.5000000000000009 4.5000000000000009 20036.103810272642 1.5000000000000002 7.5000000000000009
decision_type=2 2 2 2 2 2 2 2 2 2 2 2 2 2 2 2 2 2 2 2 2 2 2 2 2 2 2 2 2 2
left_child=2 10 -1 4 25 7 -7 8 23 12 27 -12 18 29 15 16 -15 -17 19 -10 21 22 -8 24 -6 -4 -20 -2 -29 -14
right_child=1 -3 3 -5 5 6 20 -9 9 -11 11 -13 13 14 -16 17 -18 -19 26 -21 -22 -23 -24 -25 -26 -27 -28 28 -30 -31
leaf_value=-0.04025189829015232 0.052792920550252226 -0.040475714932464178 -0.028723243880809296 -0.040320036660394888 0.02261687689039223 -0.036711245753647467 0.041259276097693962 -0.039500788854462753 -0.032502027064128941 -0.026469104976214974 -0.033836199091281619 0.044504064856284893 0.0021712476671432134 -0.01138196956947546 0.047034041508260536 -0.03885764623927801 0.056707503013471217 0.019463063754527485 0.054011063719487946 0.028800042369075345 0.055540200053080177 0.051831983666301644 -0.039384859700342195 0.060775725114650563 -0.02407319912980261 0.017903024792818321 0.0067166372931794643 0.048887510871131142 -0.033776055236218017 -0.026456929552387386
leaf_weight=457.23447317816317 375.01347986422479 90.607469910755754 33.221049640327692 45.397310057654977 61.136163139715791 5.4683256912976494 17.530805803835392 12.190138919278978 4.8282822258770484 18.274493616074324 3.8812150899320832 4.0308025479316711 18.989432444795966 6.5464249141514319 9.4247967004775983 8.8963579069823009 6.7548836171627045 5.2707826718688002 13.193808831274511 4.6616504117846489 22.376049920916557 20.398765526711941 10.818061970174314 5.5344422757625571 4.4504902102053157 4.2330950051546088 6.188489567488431 8.2603239566087705 3.7673664763569823 19.84547932818532
leaf_count=22122 2043 4306 1009 1759 592 174 92 290 50 385 98 20 353 91 43 181 72 82 97 36 103 92 248 23 53 22 51 42 102 369
internal_value=-0.00056524 0.0338979 -0.0209179 0.00330381 0.00959436 0.0139943 0.0318216 0.0072503 0.0103755 0.00284103 0.0510193 0.00658991 0.0081639 0.000958987 0.0153507 0.00320939 0.0247437 -0.0173072 0.0263968 -0.00251434 0.0375267 0.028308 0.0101917 0.0231728 0.0191347 -0.023125 0.039981 0.0519083 0.0223901 -0.0127553
internal_weight=1308.42 485.561 822.864 365.63 320.232 282.778 76.592 206.186 193.996 122.875 394.953 7.91202 104.6 75.7282 36.8932 27.4684 13.3013 14.1671 28.8722 9.48993 71.1237 48.7476 28.3489 71.1211 65.5867 37.4541 19.3823 387.041 12.0277 38.8349
internal_count=35000 6611 28389 6267 4508 3477 709 2768 2478 1810 2305 118 1425 1191 469 426 163 263 234 86 535 432 340 668 645 1031 148 2187 144 722
is_linear=0
shrinkage=0.04


Tree=32
num_leaves=31
num_cat=0
split_feature=65 55 23 2 64 2 66 21 50 44 64 26 2 2 1 75 4 1 2 2 1 4 4 3 3 2 6 50 46 2
split_gain=543.971 316.664 234.107 60.09 37.6946 27.2084 18.8088 17.5033 17.4256 16.1844 28.3286 15.6983 12.8237 15.9956 8.54756 8.4006 6.66661 6.54336 5.86244 6.70795 9.90326 10.5551 4.52941 8.52767 7.33604 5.26046 4.5075 11.8449 25.2012 4.3983
threshold=1.5000000000000002 6.5000000000000009 1.0000000180025095e-35 22155.725827163613 6.5000000000000009 541.61184309777798 0.82843137254901966 1.0000000180025095e-35 1.0000000180025095e-35 1.0000000180025095e-35 1.5000000000000002 1.0000000180025095e-35 3436.1876388888891 21765.907188560697 14.108580078846577 4.5000000000000009 2.5000000000000004 12.067428203415741 10575.515585078336 9665.7476402156954 10.480311563977898 4.5000000000000009 1.0000000180025095e-35 8.5000000000000018 9.5000000000000018 9362.6793055555572 1.0000000180025095e-35 1.0000000180025095e-35 1.0000000180025095e-35 17383.022917417504
decision_type=2 2 2 2 2 2 2 2 2 2 2 2 2 2 2 2 2 2 2 2 2 2 2 2 2 2 2 2 2 2
left_child=2 9 -1 5 -3 15 8 -8 12 10 11 -2 17 14 16 -4 22 -7 19 20 21 -18 24 25 -14 -24 27 -9 -29 -20
right_child=1 4 3 -5 -6 6 7 26 -10 -11 -12 -13 13 -15 -16 -17 18 -19 29 -21 -22 -23 23 -25 -26 -27 -28 28 -30 -31
leaf_value=-0.040193807716451257 -0.039919540213635578 -0.040395665162590397 -0.025838862877435597 -0.040240811843186147 0.047156942511637441 0.036573533263057588 -0.036197753598640532 0.046828986688065413 -0.039119273661631503 0.052378761405128385 0.052047590340142301 0.040018733293780299 0.017537671559062884 0.040482819253711569 0.031857031120263009 0.023776354960496189 -0.020227990957773979 0.0045523949663821787 -0.038942218686286993 0.034938216970777557 -0.023043018661327696 0.058890075146381296 0.019740733093495434 0.033765475376711346 -0.034739382023347275 -0.037984983512164831 0.052347728755333424 -0.039005625246394587 0.04265380262927642 -0.0098427294081786989
leaf_weight=439.92967421747744 11.528717914596202 84.949818948283792 39.238781409338117 43.703336955979466 7.8271233737468711 35.7721894569695 4.9566049054265013 25.369160957634449 11.07160399109125 340.9915974214673 23.054201155900955 4.8029062300920478 7.8427102342247945 16.003275230526924 10.556938294321297 5.5171482414007178 4.1660698391497153 14.568961162120102 14.941425383090971 6.0307107716798773 21.22168467566371 5.0485456809401512 3.6441180780529994 17.387033741921186 7.4456938318908215 4.7839291281998158 20.858710169792175 9.8152678720653075 12.751044414937494 19.318601118400693
leaf_count=22122 352 4213 1150 1759 42 221 161 127 270 1860 121 23 86 76 142 28 60 148 465 66 387 49 26 161 108 65 101 234 58 319
internal_value=-0.000562419 0.0334098 -0.020623 0.00320522 -0.0325852 0.00927761 0.0140126 0.0311456 0.00756485 0.0495497 0.0243662 -0.0154582 0.0104952 0.0041288 -0.000914389 -0.0193367 -0.00426298 0.0275756 -0.0116483 -0.000392721 -0.00828197 0.0246412 0.00841985 0.0183786 -0.00849179 -0.0135791 0.0364468 0.0285993 0.00698786 -0.0232781
internal_weight=1275.1 473.154 801.943 362.014 92.7769 318.31 273.554 73.7508 199.803 380.377 39.3858 16.3316 188.732 138.391 122.387 44.7559 111.831 50.3412 70.727 36.467 30.4363 9.21462 41.1035 25.8151 15.2884 8.42805 68.7942 47.9355 22.5663 34.26
internal_count=35000 6611 28389 6267 4255 4508 3330 681 2649 2356 496 375 2379 2010 1934 1178 1792 369 1346 562 496 109 446 252 194 91 520 419 292 784
is_linear=0
shrinkage=0.04


Tree=33
num_leaves=31
num_cat=0
split_feature=65 49 69 66 67 50 4 3 46 64 43 39 50 46 4 0 4 3 3 0 4 3 49 60 0 0 4 3 3 0
split_gain=515.472 348.195 227.171 27.3454 21.487 17.5875 13.5052 9.69538 9.32183 25.2667 11.3887 8.01919 19.537 28.8682 7.68981 4.11099 4.35903 4.37292 5.29265 6.68794 3.69549 2.95697 2.72541 14.8907 2.62461 4.37567 2.10955 2.09919 5.17568 3.65022
threshold=1.5000000000000002 5.5000000000000009 1.0000000180025095e-35 0.82843137254901966 1.0000000180025095e-35 1.0000000180025095e-35 2.5000000000000004 17.500000000000004 1.0000000180025095e-35 1.5000000000000002 1.0000000180025095e-35 1.0000000180025095e-35 1.0000000180025095e-35 1.0000000180025095e-35 3.5000000000000004 24863.000000000004 5.5000000000000009 5.5000000000000009 1.5000000000000002 171554.50000000003 1.0000000180025095e-35 9.5000000000000018 3.5000000000000004 61.500000000000007 1596883.0000000002 331025.00000000006 4.5000000000000009 9.5000000000000018 7.5000000000000009 121700.00000000001
decision_type=2 2 2 2 2 2 2 2 2 2 2 2 2 2 2 2 2 2 2 2 2 2 2 2 2 2 2 2 2 2
left_child=2 8 -1 5 -5 6 20 14 9 10 -2 12 -6 -14 -8 21 17 18 19 -17 27 -16 -10 -24 25 26 -19 28 -4 -29
right_child=1 -3 3 4 11 -7 7 -9 22 -11 -12 -13 13 -15 15 16 -18 24 -20 -21 -22 -23 23 -25 -26 -27 -28 29 -30 -31
leaf_value=-0.040136164181712584 -0.03821305591413722 -0.040372526037550788 -0.0025177272093529868 -0.037871613523401383 0.04255272903171297 -0.040093307753855598 -0.017779086374662478 -0.029068016391850388 0.052829507236631115 0.051466781489955642 0.042742038496102676 0.048499792480890522 -0.039856677973507053 0.038162550484961887 0.00057620379354057143 0.042284964113821662 0.012614275147851109 0.013833047755697853 -0.035759298482181165 -0.032029207316766714 0.018234493359850622 0.037206801406335435 -0.015992414538607329 0.050456726569616202 0.030806280916136464 -0.024352275671997416 -0.0078627533001527378 0.0077245624648964277 0.049505627824029917 -0.028809060068039037
leaf_weight=423.27608476392925 9.3064246475696546 83.904299983754754 10.967728598043324 7.7510333862155667 29.035306381061673 18.21821840852499 38.573979511857033 25.929760292172432 307.37423341348767 24.827005192637444 2.8872340619564048 22.631191037595272 15.265755712985994 13.230748817324637 5.9252503216266614 3.1611875519156483 27.496613647788763 17.795552685856819 12.584371723234652 2.6669004447758198 56.650983493775129 7.825063731521368 6.2259262111037961 26.13331526517868 3.2522895950824013 9.5506114121526462 10.767129544168712 9.1171498056501132 3.1971112601459017 6.8808889873325816
leaf_count=22122 267 4306 163 283 169 553 1002 738 1674 134 13 112 450 68 104 62 416 282 264 60 702 87 72 145 54 211 196 122 43 126
internal_value=-0.000557804 0.0329648 -0.0203284 0.00310658 0.0223537 -0.00320672 -0.000395899 -0.00708763 0.0493609 0.0289722 -0.0172577 0.0285718 0.0200381 -0.00356711 -0.00282718 0.00300015 -0.000297392 -0.00634631 -0.0220096 0.00856869 0.0122987 0.0225312 0.0514911 0.0375757 0.000980597 -0.00228704 0.00566517 0.000922851 0.0117145 -0.00875927
internal_weight=1242.41 460.658 781.751 358.475 87.914 270.561 252.343 165.529 376.754 37.0207 12.1937 80.163 57.5318 28.4965 139.599 101.025 87.2747 59.778 18.4125 5.82809 86.8139 13.7503 339.733 32.3592 41.3656 38.1133 28.5627 30.1629 14.1648 15.998
internal_count=35000 6611 28389 6267 1082 5185 4632 3476 2305 414 280 799 687 518 2738 1736 1545 1129 386 122 1156 191 1891 217 743 689 478 454 206 248
is_linear=0
shrinkage=0.04


Tree=34
num_leaves=31
num_cat=0
split_feature=65 55 69 2 64 2 39 8 66 44 64 26 48 2 2 2 2 2 2 4 46 50 75 2 2 0 0 0 2 2
split_gain=488.594 283.605 220.655 56.3476 34.6349 25.095 17.7983 17.7536 14.501 14.4572 25.7142 14.3262 12.1002 9.6952 16.3178 18.7249 8.08841 5.70469 13.9299 7.73179 5.36431 15.3096 5.08666 4.36299 15.5315 7.57774 6.52788 4.681 3.74213 9.75854
threshold=1.5000000000000002 6.5000000000000009 1.0000000180025095e-35 22155.725827163613 6.5000000000000009 416.27669748430566 1.0000000180025095e-35 1.0000000180025095e-35 0.82843137254901966 1.0000000180025095e-35 1.5000000000000002 1.0000000180025095e-35 1.0000000180025095e-35 21765.907188560697 10575.515585078336 17199.960231911533 17806.777767565003 19207.724171741949 19828.037558917644 5.5000000000000009 1.0000000180025095e-35 1.0000000180025095e-35 4.5000000000000009 9665.7476402156954 7836.8212339709735 325110.00000000006 198362.00000000003 1596883.0000000002 2268.0701388888892 1778.9468055555558
decision_type=2 2 2 2 2 2 2 2 2 2 2 2 2 2 2 2 2 2 2 2 2 2 2 2 2 2 2 2 2 2
left_child=2 9 -1 5 -3 22 7 8 12 10 11 -2 13 14 23 -16 -17 -18 -19 -20 21 -10 -4 24 25 28 -25 -27 29 -7
right_child=1 4 3 -5 -6 6 -8 -9 20 -11 -12 -13 -14 -15 15 16 17 18 19 -21 -22 -23 -24 26 -26 27 -28 -29 -30 -31
leaf_value=-0.040078871041689973 -0.039686596832442661 -0.040291607728349423 -0.027892886183493882 -0.040155067058353734 0.045769311084200473 0.0095907903751503137 0.046186025526707572 -0.038161855115753082 0.036082773686341198 0.050806500828210394 0.050597018289574143 0.038066774343131375 -0.037547278387024152 0.038310030543675593 -0.039629243420960247 0.033202203432616394 -0.036599926904762686 0.053457502472777536 -0.034144234882125361 0.026813996145123028 0.047903784412160262 -0.0365323281798898 0.015863315922009531 -0.0040578753618179071 -0.037713786572588018 -0.014500402178806071 0.05581087330726571 0.025904125060130484 0.01370631108849682 0.050950581199392046
leaf_weight=407.25028363987803 10.813442267477511 78.617232955992222 31.32991973310709 41.658715654164553 7.4293825328350058 17.788886813446879 22.586316376924515 10.85205516591668 17.65792923420668 324.51338851824403 21.883116036653519 4.6637988537549964 8.160805603489278 16.165711164474487 21.144680675119162 11.446591906249521 6.1249009929597404 5.5524945296347168 10.089017221704124 3.8989314436912528 19.875724814832211 5.29655354656279 4.2353430166840544 4.0845430791378012 8.1849836520850641 16.404548104852442 8.1631712764501554 5.247198909521102 40.955827284604311 19.061229705810547
leaf_count=22122 352 4213 1009 1759 42 158 114 372 92 1860 121 23 222 76 643 82 130 70 167 34 92 107 22 52 180 219 56 58 467 86
internal_value=-0.000552853 0.0325685 -0.0200085 0.00300139 -0.0324206 0.00883062 0.01288 0.00977511 0.0120421 0.0480685 0.0235812 -0.0153686 0.00748399 0.00955779 0.00674942 -0.0104981 0.00670387 -0.00591618 0.00501517 -0.0164977 0.0329277 0.0185018 -0.0223908 0.0151478 0.0123381 0.0167916 0.0370458 -0.00399725 0.022554 0.0317656
internal_weight=1211.14 447.92 763.216 355.966 86.0466 314.307 278.742 256.156 245.304 361.874 37.3604 15.4772 202.474 194.313 178.147 58.2566 37.1119 25.6653 19.5404 13.9879 42.8302 22.9545 35.5653 119.89 107.643 99.4577 12.2477 21.6517 77.8059 36.8501
internal_count=35000 6611 28389 6267 4255 4508 3477 3363 2991 2356 496 375 2700 2478 2402 1126 483 401 271 201 291 199 1031 1276 1168 988 108 277 711 244
is_linear=0
shrinkage=0.04


Tree=35
num_leaves=31
num_cat=0
split_feature=65 49 23 2 2 27 66 50 21 4 3 60 49 33 39 46 50 4 2 2 75 2 0 2 2 2 2 2 4 3
split_gain=463.183 313.341 214.046 53.6791 23.4464 17.6578 16.8586 15.8573 15.8287 9.1321 10.7785 6.33241 31.2255 8.51101 5.84491 10.3246 22.4855 5.43833 5.23258 5.54359 4.86128 4.33795 5.73675 4.11946 6.60334 9.64525 6.39007 5.16372 17.679 4.1831
threshold=1.5000000000000002 4.5000000000000009 1.0000000180025095e-35 22155.725827163613 416.27669748430566 3.5000000000000004 0.82843137254901966 1.0000000180025095e-35 1.0000000180025095e-35 2.5000000000000004 15.500000000000002 23.500000000000004 2.5000000000000004 2.5000000000000004 1.0000000180025095e-35 1.0000000180025095e-35 1.0000000180025095e-35 3.5000000000000004 21765.907188560697 19828.037558917644 4.5000000000000009 4806.1953167319452 104808.50000000001 3128.9712500000005 17383.022917417504 10071.812916666668 5799.9373521815287 19652.109059717921 5.5000000000000009 7.5000000000000009
decision_type=2 2 2 2 2 2 2 2 2 2 2 2 2 2 2 2 2 2 2 2 2 2 2 2 2 2 2 2 2 2
left_child=2 11 -1 4 20 -3 7 9 -8 18 17 12 -2 -14 15 16 -10 -11 19 -6 -4 22 -12 29 25 26 -25 -26 -29 -19
right_child=1 5 3 -5 6 -7 8 -9 14 10 21 -13 13 -15 -16 -17 -18 23 -20 -21 -22 -23 -24 24 27 -27 -28 28 -30 -31
leaf_value=-0.040021839072940373 0.048087469514877385 -0.040377752426773751 -0.027506856763673111 -0.040076737597217992 0.01974862280428968 0.04144501239222869 -0.035886132549140838 -0.038809754136185023 0.034677498125059818 -0.0073244794931699173 0.027294799440410054 0.051729622830544532 -0.041614863653476393 0.033740381529611653 0.051687852819826519 0.046558788846360243 -0.038597193650940644 0.0070893437177012063 0.054862165529987628 -0.023406736378570981 0.0153167619884864 -0.030474371802743847 -0.028580943296784574 -0.018080952845675378 0.054460340185820154 -0.034687179311485211 0.02621737424143062 -0.040520978829550025 0.04380710010510417 0.045690169786527693
leaf_weight=391.8295895922929 60.607699800282717 81.370008891448379 30.529156427830458 40.103831375017762 62.688972607254982 3.6658099293708792 4.8126745689660302 10.69015056081116 17.678635232150555 23.996952390298247 5.4801591597497481 279.25899541191757 8.4990640971809608 2.37354159541428 20.754837065935135 19.665075674653053 9.4816490691155213 8.0621330626308936 5.6007208675146094 4.319570653140544 4.2464675903320304 17.679325222969055 4.3857847936451435 7.0078686065971914 5.7943675555288818 9.6133700236678106 14.463567122817038 5.5977652221918079 9.1224200874567032 10.523093678057192
leaf_count=22122 376 4404 1009 1759 592 20 174 290 92 453 55 1625 168 18 103 92 248 60 23 53 22 400 72 103 69 255 164 62 50 67
internal_value=-0.000547839 0.032159 -0.019719 0.00291138 0.00854387 -0.0364097 0.0124374 0.00651194 0.0289016 0.00919094 0.00244393 0.0488395 0.0369905 -0.0237082 0.0339714 0.0252023 0.00863507 0.00889073 0.0203152 0.0166634 -0.0219957 -0.0191379 0.00211154 0.0144599 0.00833824 -0.00335123 0.011598 0.0253833 0.0112013 0.0301624
internal_weight=1179.9 435.775 744.128 352.299 312.195 85.0358 277.419 205.026 72.3929 194.336 121.727 350.739 71.4803 10.8726 67.5802 46.8254 27.1603 94.1815 72.6093 67.0085 34.7756 27.5453 9.86594 70.1846 51.5994 31.0848 21.4714 20.5146 14.7202 18.5852
internal_count=35000 6611 28389 6267 4508 4424 3477 2768 709 2478 1810 2187 562 186 535 432 340 1283 668 645 1031 527 127 830 703 522 267 181 112 127
is_linear=0
shrinkage=0.04


Tree=36
num_leaves=31
num_cat=0
split_feature=65 49 23 2 2 39 8 2 2 2 2 50 66 75 46 64 43 2 2 2 2 2 2 0 2 2 2 2 0 0
split_gain=439.41 297.45 207.642 51.1359 22.0115 15.86 14.7406 13.9655 18.2703 28.9344 9.89352 9.65321 8.81313 8.53979 8.46715 22.6566 10.0736 7.88639 7.60093 13.5004 8.48924 6.41567 7.47971 5.76402 4.58667 16.8364 14.4636 15.4799 4.34626 3.44274
threshold=1.5000000000000002 5.5000000000000009 1.0000000180025095e-35 22155.725827163613 599.11082854875019 1.0000000180025095e-35 1.0000000180025095e-35 2268.0701388888892 17199.960231911533 10575.515585078336 2893.7176144331947 1.0000000180025095e-35 0.82843137254901966 4.5000000000000009 1.0000000180025095e-35 1.5000000000000002 1.0000000180025095e-35 3254.1927234080563 9665.7476402156954 7836.8212339709735 4331.057553882084 21765.907188560697 17806.777767565003 1340535.0000000002 4806.1953167319452 5799.9373521815287 6236.2064283236114 7107.3228667690282 198362.00000000003 116116.50000000001
decision_type=2 2 2 2 2 2 2 2 2 2 2 2 2 2 2 2 2 2 2 2 2 2 2 2 2 2 2 2 2 2
left_child=2 14 -1 4 13 6 7 -6 9 10 -9 17 21 29 15 16 -2 -12 19 20 -19 22 -10 -24 -22 -26 -27 -28 -20 -4
right_child=1 -3 3 -5 5 -7 -8 8 12 -11 11 -13 -14 -15 -16 -17 -18 18 28 -21 24 -23 23 -25 25 26 27 -29 -30 -31
leaf_value=-0.039964972044635914 -0.037993190916247047 -0.040221497332876714 -0.010536858227880945 -0.03999879823087351 0.032552470847405604 0.044798744636104414 -0.037536605955426301 -0.038474195170509103 0.029432262652618005 -0.040515356132532841 0.056599748902843527 -0.036370930471896531 0.044687893650631257 0.024262858688777551 0.049423616573917209 0.049504505903087699 0.03931335222082899 -0.022597557927976429 0.0048001386279850474 -0.038741581610030801 0.043556736961305201 0.033630945307460261 -0.013720764188641947 0.042147749293226545 -0.038871400280242149 0.079699166824343734 -0.038192073074839988 0.031434986115719987 0.051036551508293143 -0.034572499052764237
leaf_weight=376.99207310192287 8.7384176868945342 74.734856812283397 18.991306580603123 38.606823483482003 41.203087558969855 21.631709314882755 9.1946783941239101 5.9792452175170174 11.947466701269148 24.564963994547725 5.6641880869865409 5.4381796289235345 19.779036985710263 6.1107893213629714 314.16633142903447 22.914963334798813 2.8212568908929816 8.4207955040037614 5.0914742760360232 8.8223852198570949 8.9796511828899366 16.724450081586838 24.333356115967039 2.36666515469551 7.195618510246276 5.3521444573998478 6.3901805467903641 15.7857513949275 9.2627702206373197 21.047138083726168
leaf_count=22122 267 4306 535 1759 245 113 332 78 84 746 56 130 108 31 1891 134 13 121 57 186 86 80 408 27 102 60 90 118 60 655
internal_value=-0.000543557 0.0317988 -0.0194254 0.00281978 0.00825894 0.0127152 0.00968101 0.0116942 0.00707488 -0.00283085 0.00751622 0.0111026 0.0223246 -0.0169747 0.0473079 0.027178 -0.0174978 0.0146961 0.0108436 0.00442895 0.0123276 0.0136853 0.00442342 -0.00742583 0.019412 0.0121236 0.0263486 0.0105892 0.0360172 -0.0237063
internal_weight=1149.25 423.376 725.876 348.884 310.277 264.128 242.496 233.301 192.098 116.947 92.3824 86.4031 75.151 46.1492 348.641 34.4746 11.5597 80.965 75.3008 60.9465 52.1241 55.3719 38.6475 26.7 43.7033 34.7237 27.5281 22.1759 14.3542 40.0384
internal_count=35000 6611 28389 6267 4508 3287 3174 2842 2597 1890 1144 1066 707 1221 2305 414 280 936 880 763 577 599 519 435 456 370 268 208 117 1190
is_linear=0
shrinkage=0.04


Tree=37
num_leaves=31
num_cat=0
split_feature=65 49 69 2 2 6 66 56 21 4 3 39 46 56 2 64 4 2 2 75 2 0 2 2 2 2 2 2 4 3
split_gain=416.627 282.563 201.419 48.7363 20.6895 16.3456 15.3904 14.6021 14.3032 8.29463 9.88498 5.4882 9.38097 20.2638 5.31708 11.0576 4.87528 4.69796 4.97263 4.3805 4.03158 5.28252 3.49475 3.46827 5.78406 8.86853 5.64967 4.58331 16.2795 3.86304
threshold=1.5000000000000002 4.5000000000000009 1.0000000180025095e-35 22155.725827163613 416.27669748430566 1.5000000000000002 0.82843137254901966 1.0000000180025095e-35 1.0000000180025095e-35 2.5000000000000004 15.500000000000002 1.0000000180025095e-35 1.0000000180025095e-35 1.0000000180025095e-35 20036.103810272642 1.5000000000000002 3.5000000000000004 21765.907188560697 19828.037558917644 4.5000000000000009 4806.1953167319452 104808.50000000001 192.76310134013889 3128.9712500000005 17383.022917417504 10071.812916666668 5799.9373521815287 19652.109059717921 5.5000000000000009 7.5000000000000009
decision_type=2 2 2 2 2 2 2 2 2 2 2 2 2 2 2 2 2 2 2 2 2 2 2 2 2 2 2 2 2 2
left_child=2 14 -1 4 19 -3 7 9 -8 17 16 12 13 -10 22 -16 -11 18 -6 -4 21 -12 -2 29 25 26 -25 -26 -29 -18
right_child=1 5 3 -5 6 -7 8 -9 11 10 20 -13 -14 -15 15 -17 23 -19 -20 -21 -22 -23 -24 24 27 -27 -28 28 -30 -31
leaf_value=-0.03990818590968663 0.016085122131202521 -0.040286925968225216 -0.026786048686442108 -0.03992113693982198 0.01850061469127659 0.040147847896293713 -0.035573257185807908 -0.03858613208485813 0.03242396326326695 -0.0072270495626665333 0.025324217564326776 0.050004994465632668 0.044532712072562389 -0.038309828715724387 -0.033750971656343276 0.044620714146407947 0.0058251655592196075 0.051776521960906825 -0.022741489658331834 0.013960758686687072 -0.030064819192025038 -0.0283160531554103 0.049093965312234283 -0.0176013349294026 0.050264923130869013 -0.034318848793857798 0.024105541479712153 -0.040304508402198458 0.04091216969513705 0.042417890032105436
leaf_weight=362.71650343202055 6.4541689697653046 75.450774937868118 29.119412990286946 37.165649579837918 63.281634183600545 3.4925085306167594 4.528264543041586 10.145527638494967 17.572862446308136 23.855463860556483 5.5901954490691441 19.917173460125923 19.18909515440464 8.9817578587681073 3.5947335306555015 7.0616332292556763 8.2023862712085265 5.6107387989759436 4.2098258920013896 4.2729753553867331 17.113905323669314 4.3023210745304823 315.50240552052855 6.8746230825781884 6.0554585270583656 9.1262218914926034 14.840474683791397 5.4669607467949364 9.2373282313346863 10.747785698622463
leaf_count=22122 53 4404 1009 1759 592 20 174 290 92 453 55 103 92 248 102 42 60 23 53 22 400 72 1990 103 69 255 164 62 50 67
internal_value=-0.000539477 0.0314219 -0.0191333 0.00273489 0.00799051 -0.0362707 0.0116156 0.00600981 0.0276473 0.00852131 0.00206673 0.0324755 0.0239365 0.00797712 0.0475488 0.017556 0.00818428 0.019069 0.0156336 -0.0213177 -0.0188471 0.00153782 0.0484841 0.0134235 0.00776685 -0.00327502 0.0107083 0.0235676 0.0100726 0.027665
internal_weight=1119.68 411.556 708.125 345.408 308.242 78.9433 274.85 204.661 70.1892 194.515 121.413 65.6609 45.7437 26.5546 332.613 10.6564 94.4067 73.1022 67.4915 33.3924 27.0064 9.89252 321.957 70.5512 51.6011 30.8413 21.7151 20.7597 14.7043 18.9502
internal_count=35000 6611 28389 6267 4508 4424 3477 2768 709 2478 1810 535 432 340 2187 144 1283 668 645 1031 527 127 2043 830 703 522 267 181 112 127
is_linear=0
shrinkage=0.04


Tree=38
num_leaves=31
num_cat=0
split_feature=65 49 23 66 21 50 4 49 45 3 39 50 46 4 60 27 0 4 3 3 0 4 3 0 0 3 3 0 3 4
split_gain=395.017 267.831 195.344 20.2698 16.6664 15.1263 10.4165 8.52194 31.6792 8.38459 6.28782 14.6577 22.0514 6.12798 4.05528 4.74683 3.70614 3.33286 3.86637 5.25713 6.33534 3.14458 2.46551 2.37039 3.75596 2.00788 4.40674 3.28521 2.19608 1.98441
threshold=1.5000000000000002 5.5000000000000009 1.0000000180025095e-35 0.82843137254901966 1.0000000180025095e-35 1.0000000180025095e-35 2.5000000000000004 3.5000000000000004 1.5000000000000002 17.500000000000004 1.0000000180025095e-35 1.0000000180025095e-35 1.0000000180025095e-35 3.5000000000000004 11.500000000000002 1.0000000180025095e-35 24863.000000000004 5.5000000000000009 5.5000000000000009 1.5000000000000002 171554.50000000003 1.0000000180025095e-35 9.5000000000000018 1596883.0000000002 331025.00000000006 9.5000000000000018 7.5000000000000009 121700.00000000001 19.500000000000004 2.5000000000000004
decision_type=2 2 2 2 2 2 2 2 2 2 2 2 2 2 2 2 2 2 2 2 2 2 2 2 2 2 2 2 2 2
left_child=2 7 -1 5 -5 6 21 14 -9 13 11 29 -13 -8 15 -2 22 18 19 20 -18 25 -15 24 -20 26 -4 28 -27 -6
right_child=1 -3 3 4 10 -7 9 8 -10 -11 -12 12 -14 16 -16 -17 17 -19 23 -21 -22 -23 -24 -25 -26 27 -28 -29 -30 -31
leaf_value=-0.039851382472161093 0.0025512358246546482 -0.040121411869873357 -0.0026370363064700474 -0.037122870449859673 0.053080588417536864 -0.039624747597337938 -0.016287848049689569 -0.039754139486807311 0.047728965611672711 -0.027845042785160368 0.044021543078316176 -0.039199030425692866 0.032110088085559499 0.00088992216604942261 0.04930183068291269 0.045754167053796986 0.041798222428779896 0.010791336980649767 0.0051360611886124563 -0.035400400218292494 -0.031574498192228947 0.016254649867155267 0.034630271451851755 0.029121716726048155 -0.023346575744067 -0.009711886401431535 0.044759836421169881 -0.028701679390415919 0.026425533165803487 0.027219004937280928
leaf_weight=348.98235334921628 7.7978840712457878 69.15204799361527 10.839835459366443 6.604327915236353 9.1447353810071963 15.707346274517475 36.166382471099496 8.1230508312582952 24.280690401792526 23.615306049585342 20.541287384927273 13.048288289457561 12.722333565354345 5.786976231262086 282.94576118700206 7.8048920035362244 3.1574367955327061 27.475565640255809 28.054153913632035 11.751781178638337 2.4910983424633741 56.674637317657471 7.842512084171176 3.3087219987064591 8.9529803432524186 5.3542552664875966 3.3612525463104239 6.6462587602436534 3.7509633377194405 19.082393754273653
leaf_count=22122 85 4306 163 283 44 553 1002 198 155 738 112 450 68 104 1822 45 62 416 478 264 60 702 87 54 211 89 43 126 33 125
internal_value=-0.000536083 0.0310485 -0.018841 0.00264688 0.0199778 -0.00279819 -0.000288045 0.0459954 0.0252649 -0.00637061 0.0254615 0.017729 -0.004111 -0.00243665 0.0481536 0.0256166 0.00274498 -0.000443797 -0.00588494 -0.0210798 0.00955756 0.0107939 0.0213445 0.00102463 -0.00218759 0.000270134 0.0107878 -0.00929026 0.00631703 0.0371269
internal_weight=1091.17 400.104 691.063 342.081 81.1434 260.937 245.23 330.952 32.4037 158.603 74.539 53.9978 25.7706 134.988 298.549 15.6028 98.8212 85.1917 57.7162 17.4003 5.64854 86.6272 13.6295 40.3159 37.0071 29.9526 14.2011 15.7515 9.10522 28.2271
internal_count=35000 6611 28389 6267 1082 5185 4632 2305 353 3476 799 687 518 2738 1952 130 1736 1545 1129 386 122 1156 191 743 689 454 206 248 122 169
is_linear=0
shrinkage=0.04


Tree=39
num_leaves=31
num_cat=0
split_feature=65 55 23 2 64 2 39 44 64 8 2 2 2 26 2 50 2 2 2 2 75 2 2 2 2 2 4 4 2 4
split_gain=374.525 217.008 189.679 45.7845 27.9693 19.0365 13.6231 12.8659 22.1983 12.6679 12.1722 15.9705 26.995 11.9007 9.31046 8.37001 7.79938 14.8779 8.80271 17.9228 7.44237 6.9004 6.92826 12.6243 7.64719 5.74944 4.24535 7.57874 7.01833 6.25183
threshold=1.5000000000000002 6.5000000000000009 1.0000000180025095e-35 22155.725827163613 6.5000000000000009 599.11082854875019 1.0000000180025095e-35 1.0000000180025095e-35 1.5000000000000002 1.0000000180025095e-35 2268.0701388888892 17199.960231911533 10575.515585078336 1.0000000180025095e-35 2893.7176144331947 1.0000000180025095e-35 17806.777767565003 19207.724171741949 19652.109059717921 21625.533667062227 4.5000000000000009 3254.1927234080563 9665.7476402156954 7836.8212339709735 4331.057553882084 19828.037558917644 4.5000000000000009 2.5000000000000004 6236.2064283236114 5.5000000000000009
decision_type=2 2 2 2 2 2 2 2 2 2 2 2 2 2 2 2 2 2 2 2 2 2 2 2 2 2 2 2 2 2
left_child=2 7 -1 5 -3 20 9 8 13 10 -7 12 14 -2 -12 21 -13 -18 -19 25 -4 -16 23 24 -23 -20 27 -26 -29 -28
right_child=1 4 3 -5 -6 6 -8 -9 -10 -11 11 16 -14 -15 15 -17 17 18 19 -21 -22 22 -24 -25 26 -27 29 28 -30 -31
leaf_value=-0.039794479642566077 -0.03953505453495728 -0.040040047461891277 -0.022871365322829337 -0.039835353215791042 0.042704604688903525 0.030178724744102828 0.04240881232053513 0.047630715036918805 0.047682905996507617 -0.036984301499538449 -0.03831110805298104 0.040080823780485789 -0.040446765038183619 0.034190701254769314 0.051861439865754547 -0.035758232804402414 -0.038476287246365343 0.057538038939757785 0.020402439474285768 0.030381365329433929 0.022314864388425695 -0.022208231011454038 0.03370865539913255 -0.038650099253141806 0.0265395285053057 -0.040410584980218309 0.056406357108516748 0.01463862844245686 -0.039285292127931762 0.0025427284870053165
leaf_weight=335.76983844488859 9.9842482889071089 64.745852697640657 38.278257997706532 35.423801384866238 6.440758913755416 41.373498616740108 20.367012418806553 284.05073929205537 19.064347207546234 8.2782048732042295 5.8033397775143376 22.263603236526251 23.30665672570467 4.2483071237802497 5.9520237669348708 4.9508083034306756 7.1097918413579455 7.4458566810935727 2.5765032991766921 25.684392973780632 6.0266840010881415 8.2529078833758813 14.573909234255551 8.5671256314963085 16.479003094136718 9.5197007823735458 8.0137802846729738 6.9858692176640016 6.6716773249208927 5.7425841577351084
leaf_count=22122 352 4213 1190 1759 42 245 113 1860 121 332 78 133 746 23 56 130 153 70 29 128 31 121 117 186 117 194 75 109 85 70
internal_value=-0.000529923 0.0307145 -0.0185222 0.0025624 -0.0320657 0.00761354 0.0117484 0.0448537 0.0204656 0.00897616 0.0107734 0.00640964 -0.00293484 -0.0167286 0.00690164 0.0103504 0.0207 0.0118586 0.0204326 0.0118247 -0.0163679 0.013561 0.00989287 0.00372241 0.0112801 -0.0268885 0.0179312 0.00897346 -0.0125861 0.0356171
internal_weight=1063.95 388.534 675.417 339.647 71.1866 304.223 259.918 317.348 33.2969 239.551 231.273 189.9 115.3 14.2326 91.993 86.1897 74.5998 52.3362 45.2265 37.7806 44.3049 81.2389 75.2869 60.7129 52.1458 12.0962 43.8929 30.1365 13.6575 13.7564
internal_count=35000 6611 28389 6267 4255 4508 3287 2356 496 3174 2842 2597 1890 375 1144 1066 707 574 421 351 1221 936 880 763 577 223 456 311 194 145
is_linear=0
shrinkage=0.04


Tree=40
num_leaves=31
num_cat=0
split_feature=65 49 23 2 2 6 66 50 21 60 49 2 2 2 75 2 4 2 2 39 52 50 60 27 34 0 2 2 4 0
split_gain=355.264 242.273 183.874 43.6384 17.9194 14.5319 13.5048 12.9003 12.3712 7.74083 28.8667 6.908 11.9263 15.893 6.34381 5.91721 6.29308 4.99957 10.9143 4.88092 8.08549 17.33 4.01856 4.59227 4.01638 3.66539 4.89233 10.5727 4.73258 4.95267
threshold=1.5000000000000002 4.5000000000000009 1.0000000180025095e-35 22155.725827163613 416.27669748430566 1.5000000000000002 0.82843137254901966 1.0000000180025095e-35 1.0000000180025095e-35 23.500000000000004 2.5000000000000004 21765.907188560697 10575.515585078336 17199.960231911533 9.5000000000000018 19828.037558917644 5.5000000000000009 19207.724171741949 17806.777767565003 1.0000000180025095e-35 1.0000000180025095e-35 1.0000000180025095e-35 11.500000000000002 1.0000000180025095e-35 1.0000000180025095e-35 14221.500000000002 9665.7476402156954 7836.8212339709735 2.5000000000000004 191947.50000000003
decision_type=2 2 2 2 2 2 2 2 2 2 2 2 2 2 2 2 2 2 2 2 2 2 2 2 2 2 2 2 2 2
left_child=2 9 -1 4 24 -3 7 11 -8 10 22 12 25 -14 -12 17 -17 18 -15 20 21 -10 23 -2 -4 -6 27 28 29 -27
right_child=1 5 3 -5 6 -7 8 -9 19 -11 14 -13 13 15 -16 16 -18 -19 -20 -21 -22 -23 -24 -25 -26 26 -28 -29 -30 -31
leaf_value=-0.039737383425630705 0.0016792019347029756 -0.040149031696231921 -0.023945769616397251 -0.0397575508519818 0.036932057954574951 0.03831324395390108 -0.034979648713524041 -0.038160836095328873 0.029602317193847962 0.049142766934578357 -0.041897292193295591 0.031875104166190611 -0.039199213023832072 0.026206637816169071 0.02361132682274162 -0.0328394598714465 0.022638383720942765 0.045389384449278494 -0.036227535753997932 0.047790330308554799 0.041970163328898739 -0.037776093232653143 0.051033910964217707 0.044599491715762767 0.031151085759806869 0.032321881582784137 0.032824548291122788 -0.036926776112874142 0.0034765970312643619 0.0020525456268719587
leaf_weight=323.05977386329323 7.740345183759926 67.350891433656216 30.413580665364865 34.102002691477537 8.1659502983093244 3.2319566607475272 4.1286051236093035 9.2996229780837876 17.345775492489338 241.84433640539646 8.1594583848491293 16.421116575598717 18.392812641337514 12.269689902663236 2.4580676127225152 9.1291810404509288 3.9938971363008013 6.083721585571765 5.7792612295597783 18.682124570012093 18.498945459723473 8.1820116378366965 39.275328945368528 7.4115104824304581 1.4266241192817677 23.853592224419117 12.696412760764359 7.0605515651404849 56.982319947332144 13.483897395431994
leaf_count=22122 85 4404 1024 1759 67 20 174 290 92 1625 163 76 643 82 23 167 34 70 130 103 92 248 246 45 7 157 104 172 654 122
internal_value=-0.000527346 0.0303724 -0.0182336 0.00247444 0.00735411 -0.0360712 0.0107094 0.00552874 0.0261774 0.0457216 0.0324496 0.00780436 0.00541663 -0.00981635 -0.0260044 0.00533516 -0.0155478 0.0168579 0.00536292 0.0306897 0.0225331 0.00739666 0.0441161 0.0241351 -0.0206037 0.0123745 0.010311 0.0071984 0.0108542 0.0217292
internal_weight=1036.92 377.472 659.451 336.392 302.29 70.5828 270.449 203.612 66.8375 306.889 65.0447 194.312 177.891 55.6486 10.6175 37.2558 13.1231 24.1327 18.049 62.7089 44.0267 25.5278 54.4272 15.1519 31.8402 122.243 114.077 101.38 94.3198 37.3375
internal_count=35000 6611 28389 6267 4508 4424 3477 2768 709 2187 562 2478 2402 1126 186 483 201 282 212 535 432 340 376 130 1031 1276 1209 1105 933 279
is_linear=0
shrinkage=0.04


Tree=41
num_leaves=31
num_cat=0
split_feature=65 49 23 2 2 6 66 50 21 60 49 4 3 35 39 52 50 2 2 0 3 3 4 0 60 27 4 34 2 0
split_gain=337.442 230.457 178.291 41.6186 16.7065 14.041 12.8392 12.2535 11.717 7.57642 27.362 6.39329 8.65628 6.17168 4.75365 7.60399 16.3253 4.19433 4.12125 7.54649 4.72555 6.31647 5.63002 6.38058 3.96014 4.44157 3.90335 3.83992 3.70933 4.85321
threshold=1.5000000000000002 4.5000000000000009 1.0000000180025095e-35 22155.725827163613 416.27669748430566 1.5000000000000002 0.82843137254901966 1.0000000180025095e-35 1.0000000180025095e-35 23.500000000000004 2.5000000000000004 2.5000000000000004 15.500000000000002 1.0000000180025095e-35 1.0000000180025095e-35 1.0000000180025095e-35 1.0000000180025095e-35 21765.907188560697 3436.1876388888891 191947.50000000003 8.5000000000000018 4.5000000000000009 1.0000000180025095e-35 198362.00000000003 11.500000000000002 1.0000000180025095e-35 3.5000000000000004 1.0000000180025095e-35 4806.1953167319452 104808.50000000001
decision_type=2 2 2 2 2 2 2 2 2 2 2 2 2 2 2 2 2 2 2 2 2 2 2 2 2 2 2 2 2 2
left_child=2 9 -1 4 27 -3 7 11 -8 10 24 17 26 -12 15 16 -10 18 19 -6 21 -20 23 -22 25 -2 -13 -4 29 -14
right_child=1 5 3 -5 6 -7 8 -9 14 -11 13 12 28 -15 -16 -17 -18 -19 20 -21 22 -23 -24 -25 -26 -27 -28 -29 -30 -31
leaf_value=-0.039680009617848393 0.0016189993321901609 -0.040097924193719589 -0.023495066016626289 -0.039679681759507167 0.042288115151172159 0.037813304754987551 -0.034713739735972526 -0.037960918268262728 0.028499586277129011 0.048686820875216176 -0.040832357863930822 -0.0065655415739339874 0.02380267616281934 0.025510329122911426 0.047054192948077479 0.040883094845886661 -0.037563364874967489 0.047555724922202045 0.0079346418243452978 -0.0054723561195127403 -0.037186384581195872 -0.040564634907142391 0.027325342341830382 0.024102485348207473 0.050440605279438569 0.044053614276157511 0.012048804582205544 0.030420467050234611 -0.029437476736227063 -0.027899494365021142
leaf_weight=310.83366690855473 7.7441477943211776 64.792099918238819 29.789076333865527 32.829779856838286 15.337391771376135 3.1584119796752921 4.0040043964982024 8.9862535633146745 17.335158765316013 234.5025941170752 8.1370646608993393 23.338009877130389 5.6341509930789488 2.2194366231560698 18.240032449364662 18.262611486017704 7.9103681594133368 5.5870511233806601 10.942378807812931 7.5209030136466017 4.9066196177154797 5.8144247066229573 19.935238771140575 4.1116463765501976 38.181712934747338 7.2194942086935043 70.87668614089489 1.4264712631702412 16.20075186342001 4.1694272384047508
leaf_count=22122 85 4404 1024 1759 94 20 174 290 92 1625 172 453 55 14 103 92 248 23 109 71 77 69 176 49 246 45 830 7 400 72
internal_value=-0.00052025 0.0301035 -0.0179422 0.00239702 0.00711296 -0.0359806 0.0103398 0.00531384 0.0255718 0.0452419 0.0319626 0.00749856 0.0017619 -0.0256205 0.0299719 0.0219141 0.00715707 0.0166515 0.013486 0.0270031 0.00629313 -0.0102308 0.0158786 -0.00962666 0.0434498 0.0235695 0.0074173 -0.0201635 -0.0182438 0.00126682
internal_weight=1009.95 365.955 643.992 333.158 300.329 67.9505 269.113 203.361 65.7522 298.004 63.5019 194.375 120.219 10.3565 61.7482 43.5081 25.2455 74.1557 68.5686 22.8583 45.7103 16.7568 28.9535 9.01827 53.1454 14.9636 94.2147 31.2155 26.0043 9.80358
internal_count=35000 6611 28389 6267 4508 4424 3477 2768 709 2187 562 2478 1810 186 535 432 340 668 645 165 480 178 302 126 376 130 1283 1031 527 127
is_linear=0
shrinkage=0.04


Tree=42
num_leaves=31
num_cat=0
split_feature=65 49 23 2 2 39 8 2 2 2 2 27 49 60 56 66 75 0 0 2 2 2 2 2 2 2 2 3 0 2
split_gain=320.552 219.458 172.865 39.6886 15.7117 11.8602 10.8074 10.4981 13.7564 24.4487 8.67828 8.52158 39.1741 10.1899 7.16721 6.85234 6.74642 6.51567 5.58561 5.33738 5.62864 6.23558 10.2778 8.47438 8.71311 3.85248 11.2981 3.70042 3.57475 3.2067
threshold=1.5000000000000002 5.5000000000000009 1.0000000180025095e-35 22155.725827163613 599.11082854875019 1.0000000180025095e-35 1.0000000180025095e-35 2268.0701388888892 17199.960231911533 10575.515585078336 2893.7176144331947 1.0000000180025095e-35 2.5000000000000004 12.500000000000002 1.0000000180025095e-35 0.82843137254901966 4.5000000000000009 1766808.5000000002 362629.00000000006 3254.1927234080563 4331.057553882084 4806.1953167319452 5799.9373521815287 6236.2064283236114 7107.3228667690282 7673.2525000000014 9665.7476402156954 17.500000000000004 116116.50000000001 17806.777767565003
decision_type=2 2 2 2 2 2 2 2 2 2 2 2 2 2 2 2 2 2 2 2 2 2 2 2 2 2 2 2 2 2
left_child=2 11 -1 4 16 6 7 -6 9 10 -9 12 13 -2 17 18 28 19 27 -12 -21 -22 -23 -24 -25 -26 -27 29 -4 -10
right_child=1 -3 3 -5 5 -7 -8 8 15 -11 14 -13 -14 -15 -16 -17 -18 -19 -20 20 21 22 23 24 25 26 -28 -29 -30 -31
leaf_value=-0.039622271312712315 0.0010701025398842932 -0.039926779047897203 -0.0082495476274730556 -0.039601640570262074 0.027618312734504637 0.040180298569630825 -0.036427599677186423 -0.038179362298999833 0.027200163843720555 -0.040337117718261276 0.042785938471708543 0.047938691344866627 -0.034326682240023908 0.049950503947725981 -0.035180228835188905 0.039222624339982012 0.021496116371806179 0.050438723719373163 0.027410995350595435 -0.025211146850140902 0.038666672232781835 -0.038750808167554003 0.05444273364814399 -0.037760547703648194 0.028597527985957862 -0.027629895217388928 0.025500742578637922 -0.025348548007229705 -0.033644191057401109 -0.0011470838561995025
leaf_weight=299.07362984586507 7.8485885988920918 59.239831905812025 17.632016217336059 31.605353287421167 41.58506808616221 19.072821736335754 7.4684727136045685 5.665442341938614 8.1378131806850451 21.727799533866346 5.7190949693322173 222.46497055143118 11.504851005040107 53.621212005615234 4.5186927653849116 18.739757871255279 5.9444879218935958 5.567898165434598 20.552512299269438 7.5777085535228244 8.8393103331327421 6.7995865605771533 5.201035074889659 5.7404253110289565 12.675325866788624 10.554405666887762 13.371578577905892 5.7513662558048955 18.77453837543726 20.943780625239015
leaf_count=22122 88 4306 535 1759 245 113 332 78 54 746 51 1578 284 355 130 108 31 53 197 113 84 98 55 83 94 197 108 90 655 258
internal_value=-0.000514143 0.0298471 -0.0176479 0.00231665 0.00687147 0.0106067 0.00806937 0.00966799 0.00557412 -0.00316017 0.00593675 0.0439253 0.0312077 0.0438264 0.00922706 0.0188653 -0.0154489 0.012067 0.011404 0.00865841 0.00534227 0.00934241 0.00396005 0.010741 0.00424065 0.011657 0.00189517 0.00145791 -0.0218947 0.00742576
internal_weight=983.919 354.679 629.24 330.166 298.561 256.21 237.137 229.669 188.084 113.958 92.2305 295.44 72.9747 61.4698 86.5651 74.1252 42.351 82.0464 55.3855 76.4785 70.7594 63.1817 54.3424 47.5428 42.3417 36.6013 23.926 34.833 36.4066 29.0816
internal_count=35000 6611 28389 6267 4508 3287 3174 2842 2597 1890 1144 2305 727 443 1066 707 1221 936 599 883 832 719 635 537 482 399 305 402 1190 312
is_linear=0
shrinkage=0.04


Tree=43
num_leaves=31
num_cat=0
split_feature=65 49 23 2 2 6 59 8 4 4 27 49 60 2 59 2 3 3 3 2 2 2 2 2 3 0 4 0 2 2
split_gain=304.375 209.04 167.568 37.8545 14.7113 11.6619 10.2705 9.92078 9.84577 11.9823 8.32814 37.1903 9.95715 6.87912 5.6386 5.55534 4.88217 12.4665 4.83141 4.42343 3.9952 7.69189 9.57307 8.26518 4.5544 6.8736 4.54346 4.13244 3.90194 3.63411
threshold=1.5000000000000002 5.5000000000000009 1.0000000180025095e-35 22155.725827163613 416.27669748430566 1.0000000180025095e-35 7.5000000000000009 1.0000000180025095e-35 2.5000000000000004 3.5000000000000004 1.0000000180025095e-35 2.5000000000000004 12.500000000000002 21765.907188560697 1.0000000180025095e-35 10436.097361111113 4.5000000000000009 11.500000000000002 18.500000000000004 4996.2597156668062 2268.0701388888892 17383.022917417504 10575.515585078336 17680.915837957782 2.5000000000000004 29631.500000000004 4.5000000000000009 195123.50000000003 21765.907188560697 3436.1876388888891
decision_type=2 2 2 2 2 2 2 2 2 2 2 2 2 2 2 2 2 2 2 2 2 2 2 2 2 2 2 2 2 2
left_child=2 10 -1 4 -4 6 7 8 14 13 11 12 -2 15 28 16 -10 -18 20 -20 26 22 24 -23 -22 -26 -11 -27 29 -6
right_child=1 -3 3 -5 5 -7 -8 -9 9 18 -12 -13 -14 -15 -16 -17 17 -19 19 -21 21 23 -24 -25 25 27 -28 -29 -30 -31
leaf_value=-0.039564074797901236 0.0010318356893255914 -0.039877738302044788 -0.019449717919580174 -0.039523324077154531 0.025388930659812049 0.040769005614825701 -0.036986213242037248 -0.035726662263032789 -0.038884881265842677 0.044816380703581293 0.047516881144655694 -0.03384620239546076 0.049429369813233509 0.036698291181292378 0.0426608183376469 -0.041278580060347785 0.033977446301718305 -0.028575368196567755 0.020541950709963369 -0.029412765186116872 0.035685128284265483 0.061587095633879686 -0.037691440886808224 0.012330629419401643 0.03325402005794062 -0.026613754180385012 0.0076939187538096598 0.0059564231817383108 0.045638355326217538 0.005964596830901705
leaf_weight=287.7624373184517 7.8511124886572352 56.986803854815662 30.09797665476799 30.426999304443598 22.958528436720371 17.016092982143164 7.1208130978047839 6.7955501601099959 5.2089622057974365 11.292984902858736 215.60968320816755 11.221416773274539 52.061184670776129 2.8405691832303992 14.803637111559508 11.951987875625489 8.9533364847302455 9.4535621348768455 3.3827911801636201 7.6127276755869389 6.3273345641791812 6.2859017327427891 8.4316317513585073 24.754305196925998 6.7664988413453129 11.083431838080289 10.109637400135396 12.26240114495158 5.5559525936841956 45.696179313585162
leaf_count=22122 88 4306 1031 1759 165 111 240 337 89 61 1578 284 355 15 90 333 106 152 52 185 69 32 289 227 52 149 67 153 23 480
internal_value=-0.000512492 0.029584 -0.0173558 0.00223739 0.00663746 0.00964354 0.00736783 0.00881663 0.0102462 0.00382757 0.0434793 0.0307521 0.0432083 -0.015115 0.0206657 -0.0201434 -0.00820447 0.00203405 0.0106217 -0.0136128 0.0134706 0.00894467 -0.00170775 0.0239163 0.00740271 0.000503925 0.0284076 -0.00996429 0.0157692 0.0127314
internal_weight=958.682 343.73 614.952 327.19 296.763 266.665 249.649 242.528 235.732 146.718 286.743 71.1337 59.9123 38.4084 89.0143 35.5678 23.6159 18.4069 108.31 10.9955 97.3141 75.9115 44.8713 31.0402 36.4397 30.1123 21.4026 23.3458 74.2107 68.6547
internal_count=35000 6611 28389 6267 4508 3477 3366 3126 2789 2031 2305 727 443 695 758 680 347 258 1336 237 1099 971 712 259 423 354 128 302 668 645
is_linear=0
shrinkage=0.04


Tree=44
num_leaves=31
num_cat=0
split_feature=65 49 23 2 2 27 49 39 8 46 2 2 2 2 2 2 2 2 2 2 75 61 49 35 0 4 3 2 2 2
split_gain=288.929 199.199 162.532 36.1347 13.8718 12.4613 11.007 12.0848 10.4484 10.0259 10.2838 11.4829 8.09012 16.0857 9.46028 9.98876 10.5396 7.15381 7.03392 8.23666 6.38157 5.18646 26.6952 5.3019 4.32093 3.87912 4.35193 3.71824 8.74725 7.37686
threshold=1.5000000000000002 4.5000000000000009 1.0000000180025095e-35 22155.725827163613 599.11082854875019 3.5000000000000004 1.5000000000000002 1.0000000180025095e-35 1.0000000180025095e-35 1.0000000180025095e-35 2268.0701388888892 21625.533667062227 19828.037558917644 19207.724171741949 10575.515585078336 17199.960231911533 17806.777767565003 2893.7176144331947 3436.1876388888891 4331.057553882084 4.5000000000000009 4.5000000000000009 2.5000000000000004 1.0000000180025095e-35 1766808.5000000002 5.5000000000000009 13.500000000000002 4806.1953167319452 5799.9373521815287 6236.2064283236114
decision_type=2 2 2 2 2 2 2 2 2 2 2 2 2 2 2 2 2 2 2 2 2 2 2 2 2 2 2 2 2 2
left_child=2 21 -1 4 20 -3 7 8 9 10 -6 12 13 14 17 -16 -17 -12 -19 -20 -4 22 -2 -24 27 26 -13 -21 -29 -30
right_child=1 5 3 -5 6 -7 -8 -9 -10 -11 11 25 -14 -15 15 16 -18 18 19 24 -22 -23 23 -25 -26 -27 -28 28 29 -31
leaf_value=-0.039505342680203497 0.043038155691675684 -0.039958650060516507 -0.021279096274050394 -0.039444630337717085 0.025717778305999865 0.03612833874961649 -0.03569680459121518 0.042562160605961678 -0.036123133735125455 0.039581913446859622 -0.037387818015343188 -0.007784319122955935 -0.037873422055188753 0.047694777736124808 -0.039497354231732736 0.021416081031186956 -0.037983840907608889 0.039670431594908129 -0.037603043930061614 0.030455540623590065 0.021105801022862462 0.047551295000408694 -0.040332704086758368 0.022507747353651714 0.044393594855679404 0.045984818828099822 0.03288255278380732 -0.038536909930329669 0.046319879199074529 0.00098219448033244139
leaf_weight=276.8834028840065 65.958124991506338 57.756811451166868 35.320985960774124 29.293051834218204 40.507157359272242 2.905077636241912 7.2481020148843518 17.504541128873825 7.0291277309879652 16.464983332902193 5.0461338311433783 7.5578455030918121 7.9822217356413594 9.9953560121357423 18.364603236317635 12.967075467109682 6.2664646618068209 8.7297586370259506 6.1171735003590575 6.8571088481694451 5.9072017073631278 196.67000196501613 7.6190035631880146 2.1403287798166275 3.7826444264501324 10.052205786108971 7.7000098899006844 6.7280869465321294 5.6801591217517844 41.225513719022274
leaf_count=22122 502 4404 1190 1759 228 20 225 105 332 88 67 45 179 89 674 86 139 82 101 74 31 1497 173 15 37 42 36 103 59 496
internal_value=-0.000506038 0.0293295 -0.0170551 0.00217346 0.00642488 -0.0357881 0.00992551 0.0114055 0.00884976 0.0104292 0.00791374 0.00341571 -0.00114044 0.00135341 -0.00280815 -0.019217 0.00114225 0.00466142 0.0077764 0.00332067 -0.0148502 0.0439094 0.0339533 -0.0257401 0.00773196 0.0276584 0.0134988 0.00475475 0.000971583 0.00732477
internal_weight=934.26 333.049 601.211 324.328 295.034 60.6619 253.806 246.558 229.054 222.025 205.56 165.052 139.742 131.76 121.765 37.5981 19.2335 84.1666 79.1204 70.3907 41.2282 272.387 75.7175 9.75933 64.2735 25.3101 15.2579 60.4909 53.6338 46.9057
internal_count=35000 6611 28389 6267 4508 4424 3287 3062 2957 2625 2537 2309 2186 2007 1918 899 225 1019 952 870 1221 2187 690 188 769 123 81 732 658 555
is_linear=0
shrinkage=0.04


Tree=45
num_leaves=31
num_cat=0
split_feature=65 49 23 2 2 66 56 67 27 64 4 4 3 39 46 56 4 2 0 0 2 34 49 0 0 0 2 3 2 3
split_gain=274.367 189.712 157.489 34.4966 12.9931 10.7624 10.3624 9.86119 8.22794 34.0529 10.2881 5.51441 7.52176 4.31715 6.36227 14.1761 4.15661 3.87048 5.58292 3.90202 3.54541 3.46415 3.43573 3.23963 3.27632 3.64622 3.18844 4.6489 4.74704 9.64601
threshold=1.5000000000000002 5.5000000000000009 1.0000000180025095e-35 22155.725827163613 416.27669748430566 0.82843137254901966 1.0000000180025095e-35 1.0000000180025095e-35 1.0000000180025095e-35 1.5000000000000002 2.5000000000000004 2.5000000000000004 18.500000000000004 1.0000000180025095e-35 1.0000000180025095e-35 1.0000000180025095e-35 3.5000000000000004 3128.9712500000005 1340535.0000000002 85187.000000000015 21765.907188560697 1.0000000180025095e-35 2.5000000000000004 24863.000000000004 78722.000000000015 708158.50000000012 7836.8212339709735 5.5000000000000009 2006.4869444444446 13.500000000000002
decision_type=2 2 2 2 2 2 2 2 2 2 2 2 2 2 2 2 2 2 2 2 2 2 2 2 2 2 2 2 2 2
left_child=2 8 -1 4 21 6 11 -7 9 10 -2 20 16 14 15 -9 -13 19 23 -18 26 -4 -12 -19 -25 -26 27 -6 -29 -30
right_child=1 -3 3 -5 5 7 -8 13 -10 -11 22 12 -14 -15 -16 -17 17 18 -20 -21 -22 -23 -24 24 25 -27 -28 28 29 -31
leaf_value=-0.039445983180401128 0.040736968678603658 -0.039779246307202983 -0.022108111069935724 -0.039365459009125775 0.036456143516219071 -0.034322039284935955 -0.037375626277588066 0.026038754045283 0.046764130493069475 0.048828988795294404 -0.0042972296765842318 -0.0092498644626376487 -0.026239731443074045 0.04467562106986158 0.037735318277014415 -0.037258956428626498 0.037039195982873925 0.020362531247924691 0.035479537188528372 0.0046641637784546391 0.043515303686908119 0.029176732699380856 -0.039458188856934175 -0.023554996312267082 0.0064624494003725445 -0.029762776402247497 0.0017167687404019349 -0.01616408086278005 -0.021328926077298034 0.038586878883689481
leaf_weight=266.42044838238508 3.9319420866668251 52.728582298383117 27.702490622177724 28.201898061670363 14.608086764812468 3.583348953165113 8.0473337024450284 16.811217889189724 202.40394165366888 46.018193699419498 8.1238297726959008 25.161438561975956 13.23248524032533 16.64233686029911 17.251080706715584 7.3181612798944107 12.342519477009775 8.1153282560408098 6.5391966551542273 11.352769944816826 5.5030688196420661 1.4251773208379734 9.6083183698356134 11.11096955090761 27.615074237808589 4.2642185408622018 28.596478203311563 7.8929457142949131 5.6195720881223705 12.118088208138941
leaf_count=22122 32 4306 1024 1759 91 174 290 92 1578 333 94 514 327 103 92 248 60 92 62 96 23 7 268 181 401 77 352 72 51 79
internal_value=-0.000500972 0.0290712 -0.0167725 0.00210658 0.00622072 0.00903494 0.00452118 0.023535 0.04261 0.029687 -0.0113342 0.00644116 0.00109692 0.0276291 0.019881 0.00612255 0.00470591 0.00908284 0.00334335 0.0223448 0.0149201 -0.0187137 -0.0244389 -0.00137062 -0.00584284 0.000859073 0.0120437 0.0191631 0.00830816 0.0194794
internal_weight=910.291 322.815 587.476 321.055 292.853 263.726 202.12 61.6061 270.086 67.6823 21.6641 194.072 119.734 58.0228 41.3805 24.1294 106.502 81.3401 57.6448 23.6953 74.3382 29.1277 17.7321 51.1056 42.9903 31.8793 68.8352 40.2387 25.6306 17.7377
internal_count=35000 6611 28389 6267 4508 3477 2768 709 2305 727 394 2478 1810 535 432 340 1483 969 813 156 668 1031 362 751 659 478 645 293 202 130
is_linear=0
shrinkage=0.04


Tree=46
num_leaves=31
num_cat=0
split_feature=65 49 23 2 2 6 59 24 4 4 27 64 4 2 2 59 2 59 50 2 3 3 2 3 3 2 0 0 49 2
split_gain=260.602 180.911 152.655 32.9393 12.1141 10.2886 8.84426 8.48847 8.51427 10.5087 8.00233 32.5571 9.76987 6.5477 5.31174 5.22863 4.77439 4.1569 5.74504 6.12524 4.09041 4.41553 3.45775 4.16185 4.3885 3.43104 6.55633 4.5719 3.37563 3.36686
threshold=1.5000000000000002 5.5000000000000009 1.0000000180025095e-35 22155.725827163613 416.27669748430566 1.0000000180025095e-35 7.5000000000000009 1.0000000180025095e-35 2.5000000000000004 3.5000000000000004 1.0000000180025095e-35 1.5000000000000002 2.5000000000000004 21765.907188560697 10436.097361111113 1.0000000180025095e-35 9362.6793055555572 1.0000000180025095e-35 1.0000000180025095e-35 17383.022917417504 14.500000000000002 11.500000000000002 5952.011670465834 11.500000000000002 5.5000000000000009 7404.7824708805574 117954.00000000001 1340535.0000000002 2.5000000000000004 21765.907188560697
decision_type=2 2 2 2 2 2 2 2 2 2 2 2 2 2 2 2 2 2 2 2 2 2 2 2 2 2 2 2 2 2
left_child=2 10 -1 4 -4 6 7 -6 15 13 11 12 -2 14 16 29 22 20 -19 -20 21 -11 23 24 -10 26 -22 -27 -14 -9
right_child=1 -3 3 -5 5 -7 -8 8 9 17 -12 -13 28 -15 -16 -17 -18 18 19 -21 25 -23 -24 -25 -26 27 -28 -29 -30 -31
leaf_value=-0.039385907990401925 0.039993305034510901 -0.039729807572579941 -0.018282994247508816 -0.039285709978183696 -0.035159285289851856 0.039032649612505375 -0.036351211188403877 0.011537080264114586 -0.018571594710737101 0.004726582964981095 0.04639572834666799 0.048388693942229548 -0.0041479203559285629 0.035606133305308478 -0.041132935371082889 0.040650151541955108 0.033476810097813607 0.046857001315885917 -0.035829751318314139 0.027263604377077907 0.030340596028533371 0.02803534206943779 -0.038963482910688935 -0.029110979798319472 0.032249139677474448 -0.035320050452257737 -0.028076130484806391 0.026390724034894428 -0.039220849099903851 0.042252886093031662
leaf_weight=256.35808709729463 3.8648146279156235 50.724064784124494 28.60109780728817 27.151980427093804 6.1400753809139124 15.827860500663517 6.4603602457791558 69.091453373432159 3.7851623184979015 52.513450214639306 195.98829056322575 44.616874873638153 8.1157707292586583 2.85952204465866 11.320453364402054 14.089155875146387 2.8264816440641871 9.2546655386686325 3.1561731463298202 5.0434634741395712 6.4343866929411906 16.537413554266095 5.7553133722394696 5.4468195214867583 5.5689106471836567 8.8789967540651542 4.275598332285881 1.6097490042448033 9.2922441484406573 5.4713047742843619
leaf_count=22122 32 4306 1031 1759 337 111 240 645 59 618 1578 333 94 15 333 90 37 47 68 40 68 167 115 79 57 229 76 23 268 23
internal_value=-0.000494737 0.0288418 -0.0164811 0.00204349 0.00602179 0.00873087 0.00663549 0.00793833 0.00921444 0.00320773 0.0422243 0.0293082 -0.0110862 -0.0147595 -0.0197906 0.0189116 -0.00819482 0.00955209 0.0268964 0.00172311 0.0059397 0.0106295 -0.0152119 -0.00409468 0.0118768 -0.00912702 0.00661362 -0.0243763 -0.0239831 0.0143203
internal_weight=887.06 312.602 574.458 318.1 290.948 262.347 246.519 240.059 233.918 145.267 261.878 65.8897 21.2728 37.5627 34.7031 88.6519 23.3827 107.704 17.4543 8.19964 90.2496 69.0509 20.5562 14.8009 9.35407 21.1987 10.71 10.4887 17.408 74.5628
internal_count=35000 6611 28389 6267 4508 3477 3366 3126 2789 2031 2305 727 394 695 680 758 347 1336 155 108 1181 785 310 195 116 396 144 252 362 668
is_linear=0
shrinkage=0.04


Tree=47
num_leaves=31
num_cat=0
split_feature=65 49 23 2 59 48 2 2 75 2 2 2 2 2 60 49 33 50 60 27 0 2 2 4 4 0 4 4 0 3
split_gain=247.512 172.57 147.973 31.4481 11.5928 11.0694 10.4073 13.0335 11.9195 12.967 9.53204 8.99672 10.7551 27.4143 7.2309 21.0395 5.81661 4.44951 4.26436 4.02878 3.98102 5.41229 11.2167 4.78064 6.05303 3.82731 3.80845 7.11141 3.5597 5.41371
threshold=1.5000000000000002 4.5000000000000009 1.0000000180025095e-35 22155.725827163613 7.5000000000000009 3.5000000000000004 21625.533667062227 19828.037558917644 4.5000000000000009 599.11082854875019 19207.724171741949 17806.777767565003 17199.960231911533 10575.515585078336 23.500000000000004 2.5000000000000004 2.5000000000000004 1.0000000180025095e-35 11.500000000000002 1.0000000180025095e-35 14908.500000000002 9665.7476402156954 7836.8212339709735 2.5000000000000004 3.5000000000000004 116116.50000000001 5.5000000000000009 2.5000000000000004 37963.500000000007 15.500000000000002
decision_type=2 2 2 2 2 2 2 2 2 2 2 2 2 2 2 2 2 2 2 2 2 2 2 2 2 2 2 2 2 2
left_child=2 14 -1 4 6 -3 7 8 9 25 11 12 13 17 15 18 -17 20 19 -2 -11 22 23 -22 -25 28 27 -8 -4 -30
right_child=1 5 3 -5 -6 -7 26 -9 -10 10 -12 -13 -14 -15 -16 16 -18 -19 -20 -21 21 -23 -24 24 -26 -27 -28 -29 29 -31
leaf_value=-0.039325032312784489 -0.00071641037501251768 0.03456036227367814 -0.023664413392266895 -0.039205285992742887 -0.037822580872679687 -0.039820131568733472 0.036868675583904033 -0.040516561147856837 0.03731013470568089 0.036563754233519499 0.043414271008974097 -0.037450108283411179 0.032858669660144196 -0.039783951266814811 0.046453500638184771 -0.041126617758654171 0.027095195120086436 -0.018213937274474134 0.047628254588494977 0.040952913956692961 0.021195156609865227 0.030872290798247819 -0.038037179441520998 -0.018933948156156448 0.010249610860593721 -0.032434028610386988 0.044555283166046865 -0.010483310994674023 0.031216794042614699 -0.030221357858007926
leaf_weight=246.68133374489844 7.7638010289520007 2.6655554771423331 7.3932422110810867 26.14179157000035 8.4481489872559887 51.489879282191396 10.140556793659927 8.9218899980187398 17.320263396948576 8.7284306995570642 10.276636574417351 6.5282247243449083 21.835490379482508 19.438576158136129 193.47981833480299 6.9877878660336119 1.8943996913731096 7.5546540683135381 32.324048170819879 6.0556354224681854 36.080054402351379 15.576031785458325 7.4935513958334914 14.389717834070323 42.67497774027288 16.291839512996376 13.017988562583925 8.6747598610818368 6.0697100860998017 2.4753595320507884
leaf_count=22122 85 20 226 1759 306 4404 58 210 99 66 96 165 139 759 1625 168 18 234 246 45 232 115 178 208 409 612 63 55 189 89
internal_value=-0.000489447 0.0286192 -0.0161844 0.0019773 0.00582048 -0.0355989 0.00726266 0.00445243 0.00628435 0.00371657 0.00770239 0.00543866 0.00725496 0.00338453 0.0427005 0.0289109 -0.0253068 0.00996832 0.0396627 0.0190743 0.0118034 0.00964771 0.00609131 0.0100078 0.00269119 -0.019374 0.0284434 0.0156098 -0.00489763 0.0121176
internal_weight=864.814 302.661 562.153 315.472 289.33 54.1554 280.882 249.049 240.127 222.806 190.576 180.3 173.771 151.936 248.505 55.0257 8.88219 132.497 46.1435 13.8194 124.943 116.214 100.638 93.1447 57.0647 32.2302 31.8333 18.8153 15.9383 8.54507
internal_count=35000 6611 28389 6267 4508 4424 4202 4026 3816 3717 2601 2505 2340 2201 2187 562 186 1442 376 130 1208 1142 1027 849 617 1116 176 113 504 278
is_linear=0
shrinkage=0.04


Tree=48
num_leaves=31
num_cat=0
split_feature=64 13 61 33 6 8 2 8 46 60 33 40 2 2 2 2 2 2 2 2 2 2 2 2 2 0 2 2 2 2
split_gain=226.072 94.5619 67.172 64.1379 62.5137 57.3441 30.1972 15.1913 14.0766 12.5524 9.3442 9.17814 8.01182 6.46656 6.45332 7.07355 10.881 7.59928 9.57484 8.58868 6.78384 6.03993 7.89786 4.50735 9.81135 4.28817 4.00793 7.32226 11.7344 10.9715
threshold=1.5000000000000002 19696.930443163335 1.5000000000000002 7.5000000000000009 1.0000000180025095e-35 1.0000000180025095e-35 22155.725827163613 1.5000000000000002 1.0000000180025095e-35 6.5000000000000009 1.0000000180025095e-35 1.5000000000000002 599.11082854875019 2268.0701388888892 21625.533667062227 19828.037558917644 19207.724171741949 10575.515585078336 17199.960231911533 17806.777767565003 2893.7176144331947 3436.1876388888891 4331.057553882084 9665.7476402156954 7836.8212339709735 116116.50000000001 7263.8088888888897 6236.2064283236114 5799.9373521815287 4806.1953167319452
decision_type=2 2 2 2 2 2 2 2 2 2 2 2 2 2 2 2 2 2 2 2 2 2 2 2 2 2 2 2 2 2
left_child=1 4 7 -3 5 6 8 -2 9 10 12 -7 25 -14 15 16 17 20 -19 -20 -15 -22 -23 24 26 -1 27 28 29 -24
right_child=2 3 -4 -5 -6 11 -8 -9 -10 -11 -12 -13 13 14 -16 -17 -18 18 19 -21 21 22 23 -25 -26 -27 -28 -29 -30 -31
leaf_value=-0.0010287932877896715 0.043837319951502494 -0.039485574791948974 0.046494193302827592 0.040824680527517282 0.043088637196083912 -0.039504745242070191 -0.039211088158711487 -0.038508452252012895 0.027912575481911724 -0.03248431775626779 0.040400649442366529 0.023779963662195737 0.020162942649105162 -0.037321859009550783 0.021136416085510375 -0.037333765325999142 0.041164473035956446 -0.039007012321339109 0.019387615122247081 -0.036002479884843723 0.035945882090833894 -0.037549655702032315 0.027340067897262749 0.025099630763793648 -0.037572838134051281 -0.031373506620379306 0.026244227262116365 -0.028435166649509198 0.060509076698509488 -0.038783151129343607
leaf_weight=14.384454892948272 3.4562882035970715 200.32776309549809 167.68587937951088 16.477180892601609 45.16362074855715 74.597596425563097 25.609559425152838 19.904987065121531 37.287125977687538 14.961361086927353 9.8703097552061063 3.2204732922837129 36.991182267665863 4.9464353322982779 22.49014700949192 7.3073314409703007 8.8503656387329084 16.638044668361545 13.167108125984671 5.5523117799311867 9.0858364105224592 6.0275625102221957 7.1255955416709238 15.592969007790087 7.7642149180173865 14.616877341642974 13.202824911102651 8.6967187318950874 5.0503617450594893 6.9640202112495899
leaf_count=443 18 18330 1435 174 644 6179 1779 1847 310 690 52 60 209 67 110 177 81 670 85 137 81 101 74 121 196 557 93 116 57 107
internal_value=-0.000486546 -0.0117064 0.0376639 -0.0332226 -0.0009351 -0.00613038 0.00156176 -0.0250261 0.0053291 0.00185313 0.00417427 -0.0366173 0.00240909 0.00533931 0.00177415 -0.00155936 0.000744661 -0.00255706 -0.0178571 0.00196593 0.00398227 0.00698351 0.00279596 0.00708876 0.000945798 -0.0168587 0.0089535 0.00012687 0.0138722 -0.0057467
internal_weight=843.017 651.969 191.047 216.805 435.164 390.001 312.183 23.3613 286.573 249.286 234.325 77.8181 224.454 195.453 158.462 135.972 128.664 119.814 35.3575 18.7194 84.4565 79.5101 70.4243 64.3967 48.8037 29.0013 41.0395 27.8367 19.14 14.0896
internal_count=35000 31700 3300 18504 13196 12552 6313 1865 4534 4224 3534 6239 3482 2482 2273 2163 1986 1905 892 222 1013 946 865 764 643 1000 447 354 238 181
is_linear=0
shrinkage=0.04


Tree=49
num_leaves=31
num_cat=0
split_feature=65 49 23 2 59 4 3 2 30 64 4 4 2 2 3 3 66 66 2 4 2 2 2 57 4 3 2 2 2 2
split_gain=224.642 157.684 138.612 28.633 10.844 9.11147 9.30796 8.9886 7.36236 28.5435 8.79169 5.81143 6.29559 6.73253 8.16741 5.2787 5.0463 4.36921 4.24183 6.12205 4.88482 6.44249 6.69446 3.7803 3.60255 3.41872 4.30089 3.09086 5.733 3.02334
threshold=1.5000000000000002 5.5000000000000009 1.0000000180025095e-35 22155.725827163613 7.5000000000000009 2.5000000000000004 17.500000000000004 338.8631944444445 1.0000000180025095e-35 1.5000000000000002 2.5000000000000004 3.5000000000000004 21765.907188560697 10436.097361111113 4.5000000000000009 6.5000000000000009 0.82843137254901966 0.97619047619047628 2268.0701388888892 4.5000000000000009 6112.8541184265296 7673.2525000000014 17383.022917417504 1.5000000000000002 4.5000000000000009 7.5000000000000009 3254.1927234080563 9774.9001388888901 21765.907188560697 21874.893428125004
decision_type=2 2 2 2 2 2 2 2 2 2 2 2 2 2 2 2 2 2 2 2 2 2 2 2 2 2 2 2 2 2
left_child=2 8 -1 4 5 16 7 -7 9 10 -2 12 13 14 -9 24 29 18 19 -17 -20 -22 -23 -12 -13 -16 -27 -26 -29 -4
right_child=1 -3 3 -5 -6 6 -8 11 -10 -11 23 15 -14 -15 25 17 -18 -19 20 -21 21 22 -24 -25 27 26 -28 28 -30 -31
leaf_value=-0.039202791890041035 0.038888713354253722 -0.03958524842162512 0.0088691038762532676 -0.039049011711953699 -0.037620957749679766 -0.025424205202329339 -0.021936948218308744 -0.038759099925901076 0.045441144394857871 0.047221278830746533 -0.029781212247408272 -0.017837619808583529 0.038764840298040164 -0.039982437522119579 0.038829288317719771 0.050057983188976543 0.03223380430900992 0.036143136268428216 -0.021194786723957131 -0.0025016758079985471 0.045318646997727835 -0.021906567033433078 0.017310583420047879 0.022703790275485591 0.019278326790497961 0.02372276399405264 -0.024685714922179115 -0.037808396195562158 0.027908397351444889 0.039828905945262769
leaf_weight=228.71777740865946 3.6902219550684121 45.243396768346429 75.205414174124599 24.24610891379416 8.1057390673086029 13.302607126533983 23.080936484970152 5.1881047729402843 177.91473071277142 40.673666901886463 14.608432115055621 11.748307750560341 3.3038498274981967 8.9511925196275097 5.1273647220805278 8.667863614857195 23.28041388746351 16.272625973448157 7.6124356985092154 5.4550577644258729 6.5390637628734103 9.7741449559107441 18.760574281215668 1.8052708590403206 13.978041362017395 5.146376643329857 4.6236554328352213 4.1954322159290305 2.6770180910825729 4.5507317185401908
leaf_count=22122 32 4306 829 1759 306 505 643 102 1578 333 346 180 19 284 65 55 288 175 97 68 52 235 157 16 155 60 87 111 14 21
internal_value=-0.000484284 0.0282473 -0.0156576 0.00179582 0.00538818 0.00677533 0.00117972 0.0048265 0.0412163 0.0283134 -0.0103654 0.007904 -0.00677775 -0.0130777 0.000240019 0.0124184 0.0161444 0.0183211 0.0126791 0.0309335 0.00606974 0.0124108 0.00359044 -0.0230363 -0.000966081 0.0154054 0.000648567 0.00892155 -0.0119164 0.0111069
internal_weight=822.447 283.936 538.511 309.793 285.547 277.441 174.405 151.324 238.692 60.7776 20.1039 138.021 32.3405 29.0367 20.0855 105.681 103.037 73.0818 56.8091 14.1229 42.6862 35.0738 28.5347 16.4137 32.5988 14.8974 9.77003 20.8505 6.87245 79.7561
internal_count=35000 6611 28389 6267 4508 4202 3064 2421 2305 727 394 1916 617 598 314 1299 1138 839 664 123 541 444 392 362 460 212 147 280 125 850
is_linear=0
shrinkage=0.04


Tree=50
num_leaves=31
num_cat=0
split_feature=65 49 23 2 59 6 39 8 46 33 2 2 2 48 2 2 2 2 60 49 33 0 60 4 0 2 2 4 4 27
split_gain=213.419 150.689 134.344 27.3518 10.3242 9.83722 9.20861 9.47592 9.30799 7.98785 7.84035 7.18708 8.95796 8.48059 7.32626 9.28947 9.0606 7.91074 6.65052 18.9798 5.2833 4.35136 3.84657 3.63089 3.46473 3.54821 8.01333 3.70775 3.48692 3.43589
threshold=1.5000000000000002 4.5000000000000009 1.0000000180025095e-35 22155.725827163613 7.5000000000000009 1.5000000000000002 1.0000000180025095e-35 1.0000000180025095e-35 1.0000000180025095e-35 1.0000000180025095e-35 21625.533667062227 19828.037558917644 19207.724171741949 1.0000000180025095e-35 10575.515585078336 17199.960231911533 599.11082854875019 17806.777767565003 23.500000000000004 2.5000000000000004 2.5000000000000004 116116.50000000001 11.500000000000002 5.5000000000000009 14908.500000000002 9665.7476402156954 7836.8212339709735 2.5000000000000004 3.5000000000000004 1.0000000180025095e-35
decision_type=2 2 2 2 2 2 2 2 2 2 2 2 2 2 2 2 2 2 2 2 2 2 2 2 2 2 2 2 2 2
left_child=2 18 -1 4 6 -3 7 8 9 10 11 12 13 14 16 -16 21 -17 19 22 -21 -4 29 -12 -18 26 27 -26 -29 -2
right_child=1 5 3 -5 -6 -7 -8 -9 -10 -11 23 -13 -14 -15 15 17 24 -19 -20 20 -22 -23 -24 -25 25 -27 -28 28 -30 -31
leaf_value=-0.039139016956535801 7.3977226341895096e-05 -0.039687233979113716 0.00065821000659941839 -0.038965855433325793 -0.037411435936552336 0.033075069735434136 0.035003293427085608 -0.036660889032231511 0.033617146371459981 0.037408750136714124 0.0094487741418532584 -0.037152745347578571 0.037716908622203726 -0.039539726954351775 -0.038451725116826423 0.019873949498323551 0.032931781969174803 -0.0351647517257564 0.045564144572149225 -0.040775163518411713 0.025824593798702358 -0.030644703106483435 0.046575180003899472 0.040523364944970046 0.017921614551421515 0.02601143840801922 -0.036083476406686917 -0.01603406153457302 0.0070729526326061337 0.039685078994842117
leaf_weight=220.10214363224804 7.5326567254960519 46.017512510530651 13.756353480741383 23.346218625083566 7.8361396631225935 2.4397781491279593 16.096310839056969 7.6089777993038288 17.1983438488096 9.8595161214470846 15.144051857292652 7.1755345445126286 9.1498008817434293 7.6547511173412195 14.581558999605475 12.976324491202833 8.5923220962285978 4.9683292526751748 175.12069052271545 6.487517796456812 1.7931556440889833 13.604973867535589 29.808507019653916 9.988408088684082 34.814550146460533 13.625079389661549 6.150385256856679 12.985467219725249 40.367479773238301 5.5566537156701088
leaf_count=22122 85 4404 422 1759 306 20 109 407 100 55 81 182 84 176 643 82 65 130 1625 168 18 534 246 42 221 103 172 200 394 45
internal_value=-0.000476632 0.0280506 -0.0153581 0.00173653 0.00520582 -0.035429 0.00654504 0.00465733 0.00604163 0.00389323 0.0022694 -0.00041573 0.00113277 -0.000879658 0.00101115 -0.0158457 0.00490453 0.00358359 0.0417395 0.0280302 -0.0251245 -0.0154384 0.0386294 0.0228769 0.00977155 0.00764262 0.00474402 0.0079648 0.00125745 0.0185128
internal_weight=802.339 274.756 527.583 307.481 284.135 48.4573 276.299 260.202 252.593 235.395 225.535 200.403 193.227 184.078 176.423 32.5262 143.897 17.9447 226.299 51.1785 8.28067 27.3613 42.8978 25.1325 116.535 107.943 94.3179 88.1675 53.3529 13.0893
internal_count=35000 6611 28389 6267 4508 4424 4202 4093 3686 3586 3531 3408 3226 3142 2966 855 2111 212 2187 562 186 956 376 123 1155 1090 987 815 594 130
is_linear=0
shrinkage=0.04


Tree=51
num_leaves=31
num_cat=0
split_feature=65 49 23 59 39 8 46 33 64 43 49 4 3 60 4 3 3 0 0 4 4 0 4 3 3 3 0 3 3 0
split_gain=202.951 143.732 130.02 10.4818 10.1208 9.7465 10.0886 8.45908 7.07606 30.1522 10.1013 6.97569 6.92138 4.31569 4.03589 2.94471 2.63718 3.01926 3.12864 2.5266 2.3186 2.11763 3.16677 2.0995 3.26899 2.61872 2.16974 1.97671 2.26379 2.91316
threshold=1.5000000000000002 5.5000000000000009 1.0000000180025095e-35 7.5000000000000009 1.0000000180025095e-35 1.0000000180025095e-35 1.0000000180025095e-35 1.0000000180025095e-35 1.5000000000000002 1.0000000180025095e-35 2.5000000000000004 2.5000000000000004 18.500000000000004 13.500000000000002 3.5000000000000004 6.5000000000000009 2.5000000000000004 405422.50000000006 54640.000000000007 1.0000000180025095e-35 4.5000000000000009 35606.500000000007 4.5000000000000009 9.5000000000000018 7.5000000000000009 13.500000000000002 121700.00000000001 14.500000000000002 11.500000000000002 45360.500000000007
decision_type=2 2 2 2 2 2 2 2 2 2 2 2 2 2 2 2 2 2 2 2 2 2 2 2 2 2 2 2 2 2
left_child=2 8 -1 4 5 6 7 11 9 10 13 19 14 -2 -13 16 17 18 -16 23 -20 22 -14 24 -4 -25 -27 28 -17 -30
right_child=1 -3 3 -5 -6 -7 -8 -9 -10 -11 -12 12 21 -15 15 27 -18 -19 20 -21 -22 -23 -24 25 -26 26 -28 -29 29 -31
leaf_value=-0.039074094193424752 -0.0086087656119927611 -0.039482451107672289 -0.0025554301347122657 -0.037781444041132192 0.032929306154795147 -0.037196804854898895 0.031306048600178542 0.034939102816389171 0.045640772603019526 0.045475189409782117 -0.040772415263196055 -0.014293995885477747 -0.02919382919009425 0.037280221074199343 -0.013165838407370066 0.0029494256994415371 -0.017693911329682298 -0.025127206251657375 -0.0056489732745997724 0.012864923078998867 0.040377615442936804 -0.035116111388941489 0.029240562706840306 -0.036386065926571141 0.037405156546101298 0.011481704703005633 -0.021597966314426689 -0.0060992624261585176 0.042160495733310065 0.0091086940509354092
leaf_weight=211.81780521105975 6.3518206812441367 41.867501780390739 10.88998726475984 9.4148175548762065 16.092764813452959 9.1889896513894183 17.334499708376825 9.965855614282189 151.61795706301928 51.832224749028683 9.0010796859860402 35.366194041445851 2.1352020110935004 5.1788866855204105 3.7677241722121817 32.324852291494608 19.150783774442971 3.1946673402562729 2.1158290421590209 57.384519567713141 5.3054121658205986 14.432968913577495 1.8202415900304911 3.7524398369714609 3.615722442045807 7.4536864133551699 4.0805472731590271 15.899205261841415 5.5933496262878206 14.370185481384395
leaf_count=22122 84 4306 169 475 115 584 111 64 1435 465 281 1098 75 40 76 538 432 91 59 726 93 538 57 79 46 91 86 363 66 235
internal_value=-0.000473374 0.0278619 -0.0150845 0.00166833 0.00304964 0.00121567 0.00265565 0.000573999 0.0405697 0.0294674 -0.0111792 -0.000974991 -0.00604148 0.0133321 -0.00285572 0.00122151 -0.00833144 0.00447391 0.0142937 0.00802694 0.0281427 -0.0284195 -0.00182892 -0.00140689 0.00917519 -0.0113952 -0.00101057 0.00597214 0.00968823 0.0199385
internal_weight=782.318 265.849 516.468 304.65 295.236 279.143 269.954 252.619 223.982 72.364 20.5318 242.654 155.477 11.5307 137.088 101.722 33.5344 14.3836 11.189 87.1769 7.42124 18.3884 3.95544 29.7924 14.5057 15.2867 11.5342 68.1876 52.2884 19.9635
internal_count=35000 6611 28389 6267 5792 5677 5093 4982 2305 870 405 4918 3721 124 3051 1953 751 319 228 1197 152 670 132 471 215 256 177 1202 839 301
is_linear=0
shrinkage=0.04


Tree=52
num_leaves=31
num_cat=0
split_feature=65 49 23 2 59 6 2 2 75 2 2 2 2 2 60 49 75 50 60 0 4 4 0 3 2 27 0 2 2 4
split_gain=192.78 137.317 126.013 25.8049 9.40123 9.12297 8.01928 11.3799 9.26233 10.262 7.11534 7.64591 8.58694 23.0815 6.43296 17.2077 5.04878 3.9533 3.75179 3.50312 3.50156 6.51695 3.42308 5.02206 4.35041 3.26891 3.26056 4.32485 9.37626 3.6227
threshold=1.5000000000000002 4.5000000000000009 1.0000000180025095e-35 22155.725827163613 7.5000000000000009 1.5000000000000002 21625.533667062227 19828.037558917644 4.5000000000000009 599.11082854875019 19207.724171741949 17806.777767565003 17199.960231911533 10575.515585078336 23.500000000000004 2.5000000000000004 14.500000000000002 1.0000000180025095e-35 11.500000000000002 116116.50000000001 5.5000000000000009 2.5000000000000004 37963.500000000007 15.500000000000002 206.69289758611114 1.0000000180025095e-35 14908.500000000002 9665.7476402156954 7836.8212339709735 2.5000000000000004
decision_type=2 2 2 2 2 2 2 2 2 2 2 2 2 2 2 2 2 2 2 2 2 2 2 2 2 2 2 2 2 2
left_child=2 14 -1 4 6 -3 7 8 9 19 11 12 13 17 15 18 -17 26 25 22 21 -8 -4 24 -24 -2 -11 28 29 -28
right_child=1 5 3 -5 -6 -7 20 -9 -10 10 -12 -13 -14 -15 -16 16 -18 -19 -20 -21 -22 -23 23 -25 -26 -27 27 -29 -30 -31
leaf_value=-0.039007931070530896 -0.00019854479370520346 -0.039584350704204588 -0.023134258233808248 -0.038869476911916348 -0.036987640075855269 0.032169764097622323 0.033816827995054727 -0.040299744824739116 0.033795277576690472 0.032321600988058689 0.036895563507552069 -0.036802349568545528 0.029253182448612414 -0.039487480897583908 0.045026086354091034 -0.040172104903497305 0.026508605568079508 -0.018830519066218691 0.045776648835403569 -0.031396935261723234 0.04065343857460018 -0.011748497868657828 -0.023080418031978859 -0.029749925339051575 0.045607747646492169 0.038956547422049244 0.018047134826809121 0.026907356719764752 -0.037412114008298032 0.0020128616884609284
leaf_weight=203.85226716566831 7.4734881278127414 42.609712212346494 7.1683240579441216 22.282681890763342 7.3213180582970372 2.3044416308403006 9.7295663394033927 8.0689707193523628 16.036637157201767 8.9528354816138727 10.70145620126277 5.8724452666938296 21.589180001989007 17.216090174391866 163.5480681695044 6.1706734411418429 1.6585630923509596 7.0739678340032688 28.059197768568993 14.737269036471842 12.599963560700418 8.71019399166107 1.2810622584074716 2.3443704368546605 4.8857741979882121 5.2611869871616364 36.725374110043049 16.034895293414593 6.7336193136870852 56.751733886078
leaf_count=22122 85 4404 226 1759 306 20 58 210 99 66 96 165 139 759 1625 171 15 234 246 612 63 55 51 89 138 45 232 115 178 617
internal_value=-0.000468822 0.0276803 -0.0147781 0.00160772 0.00494944 -0.0352823 0.00620401 0.00369933 0.00538082 0.00314651 0.00665818 0.00463245 0.00626035 0.0027674 0.0411117 0.0273034 -0.0246438 0.00852216 0.0376243 -0.0180405 0.0250203 0.0127964 -0.00435707 0.0122271 0.0301094 0.0176365 0.0102046 0.00824009 0.00501676 0.00843677
internal_weight=763.755 257.085 506.67 302.818 280.535 44.9142 273.214 242.174 234.105 218.068 187.652 176.95 171.078 149.489 212.171 48.6231 7.82924 132.272 40.7939 30.4168 31.0397 18.4398 15.6795 8.51121 6.16684 12.7347 125.198 116.246 100.211 93.4771
internal_count=35000 6611 28389 6267 4508 4424 4202 4026 3816 3717 2601 2505 2340 2201 2187 562 186 1442 376 1116 176 113 504 278 189 130 1208 1142 1027 849
is_linear=0
shrinkage=0.04


Tree=53
num_leaves=31
num_cat=0
split_feature=65 49 23 2 59 2 6 64 43 49 8 46 50 2 2 0 3 2 2 32 2 3 3 60 4 3 4 3 0 4
split_gain=183.328 131.142 121.934 24.6442 8.95226 7.53523 7.85841 6.815 28.0934 9.16137 6.43737 6.07931 5.87687 4.79416 7.09904 6.18184 5.03757 6.88653 4.77817 4.75787 4.63076 4.5875 4.06939 3.99758 3.25195 5.30799 5.6851 5.24285 4.44678 3.8119
threshold=1.5000000000000002 5.5000000000000009 1.0000000180025095e-35 22155.725827163613 7.5000000000000009 440.34896119819444 1.0000000180025095e-35 1.5000000000000002 1.0000000180025095e-35 2.5000000000000004 1.0000000180025095e-35 1.0000000180025095e-35 1.0000000180025095e-35 21765.907188560697 3436.1876388888891 1596883.0000000002 15.500000000000002 1778.9468055555558 4331.057553882084 1.0000000180025095e-35 4586.5165277777787 1.5000000000000002 21.500000000000004 13.500000000000002 2.5000000000000004 8.5000000000000018 1.0000000180025095e-35 4.5000000000000009 198362.00000000003 3.5000000000000004
decision_type=2 2 2 2 2 2 2 2 2 2 2 2 2 2 2 2 2 2 2 2 2 2 2 2 2 2 2 2 2 2
left_child=2 7 -1 4 5 19 10 8 9 23 11 12 13 14 16 18 -7 -18 -16 -4 -20 -22 24 -2 25 27 28 -23 -27 -26
right_child=1 -3 3 -5 -6 6 -8 -9 -10 -11 -12 -13 -14 -15 15 -17 17 -19 20 -21 21 22 -24 -25 29 26 -28 -29 -30 -31
leaf_value=-0.038940440126721584 -0.0085870333559974286 -0.039377176683281431 -0.020837691158449318 -0.038783598625401462 -0.036776428499995455 0.021346292310114142 0.036740801807860768 0.045137427655817033 0.044832093425005937 -0.040287204327143507 -0.034155830767868198 0.030522161892816625 -0.036003064724371418 0.025540884969280392 -0.036930291354635235 0.030555166262725326 -0.038834567041514147 0.016537567802037866 0.040074330455065039 0.026011019656425164 -0.02990688915918183 0.012743929975644398 -0.029300784400319375 0.036134298324671625 -0.020671297741121277 -0.032776833934078924 0.032743737814705874 -0.037174544021828036 0.022081155114264627 0.002019262437327485
leaf_weight=196.19349008332938 6.3109136540442723 38.746346110478044 22.500589971430603 21.457594926469028 7.0794633952900758 49.000261574983597 13.517959451302884 141.61393129825592 48.640610508620739 8.4690174795687181 5.1504878168925634 15.892369288951157 4.340804864652454 18.363614112138748 5.3966298140585414 8.3061458095908147 5.0431168712675554 7.9379259981215 3.1595335453748694 3.1924764066934577 8.2394842067733389 6.4885747469961625 6.2789245769381514 4.9110508263111115 15.244896297343073 4.0151145197451141 17.740054629743099 5.259452635422349 3.5333114769309759 43.197917364537716
leaf_count=22122 84 4306 990 1759 306 343 107 1435 465 281 333 95 117 86 93 112 60 61 30 14 155 60 137 40 393 66 143 63 37 707
internal_value=-0.000466664 0.0275017 -0.014502 0.00153853 0.00476849 0.00598144 0.00814378 0.0399726 0.0287722 -0.0111482 0.00633156 0.00739393 0.005521 0.00655964 0.00458902 -0.000854561 0.0155673 -0.00621343 -0.00329236 -0.0142602 -0.00137867 -0.00291966 -0.000464701 0.0123395 0.00171567 0.0108339 0.0208966 -0.010767 -0.00751938 -0.00414778
internal_weight=745.222 248.692 496.53 300.337 278.879 271.8 246.107 209.946 68.3316 19.691 232.589 227.438 211.546 207.205 188.841 126.86 61.9813 12.981 118.554 25.6931 113.157 109.998 101.758 11.222 95.4793 37.0365 25.2885 11.748 7.54843 58.4428
internal_count=35000 6611 28389 6267 4508 4202 3198 2305 870 405 3091 2758 2663 2546 2460 1996 464 121 1884 1004 1791 1761 1606 124 1469 369 246 123 103 1100
is_linear=0
shrinkage=0.04


Tree=54
num_leaves=31
num_cat=0
split_feature=65 49 23 2 59 39 8 47 33 64 43 49 2 2 2 48 2 2 2 2 0 60 4 3 0 3 2 2 0 2
split_gain=174.302 125.318 117.972 23.5366 8.52567 7.67077 8.13334 7.61093 6.76295 6.66444 26.9004 8.78999 6.39763 6.48034 7.40228 7.59519 6.41195 8.51497 7.13815 6.84288 4.10011 3.8142 3.21688 3.35862 3.07489 4.77247 2.96782 6.71775 4.65301 3.88418
threshold=1.5000000000000002 5.5000000000000009 1.0000000180025095e-35 22155.725827163613 7.5000000000000009 1.0000000180025095e-35 1.0000000180025095e-35 1.0000000180025095e-35 1.0000000180025095e-35 1.5000000000000002 1.0000000180025095e-35 2.5000000000000004 21625.533667062227 19828.037558917644 19207.724171741949 1.0000000180025095e-35 10575.515585078336 17199.960231911533 599.11082854875019 17806.777767565003 116116.50000000001 13.500000000000002 5.5000000000000009 12.500000000000002 37963.500000000007 15.500000000000002 2268.0701388888892 2893.7176144331947 1766808.5000000002 3254.1927234080563
decision_type=2 2 2 2 2 2 2 2 2 2 2 2 2 2 2 2 2 2 2 2 2 2 2 2 2 2 2 2 2 2
left_child=2 9 -1 4 5 6 7 8 12 10 11 21 13 14 15 16 18 -18 20 -19 24 -2 23 -14 -4 -26 -20 -28 29 -29
right_child=1 -3 3 -5 -6 -7 -8 -9 -10 -11 -12 -13 22 -15 -16 -17 17 19 26 -21 -22 -23 -24 -25 25 -27 27 28 -30 -31
leaf_value=-0.038871529751108941 -0.0083132967944826268 -0.039323546766851368 -0.018933558295666408 -0.038696468891282282 -0.036564444629374797 0.03269993406038213 -0.036130477262041744 0.030867144049925122 0.034832915632995773 0.044897678834911983 0.044482703292304186 -0.040030659999917353 -0.011238191519092156 -0.036654334854401019 0.033564118537829236 -0.038903631451027224 -0.038179744394749235 0.017590214543686717 0.017829288022741443 -0.034602039240613613 -0.029722887431580657 0.035634453743633443 0.037206228223901058 0.024492286200618479 0.033968079107718471 -0.028071823778820421 -0.037314057962979097 0.031468937016401452 0.040300955725751708 0.0010435712571206055
leaf_weight=188.82987753301859 6.2913007624447363 37.278175231069326 5.8088755365461129 20.66393057256937 6.8462002333253613 14.942120254039763 6.8253625985234967 16.362885637208819 9.4546913132071477 136.77827573567629 47.100754976272583 8.1943250996991974 7.1125689819455147 6.6471747094765297 9.4914516452699882 7.0794162284582844 13.455608020536603 13.221119575202467 36.857173498719931 4.6087596826255313 12.583641314879058 4.7970843799412251 9.9166068881750107 7.9533702209591866 5.779436893761158 1.9402728453278539 4.827508106827735 6.5130486264824858 5.2803597431629887 63.83403393253684
leaf_count=22122 84 4306 188 1759 306 109 407 100 55 1435 465 281 42 182 84 176 643 82 204 130 534 40 42 39 164 70 64 51 49 787
internal_value=-0.000468911 0.0273287 -0.0142256 0.00146898 0.00458986 0.00576231 0.00406596 0.00530926 0.00338494 0.0396915 0.0284574 -0.0109499 0.00190147 -0.000545544 0.000893372 -0.0009867 0.000762396 -0.0153578 0.00436072 0.00297814 -0.0141971 0.0120745 0.0205632 0.0079745 0.00129602 0.0169439 0.00857655 0.00417093 0.00727143 0.00426207
internal_weight=727.275 240.44 486.835 298.006 277.342 270.495 255.553 248.728 232.365 203.162 66.3835 19.2827 222.91 197.928 191.281 181.789 174.71 31.2855 143.424 17.8299 26.1122 11.0884 24.9825 15.0659 13.5286 7.71971 117.312 80.455 75.6274 70.3471
internal_count=35000 6611 28389 6267 4508 4202 4093 3686 3586 2305 870 405 3531 3408 3226 3142 2966 855 2111 212 956 124 123 81 422 234 1155 951 887 838
is_linear=0
shrinkage=0.04


Tree=55
num_leaves=31
num_cat=0
split_feature=65 49 23 2 59 39 24 46 27 49 60 33 2 2 2 48 2 2 2 2 0 0 0 2 2 0 0 0 2 2
split_gain=165.742 119.77 114.109 22.493 8.12681 7.27607 7.75703 7.16061 6.47186 21.276 8.30463 6.35871 5.97488 6.21086 6.77699 7.27271 6.03261 8.22913 6.6581 6.46845 3.934 3.1521 2.9082 2.99518 6.95304 3.12397 3.0476 3.27592 3.21213 5.40444
threshold=1.5000000000000002 5.5000000000000009 1.0000000180025095e-35 22155.725827163613 7.5000000000000009 1.0000000180025095e-35 1.0000000180025095e-35 1.0000000180025095e-35 1.0000000180025095e-35 2.5000000000000004 12.500000000000002 1.0000000180025095e-35 21625.533667062227 19828.037558917644 19207.724171741949 1.0000000180025095e-35 10575.515585078336 17199.960231911533 599.11082854875019 17806.777767565003 116116.50000000001 116116.50000000001 14908.500000000002 9665.7476402156954 7836.8212339709735 376981.00000000006 325110.00000000006 1596883.0000000002 2268.0701388888892 7263.8088888888897
decision_type=2 2 2 2 2 2 2 2 2 2 2 2 2 2 2 2 2 2 2 2 2 2 2 2 2 2 2 2 2 2
left_child=2 8 -1 4 5 6 -4 11 9 10 -2 12 13 14 15 16 18 -18 20 -19 -8 -14 -20 24 26 -25 28 -28 -24 -30
right_child=1 -3 3 -5 -6 -7 7 -9 -10 -11 -12 -13 21 -15 -16 -17 17 19 22 -21 -22 -23 23 25 -26 -27 27 -29 29 -31
leaf_value=-0.038801109717584804 -0.0012440763484425827 -0.039269088058971287 -0.035934980331566398 -0.038607998124337621 -0.03635159554292873 0.032038250855342933 0.0011936170890371731 0.030062774817826855 0.0438528841997263 -0.031744259887491036 0.044831357930159424 0.033897196055631545 -0.002788467402292757 -0.036428789485692628 0.031847082928391772 -0.038619803374718813 -0.038047181867895435 0.016810938681304712 0.029160069745183193 -0.034350410521006375 -0.029375671039034112 0.028334424465066982 0.020676712349745482 0.0048354314284524986 -0.035643959289234181 0.042023836486549983 -0.015422234920240519 0.017422916574246668 -0.0054847073427961726 0.028107087982864841
leaf_weight=181.7502282243222 7.4629637356847516 35.866513511165977 6.598030890338122 19.900519165210426 6.6212390838190904 14.66696661710739 13.556689392775299 16.159597393125296 145.18978880345821 7.7653658464550963 36.156522698700428 9.3566716685891134 6.9469885602593449 6.4313526721671215 9.6535583641380054 6.8580157980322829 12.975563747808339 13.324812188744547 8.8223562482744438 4.4670139066874972 12.24184902384877 17.956115238368511 28.377690434455872 7.8843944370746595 5.7395996116101733 6.1736261546611786 16.032207932323221 5.8657580502331248 29.48518211953342 9.2504559904336912
leaf_count=22122 88 4306 407 1759 306 109 422 100 1578 284 355 55 37 182 84 176 643 82 65 130 534 86 140 67 172 36 193 54 367 61
internal_value=-0.000469071 0.0271594 -0.0139583 0.00140879 0.00442914 0.00556459 0.00391726 0.00511972 0.0394172 0.0262862 0.037097 0.00325598 0.0018186 -0.000551747 0.00084186 -0.000977136 0.000716805 -0.0150693 0.004184 0.00282141 -0.0138669 0.0198799 0.00822639 0.00627896 0.00360376 0.0228731 0.0065024 -0.00624742 0.0106931 0.00304281
internal_weight=709.538 232.441 477.096 295.346 275.446 268.824 254.158 247.559 196.575 51.3849 43.6195 231.4 222.043 197.14 190.709 181.055 174.197 30.7674 143.43 17.7918 25.7985 24.9031 117.631 108.809 94.7509 14.058 89.0113 21.898 67.1133 38.7356
internal_count=35000 6611 28389 6267 4508 4202 4093 3686 2305 727 443 3586 3531 3408 3226 3142 2966 855 2111 212 956 123 1155 1090 987 103 815 247 568 428
is_linear=0
shrinkage=0.04


Tree=56
num_leaves=31
num_cat=0
split_feature=65 23 55 2 64 44 64 59 4 3 2 26 74 39 2 3 2 2 4 2 2 3 2 4 3 2 2 2 3 3
split_gain=157.509 110.351 96.2987 21.5038 13.3822 8.53981 12.8046 7.75095 6.97404 7.35886 7.14037 6.30919 4.48033 4.33389 3.46217 6.89717 5.05969 9.48368 6.13573 5.94901 6.27871 6.12047 7.81683 4.98564 3.8505 4.86775 9.08382 3.31121 3.01639 2.48658
threshold=1.5000000000000002 1.0000000180025095e-35 6.5000000000000009 22155.725827163613 6.5000000000000009 1.0000000180025095e-35 1.5000000000000002 7.5000000000000009 2.5000000000000004 17.500000000000004 338.8631944444445 1.0000000180025095e-35 1.0000000180025095e-35 1.0000000180025095e-35 3254.1927234080563 6.5000000000000009 5799.9373521815287 6236.2064283236114 4.5000000000000009 9665.7476402156954 10071.812916666668 9.5000000000000018 17383.022917417504 4.5000000000000009 12.500000000000002 21765.907188560697 9774.9001388888901 21874.893428125004 5.5000000000000009 14.500000000000002
decision_type=2 2 2 2 2 2 2 2 2 2 2 2 2 2 2 2 2 2 2 2 2 2 2 2 2 2 2 2 2 2
left_child=1 -1 5 7 -4 6 11 8 12 10 29 -2 27 14 15 23 28 -18 19 -19 -21 22 -22 -12 25 26 -20 -3 -16 -10
right_child=2 3 4 -5 -6 -7 -8 -9 9 -11 13 -13 -14 -15 16 -17 17 18 24 20 21 -23 -24 -25 -26 -27 -28 -29 -30 -31
leaf_value=-0.038729085759274508 -0.038336759394168862 0.0078674561606951066 -0.03917099663439675 -0.038518097154063451 0.034725816116262041 0.041627791475099096 0.041389635249767763 -0.036137794962184062 -0.03284741458754234 -0.021040944483338205 -0.033458930108851287 0.024723345343391708 0.035431075684150638 0.034482364917830403 0.0017464511172311037 0.025957742727708916 0.059979365274069947 -0.039947548890819355 0.023688505140492935 0.045304144775281385 -0.034559631421938138 -0.032501995752617086 0.024878543084732217 0.012885032988662512 0.027703323641577741 0.028729361327083116 -0.032077458755881569 0.036719256947051727 -0.038326595145460031 0.0094714624770841395
leaf_weight=174.94379116315395 6.8260868471115845 81.487536958418787 33.546254354529083 19.166232008486986 3.6454078853130332 166.78525530174375 11.112883128225802 6.4042985159903756 9.7713524512946588 21.311892711557448 5.9169040517881495 2.9387221187353134 12.348216203972695 7.239359699189662 4.6804726151749474 25.697991494089365 3.5369303682819 7.8704360285773864 6.9990497874096098 2.8836492849513915 4.1351519897580173 9.6319216378033143 10.533124962821601 7.184763983823359 13.546598536893724 6.4585888013243666 10.405229168012736 6.0434033125638953 6.9970857566222548 2.3173838974907985
leaf_count=22122 352 1001 4213 1759 42 1860 121 306 424 643 84 23 100 56 78 253 40 150 78 24 178 239 122 76 152 29 233 37 124 81
internal_value=-0.000469255 -0.0136959 0.0269702 0.00135384 -0.0312083 0.0386044 0.0136531 0.00427916 0.00537985 0.000364305 0.00361504 -0.0188251 0.0136851 0.00633252 0.00446342 0.0142476 2.18671e-05 0.00387684 0.000359325 -0.0114967 -0.00213437 -0.00933195 0.00698599 -0.00893307 0.0114791 0.00152498 -0.00958284 0.0102517 -0.0233941 -0.0246311
internal_weight=692.366 467.511 224.855 292.568 37.1917 187.663 20.8777 273.401 266.997 167.118 145.806 9.76481 99.8792 133.717 126.478 38.7997 87.6782 76.0007 72.4638 35.0543 27.1838 24.3002 14.6683 13.1017 37.4095 23.8629 17.4043 87.5309 11.6776 12.0887
internal_count=35000 28389 6611 6267 4255 2356 496 4508 4202 3064 2421 375 1138 1916 1860 413 1447 1245 1205 713 563 539 300 160 492 340 311 1038 202 505
is_linear=0
shrinkage=0.04


Tree=57
num_leaves=31
num_cat=0
split_feature=64 13 6 33 61 8 2 8 34 49 4 4 40 2 59 2 2 2 46 3 3 3 3 2 0 4 2 3 3 2
split_gain=149.162 71.5996 44.6277 44.2138 42.9919 41.8439 20.8644 11.9865 10.6242 10.546 7.79925 6.96271 6.63352 5.40819 4.08574 3.30725 4.63531 4.94902 3.24421 4.40294 4.38817 3.02571 3.79827 4.19087 2.86553 2.69358 5.27512 6.50854 8.48467 4.99649
threshold=1.5000000000000002 19696.930443163335 1.0000000180025095e-35 7.5000000000000009 1.5000000000000002 1.0000000180025095e-35 22155.725827163613 1.5000000000000002 1.0000000180025095e-35 2.5000000000000004 2.5000000000000004 3.5000000000000004 1.5000000000000002 338.8631944444445 1.0000000180025095e-35 21765.907188560697 10436.097361111113 9665.7476402156954 1.0000000180025095e-35 14.500000000000002 11.500000000000002 4.5000000000000009 11.500000000000002 577.67933032486121 46949.500000000007 5.5000000000000009 4586.5165277777787 5.5000000000000009 7.5000000000000009 7673.2525000000014
decision_type=2 2 2 2 2 2 2 2 2 2 2 2 2 2 2 2 2 2 2 2 2 2 2 2 2 2 2 2 2 2
left_child=1 2 5 -3 7 6 8 -2 9 10 14 15 -7 -13 -1 16 17 21 19 20 25 -12 -23 -24 -22 26 -15 -28 -29 -30
right_child=4 3 -4 -5 -6 12 -8 -9 -10 -11 11 13 -14 18 -16 -17 -18 -19 -20 -21 24 22 23 -25 -26 -27 27 28 29 -31
leaf_value=0.0091366724860614222 0.040592369282427987 -0.039213807018784096 0.04142778138569285 0.038155074139772281 0.044261800619265629 -0.039175288310508101 -0.038544885224964728 -0.03764498169825848 0.038457885050546585 -0.038758575450846058 -0.039084894364702617 -0.025354463961982834 0.020847435162371055 0.013659366806374664 0.032613595825508081 0.024199699495116654 -0.041031103929187358 0.034241069621296888 0.028031873375254979 -0.011853544191306405 0.045844697750081674 0.01034784616600245 0.011211328353659929 -0.039024312506760604 0.01228943378782728 0.014410847032347174 -0.040798109089516671 0.040770272267923138 0.01789847043474458 -0.037919963435050184
leaf_weight=79.08417828194797 3.0746324658393887 142.54121235944331 35.318650885485113 12.092728544957934 123.50993309170008 54.398836117703468 18.861207301728427 14.114189770538358 12.547995651140807 8.7330825435928983 5.6273215850815239 8.7420382201671583 2.5132827647030345 15.924677205272017 13.331971540115772 2.2512962371110907 9.918163847178219 2.6822749990969887 8.5786318611353618 21.975159106776118 5.7598080374300507 9.5675408253446239 3.4188824249431473 7.0321555538102984 13.125247305259107 19.085931139998138 8.7131146807223576 4.7064161710441104 3.1686684750020486 6.4991516005247831
leaf_count=827 18 18330 644 174 1435 6179 1779 1847 144 567 144 406 60 157 131 12 350 26 57 466 50 170 144 140 150 210 175 65 28 115
internal_value=-0.000462806 -0.0100916 -0.00076314 -0.0329571 0.0360445 -0.0051737 0.00103491 -0.022188 0.00392678 0.00210482 0.00368608 -0.00175494 -0.0362104 0.00323941 0.0128363 -0.0158275 -0.0187402 -0.00980285 0.00577609 0.00358562 0.00808829 -0.0155215 -0.00735333 -0.0230466 0.0243144 0.00249173 -0.00355391 -0.0155011 0.00148933 -0.0196624
internal_weight=676.898 536.2 381.566 154.634 140.699 346.247 289.335 17.1888 270.474 257.926 249.193 156.776 56.9121 116.279 92.4161 40.4976 38.2463 28.3282 107.537 98.9582 76.983 25.6459 20.0186 10.451 18.8851 58.098 39.012 23.0874 14.3742 9.66782
internal_count=35000 31700 13196 18504 3300 12552 6313 1865 4534 4390 3823 2865 6239 1879 958 986 974 624 1473 1416 950 598 454 284 200 750 540 383 208 143
is_linear=0
shrinkage=0.04


Tree=58
num_leaves=31
num_cat=0
split_feature=65 49 23 2 59 6 39 8 46 60 49 33 2 2 2 48 2 2 2 2 33 0 60 4 3 27 0 2 2 0
split_gain=142.38 105.035 103.424 19.6793 7.18141 7.14699 6.35328 7.02567 6.2395 6.192 13.8605 5.64349 5.11226 5.8686 6.17062 6.76869 5.44284 7.80334 6.01768 5.90621 3.87857 3.79185 3.59673 2.96958 3.04451 2.85751 2.64795 2.67124 6.46304 2.88174
threshold=1.5000000000000002 4.5000000000000009 1.0000000180025095e-35 22155.725827163613 7.5000000000000009 1.5000000000000002 1.0000000180025095e-35 1.0000000180025095e-35 1.0000000180025095e-35 23.500000000000004 2.5000000000000004 1.0000000180025095e-35 21625.533667062227 19828.037558917644 19207.724171741949 1.0000000180025095e-35 10575.515585078336 17199.960231911533 17806.777767565003 599.11082854875019 2.5000000000000004 182904.50000000003 11.500000000000002 5.5000000000000009 12.500000000000002 1.0000000180025095e-35 14908.500000000002 9665.7476402156954 7836.8212339709735 376981.00000000006
decision_type=2 2 2 2 2 2 2 2 2 2 2 2 2 2 2 2 2 2 2 2 2 2 2 2 2 2 2 2 2 2
left_child=2 9 -1 4 6 -3 7 8 11 10 22 12 13 14 15 16 19 -18 -19 21 -12 -4 25 24 -14 -2 -21 28 -28 -29
right_child=1 5 3 -5 -6 -7 -8 -9 -10 -11 20 -13 23 -15 -16 -17 17 18 -20 26 -22 -23 -24 -25 -26 -27 27 29 -30 -31
leaf_value=-0.03858225183566736 -0.0014352911465866989 -0.039295162755877355 -0.0014731499278880897 -0.038340567649536056 -0.035817171019766385 0.029339773804096209 0.030504918492620912 -0.035576130671244349 0.028367990793692167 0.043702962290167367 -0.039100156223642608 0.032232558297519712 -0.011829242620682147 -0.03615996972302693 0.030188793855968385 -0.038155714053856496 -0.037859149002259895 0.015888126307510578 -0.034051856676629966 0.027508560727415469 0.02246821461043632 -0.032935969959196065 0.043815051300669962 0.03440142950037231 0.022259462232039468 0.036838811854658052 0.0059537925118405416 0.0040956774160072328 -0.03537833230592867 0.039454809748426654
leaf_weight=162.2848816732876 7.1742745637893659 34.046869074460119 16.39460238348693 17.78953719092533 6.0781261539086691 1.9021268188953389 13.813891880214213 6.1602076971903434 15.552949965000151 133.01723043061793 5.3358551934361449 9.0483919903635961 7.1063618585467339 6.1698386045172802 9.7186954580247384 6.5374886030331245 12.2613891530782 13.380654521286489 4.2821283526718608 8.8877899851649982 1.4729987764731047 8.883754085749386 23.540102517232299 9.7822376787662506 7.8204136192798615 4.4285202622413635 88.920682160183787 7.967837776988743 5.4968624971806994 6.3122710287570953
leaf_count=22122 85 4404 526 1759 306 20 109 407 100 1625 168 55 42 182 84 176 643 82 130 65 18 430 246 42 39 45 815 67 172 36
internal_value=-0.000453873 0.0265963 -0.013145 0.00125428 0.00398911 -0.0349678 0.00503531 0.00351619 0.00464191 0.039372 0.024942 0.00291396 0.00156726 -0.000637706 0.000705806 -0.0010506 0.000564757 -0.0146633 0.00260494 0.00383416 -0.0246091 -0.0133629 0.0349577 0.0183348 0.00630671 0.014937 0.00761268 0.00574994 0.00320194 0.0212848
internal_weight=661.569 210.918 450.651 288.366 270.577 35.949 264.498 250.685 244.524 174.969 41.9518 228.971 219.923 195.214 189.044 179.325 172.788 29.9242 17.6628 142.864 6.80885 25.2784 35.1429 24.709 14.9268 11.6028 117.585 108.698 94.4175 14.2801
internal_count=35000 6611 28389 6267 4508 4424 4202 4093 3686 2187 562 3586 3531 3408 3226 3142 2966 855 212 2111 186 956 376 123 81 130 1155 1090 987 103
is_linear=0
shrinkage=0.04


Tree=59
num_leaves=31
num_cat=0
split_feature=64 13 33 61 75 23 2 2 12 2 40 32 39 62 46 50 4 3 2 4 2 2 3 3 0 0 3 2 0 3
split_gain=135.972 67.029 40.7318 39.132 35.7361 31.1695 30.6295 17.4727 11.2715 8.8257 6.61681 6.2609 5.92945 5.46719 5.34535 5.13629 4.10987 5.94589 3.72202 3.45315 3.59487 3.48859 4.47973 6.21748 3.24099 2.99702 2.87448 2.67192 3.7395 3.62027
threshold=1.5000000000000002 19696.930443163335 7.5000000000000009 1.5000000000000002 1.0000000180025095e-35 1.0000000180025095e-35 2268.0701388888892 22155.725827163613 7227.5000000000009 599.11082854875019 1.5000000000000002 1.0000000180025095e-35 1.0000000180025095e-35 1.5000000000000002 1.0000000180025095e-35 1.0000000180025095e-35 2.5000000000000004 18.500000000000004 206.69289758611114 3.5000000000000004 21765.907188560697 10436.097361111113 4.5000000000000009 11.500000000000002 37072.000000000007 182904.50000000003 17.500000000000004 3128.9712500000005 1340535.0000000002 7.5000000000000009
decision_type=2 2 2 2 2 2 2 2 2 2 2 2 2 2 2 2 2 2 2 2 2 2 2 2 2 2 2 2 2 2
left_child=1 4 -3 8 5 10 18 9 -2 25 -1 -8 13 14 15 16 -11 19 -6 20 21 22 -18 -24 -19 26 -7 29 -29 -21
right_child=3 2 -4 -5 6 7 11 -9 -10 12 -12 -13 -14 -15 -16 -17 17 24 -20 27 -22 -23 23 -25 -26 -27 -28 28 -30 -31
leaf_value=-0.038880349706814525 0.03978268174290038 -0.039105303230840729 0.037517387089613767 0.043873449324968998 0.003339981617983549 0.00025935738296166156 0.024234027664552588 -0.03825321541762202 -0.037430466430279183 0.011652770266817016 0.023753146050759424 -0.043681673101872223 0.037862409468287693 -0.02720080231684607 0.029288588346447861 -0.034894208749238355 -0.035717329001298974 0.0094265089376006413 0.046963146742312965 -0.002466411069473185 0.032504493901338541 -0.037153512604918441 0.027837904895182265 -0.028191680852322813 -0.035937728062928387 -0.034174514767637859 -0.035832039952533548 -0.0015535045058429986 0.028243309092383328 0.030625614498830861
leaf_weight=45.04887504549697 2.9728835746645954 132.17167921783403 11.327244412153957 115.12086860090494 3.5591639373451462 15.730107489973312 2.0967033989727488 17.38145041000098 13.09316504281014 72.914335438981652 2.2244843896478406 8.6780243501998466 7.4123142361640921 7.8721885173581532 12.448883157223461 4.5205896263942114 4.0693243648856976 2.846836236305534 40.237285719253123 8.1556135751307028 1.9256605356931675 6.6482569575309745 8.0375972799956781 3.9328324478119603 9.4938660459592921 10.538407990708945 3.5474131288938215 52.084594724699855 6.7263685707002869 13.35061317309737
leaf_count=5637 18 18330 174 1435 69 542 19 1817 1847 617 53 557 60 457 159 195 82 63 522 50 10 263 95 66 264 550 148 763 62 76
internal_value=-0.00045096 -0.00972325 -0.0328392 0.0357461 -0.000729634 -0.00590081 0.0288666 -0.000599046 -0.0216489 0.00213628 -0.0355021 -0.0295299 0.00489594 0.00358953 0.00488466 0.00318268 0.00426552 -0.000387243 0.0435718 0.00278544 -0.0100572 -0.0148894 -0.00402235 0.00867534 -0.0255506 -0.0179428 -0.00782167 0.00679642 0.00226967 0.0185244
internal_weight=646.168 514.981 143.499 131.187 371.482 316.911 54.5712 269.637 16.066 252.256 47.2734 10.7747 222.44 215.028 207.155 194.706 190.186 117.272 43.7964 104.931 24.6137 22.688 16.0398 11.9704 12.3407 29.8159 19.2775 80.3172 58.811 21.5062
internal_count=35000 31700 18504 3300 13196 12029 1167 6339 1865 4522 5690 576 3282 3222 2765 2606 2411 1794 591 1467 516 506 243 161 327 1240 690 951 825 126
is_linear=0
shrinkage=0.04


Tree=60
num_leaves=31
num_cat=0
split_feature=64 13 6 33 61 8 2 8 34 49 2 52 40 50 3 0 2 2 33 2 37 0 59 37 2 2 0 2 2 2
split_gain=129.696 64.6162 39.1801 39.1114 37.4365 37.2117 18.2524 10.8525 9.37264 9.36876 6.32339 6.52207 6.00265 5.0057 3.53285 3.50856 5.51105 3.52885 2.96707 2.59803 5.41879 2.48206 2.20249 3.02994 1.85287 7.3828 4.81184 4.76715 6.28005 6.21824
threshold=1.5000000000000002 19696.930443163335 1.0000000180025095e-35 7.5000000000000009 1.5000000000000002 1.0000000180025095e-35 22155.725827163613 1.5000000000000002 1.0000000180025095e-35 2.5000000000000004 206.69289758611114 1.0000000180025095e-35 1.5000000000000002 1.0000000180025095e-35 18.500000000000004 49797.500000000007 21625.533667062227 4806.1953167319452 1.0000000180025095e-35 2153.6343055555558 1.0000000180025095e-35 21494.000000000004 9.5000000000000018 1.0000000180025095e-35 19207.724171741949 19652.109059717921 67511.500000000015 10191.165492144446 17199.960231911533 17806.777767565003
decision_type=2 2 2 2 2 2 2 2 2 2 2 2 2 2 2 2 2 2 2 2 2 2 2 2 2 2 2 2 2 2
left_child=1 2 5 -3 7 6 8 -2 9 10 21 13 -7 14 18 17 -17 -16 24 22 -21 -1 23 -4 27 -26 -27 -12 -29 -30
right_child=4 3 19 -5 -6 12 -8 -9 -10 -11 11 -13 -14 -15 15 16 -18 -19 -20 20 -22 -23 -24 -25 25 26 -28 28 29 -31
leaf_value=0.014627826406467604 0.03921727887990311 -0.039011383722397278 0.026359533535781625 0.037131956719388882 0.043686323466088174 -0.038889046868455499 -0.038261343502849224 -0.037321043481048699 0.037130338267056612 -0.038247286102565281 0.0064134134895317057 0.027232873860033032 0.019772108793656623 -0.031655679839354627 0.037712572096194642 -0.025733051920199205 0.025468128933687325 -0.0097501803994465962 0.0299044988712775 0.03447818826340502 -0.02825718188864882 -0.0383233044037583 0.03807143190295989 0.10388829622600369 0.049180030583154524 -0.025300769540989646 0.012947961600430354 -0.028778573573639693 0.019786324057344935 -0.033329096366737795
leaf_weight=1.1753095500171173 2.9107907563447943 127.29116244195029 2.3377749770879772 11.003970374353228 111.07532819360495 48.912973218597472 16.869980776216835 12.618796041235326 11.631751712877302 8.0148116392083448 115.69676023256034 17.624019293114543 2.3707444453611961 5.645458197221159 3.5254532136023062 18.33608788531274 3.2325890958309165 4.9150212779641151 6.7821287848055354 9.0205409508198482 2.0070700594224027 6.7865154752507806 17.106217463500798 2.0875932388007641 6.1423721387982395 6.1595182595774558 18.944042624905705 15.01660722307861 12.488515540957453 3.7984453169628969
leaf_count=53 18 18330 21 174 1435 6179 1779 1847 144 567 1458 135 60 205 52 400 16 88 42 83 213 329 249 78 46 74 175 571 72 107
internal_value=-0.000449269 -0.00953788 -0.000724516 -0.0327297 0.0355885 -0.00484959 0.000879091 -0.0214704 0.00349625 0.0018183 0.00327164 0.00449447 -0.035851 0.0025639 0.00360465 -0.00892596 -0.0172709 0.0119691 0.005674 0.0404835 0.0216601 -0.0297467 0.048735 0.07534 0.00459036 0.013284 0.00295337 0.0026652 -0.0109578 0.00618734
internal_weight=631.528 504.923 366.628 138.295 126.605 334.069 282.785 15.5296 265.915 254.284 246.269 238.307 51.2837 220.683 215.038 30.0092 21.5687 8.44047 185.028 32.5592 11.0276 7.96183 21.5316 4.42537 178.246 31.2459 25.1036 147 31.3036 16.287
internal_count=35000 31700 13196 18504 3300 12552 6313 1865 4534 4390 3823 3441 6239 3306 3101 556 416 140 2545 644 296 382 348 99 2503 295 249 2208 750 179
is_linear=0
shrinkage=0.04


Tree=61
num_leaves=31
num_cat=0
split_feature=64 13 33 6 61 8 2 8 34 55 2 46 40 50 3 0 2 2 33 71 59 38 0 30 2 2 0 2 2 2
split_gain=123.604 62.388 37.554 37.2624 35.8223 35.671 17.4679 10.4508 8.8973 8.95781 5.98451 6.11743 5.82544 4.7523 3.25555 3.30477 5.21684 3.26557 2.80786 2.6387 4.00612 2.63978 2.4216 1.87809 1.71667 6.72816 4.50209 4.66077 4.44423 5.95384
threshold=1.5000000000000002 19696.930443163335 7.5000000000000009 1.0000000180025095e-35 1.5000000000000002 1.0000000180025095e-35 22155.725827163613 1.5000000000000002 1.0000000180025095e-35 2.5000000000000004 206.69289758611114 1.0000000180025095e-35 1.5000000000000002 1.0000000180025095e-35 18.500000000000004 49797.500000000007 21625.533667062227 4806.1953167319452 1.0000000180025095e-35 1.0000000180025095e-35 14.500000000000002 1.0000000180025095e-35 21494.000000000004 1.0000000180025095e-35 19207.724171741949 19652.109059717921 67511.500000000015 21625.533667062227 10191.165492144446 17199.960231911533
decision_type=2 2 2 2 2 2 2 2 2 2 2 2 2 2 2 2 2 2 2 2 2 2 2 2 2 2 2 2 2 2
left_child=1 3 -3 5 7 6 8 -2 9 10 22 13 23 14 18 17 -17 -16 24 20 -5 -21 -1 -7 28 -26 -27 -28 -12 -30
right_child=4 2 -4 19 -6 12 -8 -9 -10 -11 11 -13 -14 -15 15 16 -18 -19 -20 21 -22 -23 -24 -25 25 26 27 -29 29 -31
leaf_value=0.014201964201143322 0.038668458454715275 -0.038912989704374179 0.03674267550302223 -0.02919859337312394 0.043506480020034044 -0.040050015174349717 -0.03816295419072134 -0.037209130578600667 0.036472208375239429 -0.038047222447755012 0.0061369156862601569 0.026469511464875958 0.019338636593962479 -0.031229784443294027 0.036079428320986678 -0.025198341333412273 0.024733802740643018 -0.0094744342529551554 0.029131121781801297 0.030111240987831189 0.030739526186837091 0.060809119210568155 -0.03809652378082052 0.0056295943154889491 0.046656120822000983 -0.024722973175963798 -0.019237297447482597 0.023482696316070913 -0.028349430492320582 0.0059067292805340243
leaf_weight=1.1917782593518484 2.8494562804698935 122.60558348987252 10.69264938123524 1.5721607804298425 107.15630629658699 45.916426252573729 16.251980176661164 12.162691746372728 11.390941732097415 7.745382295921444 116.10951002221555 17.439628708176315 2.3497739830054334 5.5099461153149596 3.5817234702408332 18.004188448190693 3.2252578213810912 4.8854597164317966 6.7116876915097228 13.318636693991722 5.5060000754892826 11.42588976304978 6.5642852783203125 1.247836582828312 6.2671313099563148 6.0764057813212302 4.7298984555527595 14.272347658872603 14.6566379647702 16.272800145670772
leaf_count=53 18 18330 174 129 1435 6100 1779 1847 144 567 1458 135 60 205 52 400 16 88 42 251 108 156 329 79 46 74 107 68 571 179
internal_value=-0.00043292 -0.00932975 -0.0326158 -0.000694284 0.0354359 -0.00471884 0.000843392 -0.0212913 0.00337353 0.00174715 0.0031519 0.00433096 -0.0356647 0.00246674 0.00347185 -0.0086271 -0.0168411 0.011571 0.00544892 0.0399616 0.0154599 0.0460975 -0.0293563 -0.0387497 0.00440046 0.0127533 0.0028168 0.012419 0.00254568 -0.0107058
internal_weight=617.69 495.522 133.298 362.224 122.168 330.401 280.887 15.0121 264.635 253.244 245.499 237.743 49.514 220.303 214.793 29.6966 21.2294 8.46718 185.096 31.8227 7.07816 24.7445 7.75606 47.1643 178.385 31.3458 25.0787 19.0022 147.039 30.9294
internal_count=35000 31700 18504 13196 3300 12552 6313 1865 4534 4390 3823 3441 6239 3306 3101 556 416 140 2545 644 237 407 382 6179 2503 295 249 175 2208 750
is_linear=0
shrinkage=0.04


Tree=62
num_leaves=31
num_cat=0
split_feature=64 13 33 61 2 75 2 23 8 2 40 32 4 4 3 3 2 3 2 62 2 2 3 3 0 0 3 3 4 3
split_gain=117.844 60.1841 36.0569 34.2849 30.6107 28.0653 21.6948 21.5615 10.0654 7.77748 6.08129 5.51011 5.39121 5.66155 5.78237 4.379 5.03562 4.01148 3.57623 3.38706 3.18493 6.99488 3.33002 3.23635 3.02868 2.92269 2.90173 3.72557 2.89414 8.26307
threshold=1.5000000000000002 19696.930443163335 7.5000000000000009 1.5000000000000002 22155.725827163613 1.0000000180025095e-35 2268.0701388888892 1.0000000180025095e-35 1.5000000000000002 599.11082854875019 1.5000000000000002 1.0000000180025095e-35 2.5000000000000004 3.5000000000000004 11.500000000000002 10.500000000000002 21765.907188560697 1.0000000180025095e-35 206.69289758611114 1.5000000000000002 17199.960231911533 10575.515585078336 8.5000000000000018 1.0000000180025095e-35 14908.500000000002 182904.50000000003 13.500000000000002 9.5000000000000018 1.5000000000000002 12.500000000000002
decision_type=2 2 2 2 2 2 2 2 2 2 2 2 2 2 2 2 2 2 2 2 2 2 2 2 2 2 2 2 2 2
left_child=1 4 -3 8 5 7 18 10 -2 25 -1 -8 20 14 15 16 -14 -15 -7 24 21 23 -22 -11 -19 -9 27 -25 29 -24
right_child=3 2 -4 -5 -6 6 11 9 -10 12 -12 -13 13 17 -16 -17 -18 19 -20 -21 22 -23 28 26 -26 -27 -28 -29 -30 -31
leaf_value=-0.037738393832964359 0.03813518085195005 -0.038809854765406319 0.036349075187978905 0.043333503860077227 -0.03913867287084815 0.002565187427454276 0.023163867179447357 -0.0072857443661491451 -0.037094660095189011 0.039594615116383854 0.024730142059720434 -0.044377993201455274 -0.017213449759244371 -0.035832463086170295 -0.035905950293667173 0.041936273666311544 0.03798013633069857 0.030693185523349535 0.045834576827200227 -0.025674002819617098 0.0027365145026833427 -0.034371746506020241 0.044721469679298298 0.0066632182423262635 0.005037577153698446 -0.03376606729915977 0.018151473370786746 -0.028158587018431051 0.043547873564572875 -0.029083093809336644
leaf_weight=28.91936172358692 2.7889417111873618 118.10757717769593 10.393009533174334 103.36123918741941 29.308274842333049 3.455191313289105 1.9493650719523419 18.999852098058913 11.72415269911289 4.7709852443076661 2.0447145197540513 6.0316802780143917 15.501456082332888 2.8961346531286827 11.835933425929396 2.197015485726296 2.1833758205175391 7.1089834272861472 37.193192281760275 4.3099155528470865 9.3439099821262079 5.0403802725486448 4.1692673806101093 19.433150661643598 89.291154287755489 9.9545691823586804 20.72850443655625 5.4777945373207322 11.976586970034987 3.6455762181431055
leaf_count=3903 18 18330 174 1435 3789 69 18 690 1847 32 41 332 363 56 343 33 13 82 522 243 97 221 34 161 1232 550 177 63 79 53
internal_value=-0.000420752 -0.00913144 -0.0324973 0.035288 -0.000671814 0.00286896 0.030592 -0.00204061 -0.0211116 0.00192404 -0.0329686 -0.0271386 0.00451023 -0.000455922 -0.0149753 -0.00139217 -0.00873125 0.00408967 0.0423065 0.00557872 0.0123678 0.00653721 0.0228794 0.0112166 0.00722524 -0.017213 0.0074647 -0.00178515 0.0318002 0.0108986
internal_weight=604.141 486.267 128.501 117.874 357.766 328.458 48.6294 279.829 14.5131 248.865 30.9641 7.98105 219.91 135.324 31.7178 19.8818 17.6848 103.606 40.6484 100.71 84.5862 55.4508 29.1353 50.4104 96.4001 28.9544 45.6394 24.9109 19.7914 7.81484
internal_count=35000 31700 18504 3300 13196 9407 941 8466 1865 4522 3944 350 3282 2365 752 409 376 1613 591 1557 917 654 263 433 1314 1240 401 224 166 87
is_linear=0
shrinkage=0.04


Tree=63
num_leaves=31
num_cat=0
split_feature=64 13 33 6 8 61 2 8 34 49 4 4 42 2 59 2 2 3 3 2 2 71 59 38 0 2 27 2 3 46
split_gain=112.393 58.0102 34.6176 34.0851 32.8834 32.8203 15.9749 9.69564 8.07359 8.39147 6.34854 5.51388 5.29167 4.34156 3.53797 2.77328 4.38287 4.73338 4.75624 3.37949 3.27709 2.56927 3.70343 2.74362 2.44324 2.43602 2.39204 2.25173 2.84686 2.04545
threshold=1.5000000000000002 19696.930443163335 7.5000000000000009 1.0000000180025095e-35 1.0000000180025095e-35 1.5000000000000002 22155.725827163613 1.5000000000000002 1.0000000180025095e-35 2.5000000000000004 2.5000000000000004 3.5000000000000004 1.5000000000000002 338.8631944444445 1.0000000180025095e-35 21765.907188560697 10436.097361111113 4.5000000000000009 11.500000000000002 3128.9712500000005 577.67933032486121 1.0000000180025095e-35 14.500000000000002 1.0000000180025095e-35 24863.000000000004 7836.8212339709735 1.0000000180025095e-35 21765.907188560697 21.500000000000004 1.0000000180025095e-35
decision_type=2 2 2 2 2 2 2 2 2 2 2 2 2 2 2 2 2 2 2 2 2 2 2 2 2 2 2 2 2 2
left_child=1 3 -3 4 6 7 8 -2 9 10 14 15 26 -13 27 16 17 -12 19 -19 -20 22 -5 -23 25 -15 -6 28 -1 -26
right_child=5 2 -4 21 12 -7 -8 -9 -10 -11 11 13 -14 24 -16 -17 -18 18 20 -21 -22 23 -24 -25 29 -27 -28 -29 -30 -31
leaf_value=0.0078942725148598708 0.037616493987842642 -0.038701712919612323 0.035950745912482346 -0.028646701858442918 -0.0399350250868842 0.043167000334927284 -0.037957474056046922 -0.036977571579338987 0.035404428450761111 -0.037777283009598095 -0.03887492571517414 -0.024323583948340891 0.020600607067286482 0.029764417490619706 0.030608150895642439 0.021219927759089076 -0.040652003230146429 -0.0048135569944394267 0.012612619444373006 0.036911785084153277 -0.03184490826231251 0.029139785483831102 0.029778855911657815 0.060915167216721557 0.00015556320426241788 -0.0022731403701954714 0.0078209736097103917 0.031730036856157821 -0.023802995491765021 0.021321719748897607
leaf_weight=70.020286537706852 2.7293002977967253 113.79003648087382 10.104772195219992 1.5177553198300326 42.822115561924875 99.687495104968548 15.070192677900193 11.302503631450234 10.841426257975398 7.3782216142863026 5.555960243567827 8.0041260840371233 1.9822733784094442 9.9260148964822275 12.092777722980825 2.335359275341033 8.9386822027154249 5.5024629468098301 3.2312044054269773 5.5705535542219877 7.3667021254077554 12.777703699655833 5.2055683247745037 10.666800403501837 83.710010175127536 5.6150593319907776 1.4338332656770933 4.9443314075469962 3.8822032865136853 7.0051036644726983
leaf_count=755 18 18330 174 129 6114 1435 1779 1847 144 567 148 406 40 79 131 12 350 106 144 77 149 251 108 156 1252 94 85 23 49 48
internal_value=-0.000413371 -0.00894112 -0.032374 -0.000657786 -0.00449667 0.0351444 0.000761229 -0.0209312 0.00312489 0.00159616 0.00293773 -0.00204821 -0.0353435 0.00238605 0.0112444 -0.0149352 -0.017778 -0.00909423 -8.1135e-05 0.0174961 -0.0183714 0.039298 0.0145882 0.0454975 0.00460607 0.0187515 -0.0382492 0.00792838 0.00593361 0.00200469
internal_weight=591.011 477.292 123.895 353.397 323.229 113.719 276.991 14.0318 261.92 251.079 243.701 152.761 46.2382 114.26 90.9396 38.5009 36.1656 27.2269 21.6709 11.073 10.5979 30.1678 6.72332 23.4445 106.256 15.5411 44.2559 78.8468 73.9025 90.7151
internal_count=35000 31700 18504 13196 12552 3300 6313 1865 4534 4390 3823 2865 6239 1879 958 986 974 624 476 183 293 644 237 407 1473 173 6199 827 804 1300
is_linear=0
shrinkage=0.04


Tree=64
num_leaves=31
num_cat=0
split_feature=64 13 6 12 61 33 2 12 34 55 42 4 3 2 59 2 3 4 2 2 4 2 2 3 2 2 3 2 2 3
split_gain=107.163 55.9781 33.6863 33.8932 31.4244 28.3182 15.2934 9.34075 7.65921 8.02673 6.73024 5.87723 5.26977 5.23145 3.36662 3.14169 5.2437 4.74333 4.66604 8.60359 5.15043 6.37136 6.53846 4.8688 6.18899 3.48467 3.32503 3.58659 10.1175 3.01429
threshold=1.5000000000000002 35662.656432134034 1.0000000180025095e-35 1.0000000180025095e-35 1.5000000000000002 7.5000000000000009 22155.725827163613 7227.5000000000009 1.0000000180025095e-35 2.5000000000000004 1.5000000000000002 2.5000000000000004 17.500000000000004 338.8631944444445 1.0000000180025095e-35 3254.1927234080563 6.5000000000000009 4.5000000000000009 5799.9373521815287 6236.2064283236114 4.5000000000000009 9665.7476402156954 10071.812916666668 9.5000000000000018 17383.022917417504 19503.464444444446 12.500000000000002 9774.9001388888901 21625.533667062227 4.5000000000000009
decision_type=2 2 2 2 2 2 2 2 2 2 2 2 2 2 2 2 2 2 2 2 2 2 2 2 2 2 2 2 2 2
left_child=1 2 3 6 7 -3 8 -2 9 11 -5 14 13 -13 -1 16 17 -15 29 -20 21 -21 -23 24 -24 -26 27 -22 -29 -17
right_child=4 5 -4 10 -6 -7 -8 -9 -10 -11 -12 12 -14 15 -16 18 -18 -19 19 20 26 22 23 -25 25 -27 -28 28 -30 -31
leaf_value=0.0076035166497437426 0.037111521820427026 -0.03885495254997421 0.038087149898162566 -0.038328509430211384 0.043006600061714757 0.034642149726568476 -0.037853094926164572 -0.036857798857354428 0.034753569752226786 -0.037571298215972292 0.022965414497072959 -0.025230362232572287 -0.021246086045525484 -0.033055094970024679 0.029827856930019735 0.0055854057988497952 0.022867675657683155 0.012474969493445637 0.05545227511366304 -0.041043424860918762 0.02208148141392435 0.042754781638711388 -0.033931988609757345 -0.031853343928533902 0.04000676002768138 -0.0047700691055237842 0.024737333848032082 -0.040440940080637235 0.020387442901368485 -0.036358817813504508
leaf_weight=79.00624749623239 2.6705779135227194 104.48425283189863 31.219217232894152 47.004450686275959 96.132368557155132 8.350962605327366 14.521114509087054 10.897095266729592 10.625821001827715 7.1323787276633075 2.4112375383265308 10.272912158630787 18.790674885734916 5.4854442384093982 11.942020650953053 3.6249850895255786 25.355109276250005 7.5479066101834178 3.6412057131528845 7.8905490692704907 7.0015298882499364 3.4570358246564892 3.687719106674197 8.6872169189155084 5.4403117056936008 4.5562154287472367 13.287351780571042 7.7753398381173593 7.8376719877123833 7.8489348255097866
leaf_count=827 18 17514 727 6946 1435 151 1779 1847 144 567 49 507 605 70 131 63 236 73 37 152 70 25 175 222 53 65 145 204 35 128
internal_value=-0.000401366 -0.00874187 -0.000932726 -0.00478827 0.035005 -0.0331589 0.000728721 -0.0207501 0.00301248 0.00153188 -0.0349415 0.00282816 -0.00198386 0.000867354 0.0108144 0.00323054 0.0125656 -0.00767757 -0.00109578 0.0027195 -0.000784601 -0.0118327 -0.00171168 -0.0101184 0.00490926 0.0210205 0.00963124 8.3854e-05 -0.0105162 -0.0237218
internal_weight=578.586 468.886 356.051 324.831 109.7 112.835 275.416 13.5677 260.895 250.269 49.4157 243.136 152.188 133.397 90.9483 123.125 38.3885 13.0334 84.7361 73.2621 69.6209 33.719 25.8285 22.3715 13.6842 9.99653 35.9019 22.6145 15.613 11.4739
internal_count=35000 31700 14035 13308 3300 17665 6313 1865 4534 4390 6995 3823 2865 2260 958 1753 379 143 1374 1183 1146 692 540 515 293 118 454 309 239 191
is_linear=0
shrinkage=0.04


Tree=65
num_leaves=31
num_cat=0
split_feature=64 13 6 8 61 33 2 19 34 49 40 4 4 2 59 2 49 2 2 2 2 2 46 59 2 2 0 4 2 2
split_gain=102.228 53.9518 31.7565 32.4655 30.0938 27.293 14.6413 9.00007 7.26401 7.67846 6.65821 5.43495 4.96591 3.87749 3.20567 3.07393 5.42794 2.64111 4.29343 4.38657 2.71095 2.35295 2.30233 2.18742 2.16758 2.14743 3.47348 3.3902 2.90448 9.54872
threshold=1.5000000000000002 35662.656432134034 1.0000000180025095e-35 1.0000000180025095e-35 1.5000000000000002 8.5000000000000018 22155.725827163613 1.0000000180025095e-35 1.0000000180025095e-35 2.5000000000000004 1.5000000000000002 2.5000000000000004 3.5000000000000004 338.8631944444445 1.0000000180025095e-35 2153.6343055555558 1.0000000180025095e-35 21765.907188560697 10436.097361111113 9665.7476402156954 5952.011670465834 3128.9712500000005 1.0000000180025095e-35 5.5000000000000009 21765.907188560697 2268.0701388888892 369517.00000000006 4.5000000000000009 19503.464444444446 17383.022917417504
decision_type=2 2 2 2 2 2 2 2 2 2 2 2 2 2 2 2 2 2 2 2 2 2 2 2 2 2 2 2 2 2
left_child=1 2 3 6 7 -3 8 -2 9 11 -5 14 17 -14 24 23 -17 18 19 20 21 -13 25 -4 -1 26 -15 28 29 -27
right_child=4 5 15 10 -6 -7 -8 -9 -10 -11 -12 12 13 22 -16 16 -18 -19 -20 -21 -22 -23 -24 -25 -26 27 -28 -29 -30 -31
leaf_value=0.0053506833331029681 0.036619455558640747 -0.03846963192329482 0.080468635478112768 -0.038429421690236165 0.042851955345549107 0.037735307726736132 -0.037746585649835636 -0.036735292273435673 0.034102552762651783 -0.037362975904112007 0.02020734109883477 -0.014691356175457472 -0.023492788856916233 0.019628224221487963 0.02905837152098938 0.03198197707113476 -0.029214458595930255 0.0208395715487192 -0.040357580165612444 0.03242664318012016 -0.03792144609365735 0.015190268515144991 0.023690645564298587 0.037372745742681276 0.030751454887219209 -0.018570937692536663 -0.018353596082552985 0.0051800631410527419 -0.039453548157763037 0.045921620498786675
leaf_weight=74.387813715264201 2.6128134205937359 101.44754668185487 2.5533223175443771 45.011575364042073 92.693105250597 7.332813434302806 13.99308130238205 10.50730173336342 10.418845148757098 6.8956230799667528 2.7207399159669867 14.121158146299431 7.6695809848606578 19.546287412755195 11.7973813759163 8.0090396665036661 2.2549074199050656 2.3462458103895178 8.5264215376228076 2.722154000774025 4.998369062319397 4.9355755383148781 8.0171556808054429 17.759677750989795 4.8821081221103659 16.955117230303593 3.9079980347305527 49.612152118701488 4.1976720020174971 3.6293296050280324
leaf_count=804 18 17548 74 6919 1435 117 1779 1847 144 567 76 368 406 172 131 83 255 12 350 26 131 99 57 315 23 361 65 721 52 45
internal_value=-0.000395782 -0.00855432 -0.000913713 -0.00466188 0.0348694 -0.0330358 0.000693919 -0.0205682 0.00290313 0.00146732 -0.0347411 0.00272167 -0.00193237 0.00226487 0.0103851 0.0373712 0.0171376 -0.0143205 -0.0171669 -0.00859542 -0.0143465 -0.0065807 0.00433329 0.0463112 0.00727869 0.00252364 0.0128079 -0.000845548 -0.0126415 -0.00559927
internal_weight=566.463 460.65 351.869 321.292 105.813 108.78 273.56 13.1201 259.567 249.148 47.7323 242.253 151.185 113.535 91.0673 30.5769 10.2639 37.6499 35.3037 26.7773 24.0551 19.0567 105.866 20.313 79.2699 97.8486 23.4543 74.3943 24.7821 20.5844
internal_count=35000 31700 14035 13308 3300 17665 6313 1865 4534 4390 6995 3823 2865 1879 958 727 338 986 974 624 598 467 1473 389 827 1416 237 1179 458 406
is_linear=0
shrinkage=0.04


Tree=66
num_leaves=31
num_cat=0
split_feature=64 13 6 8 61 33 8 34 49 40 4 3 59 4 71 59 39 0 3 4 27 0 0 0 3 4 4 3 3 3
split_gain=97.477 52.0238 30.192 31.1088 28.8249 26.2638 8.67296 7.52204 8.51027 6.45198 5.62441 5.01776 3.39165 3.36001 2.45647 4.29016 3.19624 2.44776 2.17936 2.93409 2.0856 1.92785 2.96812 2.47895 1.82529 2.55603 1.67782 1.70355 3.30255 2.44564
threshold=1.5000000000000002 35662.656432134034 1.0000000180025095e-35 1.0000000180025095e-35 1.5000000000000002 7.5000000000000009 1.5000000000000002 1.0000000180025095e-35 2.5000000000000004 1.5000000000000002 2.5000000000000004 17.500000000000004 1.0000000180025095e-35 3.5000000000000004 1.0000000180025095e-35 14.500000000000002 1.0000000180025095e-35 24863.000000000004 6.5000000000000009 4.5000000000000009 1.0000000180025095e-35 66583.000000000015 103135.00000000001 259881.50000000003 8.5000000000000018 5.5000000000000009 1.0000000180025095e-35 9.5000000000000018 7.5000000000000009 13.500000000000002
decision_type=2 2 2 2 2 2 2 2 2 2 2 2 2 2 2 2 2 2 2 2 2 2 2 2 2 2 2 2 2 2
left_child=1 2 3 7 6 -3 -2 8 10 20 12 13 26 -12 15 -4 -16 -15 19 -19 -5 -21 -23 -24 25 -20 27 28 -1 -29
right_child=4 5 14 9 -6 -7 -8 -9 -10 -11 11 -13 -14 17 16 -17 -18 18 24 21 -22 22 23 -25 -26 -27 -28 29 -30 -31
leaf_value=-0.0047904841704666679 0.036139554189392527 -0.03864723406951167 -0.029737214177796234 -0.039794068976350364 0.042702732459089739 0.034060535168616825 -0.036609998578084918 0.03252624538052417 -0.037884968532529116 0.019744348136666007 -0.011920245469697274 -0.022160135147434951 0.02758791439445241 0.01672832223593421 0.01746351693643922 0.030078066598767769 0.053823920002152865 -0.023996236210179499 0.0027986865602666034 -0.021662930785950468 0.0071462344273136103 0.042613185381544766 -0.02164743374045024 0.011299559486891445 0.00056044993931285631 0.038860374314610986 0.0094142757299167032 -0.036508523749286169 0.035572358316991022 -0.0013599679468510675
leaf_weight=10.466207355260851 2.5560394003987303 96.992790708784014 1.7246137391775871 42.135341997724026 89.366920810192823 7.8916837200522414 10.132520539220421 10.362804088275878 8.49984103720635 2.6970933666452757 33.836659253574908 19.946681445464492 11.791422039270399 15.167438015341757 6.8070402326993671 6.1980296126566827 15.096753553021697 11.241977608297022 8.0990937408059818 3.7463711840100613 1.2792981141246844 2.0927651748061171 4.7331747766584149 9.0779534247703833 46.614406846929342 4.3253805185668162 53.914435788989067 3.5187024474143973 3.5806896425783625 10.868201624602078
leaf_count=163 18 17514 161 6835 1435 151 1847 165 849 76 1117 851 150 221 195 140 231 314 153 84 84 43 109 178 856 67 702 79 43 169
internal_value=-0.000381305 -0.00835734 -0.0008815 -0.00453202 0.0347373 -0.0329066 -0.0203855 0.000665299 -0.000716284 -0.0345401 0.000676562 -0.00390859 0.00837478 -0.00114861 0.0369231 0.0151839 0.04378 0.002399 -0.000175121 -0.00862345 -0.0382811 0.000907503 0.00719127 -0.000690838 0.00431549 0.0173125 0.00532567 -0.00248334 0.00717871 -0.0117705
internal_weight=554.762 452.707 347.822 317.996 102.055 104.884 12.6886 271.884 261.521 46.1117 253.022 158.882 94.1397 138.935 29.8264 7.92264 21.9038 105.099 89.9311 30.8922 43.4146 19.6503 15.9039 13.8111 59.0389 12.4245 82.3482 28.4338 14.0469 14.3869
internal_count=35000 31700 14035 13308 3300 17665 1865 6313 6148 6995 5299 3993 1306 3142 727 301 426 2025 1804 728 6919 414 330 287 1076 220 1156 454 206 248
is_linear=0
shrinkage=0.04


Tree=67
num_leaves=31
num_cat=0
split_feature=64 13 6 8 61 33 2 8 34 55 42 2 46 50 2 55 4 3 2 2 0 27 0 3 2 2 2 2 4 2
split_gain=92.933 50.1781 28.6345 29.8579 27.6147 25.2923 13.8766 8.3588 6.50404 7.05262 6.15207 4.9425 5.01738 4.56133 3.12243 5.06849 3.04583 4.37349 3.08277 2.67395 3.60367 2.50272 2.42444 2.12941 4.59836 3.49356 3.35644 7.49658 4.79938 3.75137
threshold=1.5000000000000002 35662.656432134034 1.0000000180025095e-35 1.0000000180025095e-35 1.5000000000000002 8.5000000000000018 22155.725827163613 1.5000000000000002 1.0000000180025095e-35 2.5000000000000004 1.5000000000000002 206.69289758611114 1.0000000180025095e-35 1.0000000180025095e-35 2153.6343055555558 1.0000000180025095e-35 2.5000000000000004 15.500000000000002 4806.1953167319452 1778.9468055555558 56637.000000000007 1.0000000180025095e-35 21494.000000000004 10.500000000000002 21765.907188560697 21765.907188560697 9774.9001388888901 9163.9128087427798 4.5000000000000009 1255.6797222222224
decision_type=2 2 2 2 2 2 2 2 2 2 2 2 2 2 2 2 2 2 2 2 2 2 2 2 2 2 2 2 2 2
left_child=1 2 3 6 7 -3 8 -2 9 11 21 22 13 16 -4 -16 -13 23 19 -19 -21 -5 -1 24 26 -25 27 28 -18 -30
right_child=4 5 14 10 -6 -7 -8 -9 -10 -11 -12 12 -14 -15 15 -17 17 18 -20 20 -22 -23 -24 25 -26 -27 -28 -29 29 -31
leaf_value=0.015350660232524807 0.035671132415193138 -0.038230977984473696 0.045636499088736605 -0.039737499587811052 0.042558620562934413 0.037271343583262229 -0.037610421995216768 -0.036481855169183744 0.032818319839997764 -0.036935130457384065 0.021708767792380974 0.0089823948381995717 0.024304896281166565 -0.031379499955725844 0.030723328973405604 -0.029038831351093926 -0.016800127163660059 -0.020889348604386626 -0.027710295554905215 0.04482934241024341 -0.0088275235477080962 0.0085354980810006843 -0.037488367823347732 0.014579065977065042 0.026587740446612704 -0.025575388832795358 -0.019471743700861896 0.053227211832702313 -0.022567788451899183 0.017316687822175443
leaf_weight=1.1477125855162729 2.5002827793359748 94.256324939895421 19.305221075657759 40.705904481001198 86.15100285038352 6.8887900337576857 13.374319629278032 9.772174144163726 10.03526972979307 6.4437552704475811 2.3337038233876219 81.600727187469602 16.425844990648329 5.3732073903083792 7.5526791810989362 2.210373742505908 21.754470514133573 4.5158783029764908 13.609073335304855 2.6106723230332136 3.9014297761023045 1.4579450860619534 5.9651442263275385 32.365889322943985 7.3796655088663092 2.9534987807273856 17.180204654112458 2.9999790433794251 3.8372434051707414 17.303998045623302
leaf_count=53 18 17548 389 6856 1435 117 1779 1847 144 567 49 804 135 205 83 255 370 163 415 25 65 90 329 481 35 14 453 28 102 146
internal_value=-0.000366108 -0.00815338 -0.000847494 -0.00439135 0.0346085 -0.0327741 0.000644132 -0.020202 0.00276964 0.00142339 -0.0343741 0.00259776 0.00364805 0.00198306 0.036457 0.0157522 0.00297193 -0.000828634 -0.0156589 0.000280469 0.0157874 -0.0379092 -0.0281212 0.00273993 -0.00129837 0.0106095 -0.00492497 0.000819446 -0.00397486 0.00938514
internal_weight=543.912 445.489 344.344 315.276 98.4235 101.145 270.778 12.2725 257.404 247.368 44.4976 240.925 233.812 217.386 29.0683 9.76305 212.013 130.412 24.6371 11.028 6.5121 42.1638 7.11286 105.775 70.4556 35.3194 63.0759 45.8957 42.8957 21.1412
internal_count=35000 31700 14035 13308 3300 17665 6313 1865 4534 4390 6995 3823 3441 3306 727 338 3101 2297 668 253 90 6946 382 1629 1134 495 1099 646 618 248
is_linear=0
shrinkage=0.04


Tree=68
num_leaves=31
num_cat=0
split_feature=64 13 6 8 61 33 2 8 34 49 40 2 46 56 2 49 4 3 2 2 0 0 59 30 3 3 2 2 3 3
split_gain=88.6689 48.316 27.1646 28.6257 26.4601 24.3612 13.2866 8.05702 6.16284 6.74807 6.08818 4.67636 4.70354 4.33296 3.01742 4.8442 2.79579 4.10056 2.95554 2.53159 3.35377 2.36208 2.09071 2.02656 1.99529 2.2607 9.79024 4.73757 3.97011 3.93363
threshold=1.5000000000000002 35662.656432134034 1.0000000180025095e-35 1.0000000180025095e-35 1.5000000000000002 7.5000000000000009 22155.725827163613 1.5000000000000002 1.0000000180025095e-35 2.5000000000000004 1.5000000000000002 206.69289758611114 1.0000000180025095e-35 1.0000000180025095e-35 2153.6343055555558 1.0000000180025095e-35 2.5000000000000004 15.500000000000002 4806.1953167319452 1778.9468055555558 56637.000000000007 21494.000000000004 5.5000000000000009 1.0000000180025095e-35 21.500000000000004 8.5000000000000018 2153.6343055555558 17527.723090472642 5.5000000000000009 9.5000000000000018
decision_type=2 2 2 2 2 2 2 2 2 2 2 2 2 2 2 2 2 2 2 2 2 2 2 2 2 2 2 2 2 2
left_child=1 2 3 6 7 -3 8 -2 9 11 23 21 13 16 22 -16 24 -18 19 -19 -21 -1 -4 -5 25 26 -13 29 -28 -27
right_child=4 5 14 10 -6 -7 -8 -9 -10 -11 -12 12 -14 -15 15 -17 17 18 -20 20 -22 -23 -24 -25 -26 27 28 -29 -30 -31
leaf_value=0.014902885365919749 0.035213559097088967 -0.038418975760627395 0.079017812190911862 -0.039675579900930603 0.042419321525037412 0.033485295017598719 -0.03749895279110313 -0.036350824479736546 0.032167147880310408 -0.036719831610669995 0.018961503955627193 0.030839249784088731 0.023604884452376431 -0.030955947799875112 0.030191517929151198 -0.028772313553878149 0.0026381732195408015 -0.020511461873677628 -0.027261232477152283 0.043088405025044053 -0.0085865798079527503 -0.037250772889923144 0.035922076448423428 0.0067921036867518506 -0.015189029000945807 0.040488016577004633 -0.0032677952085712492 0.036198035173575921 -0.041392107527825593 0.0016823306106300156
leaf_weight=1.164607954211532 2.4455651491880408 90.091219979338348 2.4065537583082977 39.012439687270671 83.042531695216894 7.4621440628543487 12.890254256781189 9.4257033984176797 9.8528611315414292 6.2324127559550098 2.6417350033298126 11.21727276034653 16.269323445856571 5.2451461763121179 7.3990394473075849 2.152059689629823 105.71602878347039 4.4351833686232585 13.302641901653258 2.6471536979079247 3.8789919335395098 5.7733230218291283 16.33631493197754 1.2799609038047481 4.443865416571497 3.9157790709286919 16.515225654467944 12.17952214181423 5.0426174700260153 28.570798745378852
leaf_count=53 18 17514 74 6835 1435 151 1779 1847 144 567 76 119 135 205 83 255 1629 163 415 25 65 329 315 84 50 39 146 82 58 310
internal_value=-0.000359832 -0.00797022 -0.000829369 -0.00427188 0.0344828 -0.0326348 0.000610111 -0.0200176 0.00266422 0.00136002 -0.0342098 0.00249566 0.00350841 0.00190114 0.0360082 0.015438 0.00285619 -0.000798593 -0.015284 0.000315402 0.0153141 -0.0277217 0.0451776 -0.0380707 0.00859723 0.0101384 0.00205532 0.0158947 -0.0136251 0.00742919
internal_weight=532.988 438.074 340.521 312.227 94.9138 97.5534 269.293 11.8713 256.403 246.55 42.9341 240.317 233.38 217.11 28.294 9.5511 211.865 129.98 24.264 10.9613 6.52615 6.93793 18.7429 40.2924 81.8851 77.4412 32.7751 44.6661 21.5578 32.4866
internal_count=35000 31700 14035 13308 3300 17665 6313 1865 4534 4390 6995 3823 3441 3306 727 338 3101 2297 668 253 90 382 389 6919 804 754 323 431 204 349
is_linear=0
shrinkage=0.04


Tree=69
num_leaves=31
num_cat=0
split_feature=64 13 6 8 61 33 2 8 34 55 42 2 46 56 2 55 33 4 3 27 0 0 2 2 59 2 3 2 2 4
split_gain=84.5766 46.5452 25.8115 27.4422 25.3582 23.4375 12.7255 7.76709 5.83549 6.45912 5.80352 4.42635 4.40603 4.11726 2.90388 4.62999 2.72772 2.50083 3.53351 2.42682 2.3009 2.21393 3.14695 2.12138 1.96084 1.91221 5.07125 4.98451 7.44372 4.02245
threshold=1.5000000000000002 35662.656432134034 1.0000000180025095e-35 1.0000000180025095e-35 1.5000000000000002 8.5000000000000018 22155.725827163613 1.5000000000000002 1.0000000180025095e-35 2.5000000000000004 1.5000000000000002 206.69289758611114 1.0000000180025095e-35 1.0000000180025095e-35 2153.6343055555558 1.0000000180025095e-35 1.0000000180025095e-35 2.5000000000000004 18.500000000000004 1.0000000180025095e-35 21494.000000000004 35606.500000000007 4806.1953167319452 338.8631944444445 5.5000000000000009 3254.1927234080563 6.5000000000000009 5799.9373521815287 6236.2064283236114 4.5000000000000009
decision_type=2 2 2 2 2 2 2 2 2 2 2 2 2 2 2 2 2 2 2 2 2 2 2 2 2 2 2 2 2 2
left_child=1 2 3 6 7 -3 8 -2 9 11 19 20 13 16 24 -16 17 -13 23 -5 -1 22 -20 -19 -4 26 -25 -27 -29 -28
right_child=4 5 14 10 -6 -7 -8 -9 -10 -11 -12 12 -14 -15 15 -17 -18 18 21 -21 -22 -23 -24 25 -26 27 29 28 -30 -31
leaf_value=0.014468731492646176 0.034766249981172587 -0.037969518743497056 0.077756260625967535 -0.039618195569856685 0.042284553865234838 0.036812134928681552 -0.037385127596757779 -0.036216861292658449 0.03151626723930688 -0.036502264932983357 0.020881537997684118 0.0073666193557644323 0.022919877817916556 -0.030530838689260806 0.029661248583228394 -0.028506094210336733 0.026795901200973235 -0.024762994386660089 0.036985782963490824 0.008142810589490259 -0.037010765298662859 -0.030694495950790421 -0.026060788190473933 -0.012140240809692997 0.035417560311853127 -0.026028934675640856 0.031246238945985813 0.055506263409214968 -0.00096580069717446307 -0.0025118732096056267
leaf_weight=1.1812359010800708 2.3919035568833342 87.632463654968888 2.3648753613233628 37.699319570325315 80.03868205845356 6.4736593700945368 12.424759881105272 9.0925716008059663 9.6783201638609153 6.0288551351986817 2.2858348847366861 79.993929399177432 16.118343002162874 5.1218856959603718 7.2509648762643319 2.0957520501688123 6.2951271682977668 4.0409644013270727 1.5174528509378427 1.456184566952287 5.5885547492653131 8.9028728958219272 1.5823898259550331 11.157690744847057 15.928811526391653 10.56681679189205 15.228706310503187 2.9764263145625582 60.923631780780852 8.4468625634908658
leaf_count=53 18 17548 74 6856 1435 117 1779 1847 144 567 49 789 135 205 83 255 43 230 31 90 329 325 50 127 315 182 130 32 1075 87
internal_value=-0.000347699 -0.007781 -0.000801795 -0.00415386 0.0343599 -0.0324922 0.000580369 -0.0198324 0.00256631 0.00130268 -0.0340372 0.0024015 0.00337872 0.00182701 0.0355338 0.0151242 0.00275003 0.00188655 -0.00164143 -0.0376834 -0.0273222 -0.0213919 0.00629557 0.000618927 0.0446373 0.00177333 0.00937005 -0.00185726 0.00247936 0.0195885
internal_weight=522.486 430.963 336.857 309.216 91.5232 94.1061 267.775 11.4845 255.35 245.672 41.4413 239.643 232.873 216.755 27.6404 9.34672 211.633 205.338 125.344 39.1555 6.76979 12.0027 3.09984 113.341 18.2937 109.3 34.8333 74.4669 63.9001 23.6756
internal_count=35000 31700 14035 13308 3300 17665 6313 1865 4534 4390 6995 3823 3441 3306 727 338 3101 3058 2269 6946 382 406 81 1863 389 1633 344 1289 1107 217
is_linear=0
shrinkage=0.04


Tree=70
num_leaves=31
num_cat=0
split_feature=65 23 49 2 59 48 60 49 2 2 2 2 2 2 75 2 75 43 40 0 0 50 60 44 0 3 2 0 33 2
split_gain=80.7077 68.7459 64.8408 12.0426 5.11836 4.30383 4.15651 8.9129 3.67976 8.66019 4.6194 5.97452 5.45864 15.4962 4.91025 5.10284 3.30162 17.7636 10.421 3.15101 2.85588 2.77602 2.66217 2.476 2.45596 2.71488 2.84272 2.74835 2.39833 2.15505
threshold=1.5000000000000002 1.0000000180025095e-35 4.5000000000000009 22155.725827163613 7.5000000000000009 3.5000000000000004 23.500000000000004 2.5000000000000004 21625.533667062227 19828.037558917644 19207.724171741949 17806.777767565003 17199.960231911533 10575.515585078336 4.5000000000000009 599.11082854875019 4.5000000000000009 1.5000000000000002 1.0000000180025095e-35 182904.50000000003 67511.500000000015 1.0000000180025095e-35 11.500000000000002 1.0000000180025095e-35 37963.500000000007 15.500000000000002 206.69289758611114 116116.50000000001 2.5000000000000004 9665.7476402156954
decision_type=2 2 2 2 2 2 2 2 2 2 2 2 2 2 2 2 2 2 2 2 2 2 2 2 2 2 2 2 2 2
left_child=1 16 6 4 8 -4 7 22 9 10 11 12 13 14 15 19 -1 18 -18 24 -10 29 -2 -16 -3 26 -26 -28 -9 -17
right_child=2 3 5 -5 -6 -7 -8 28 20 -11 -12 -13 -14 -15 23 21 17 -19 -20 -21 -22 -23 -24 -25 25 -27 27 -29 -30 -31
leaf_value=-0.039770536621856374 0.012999214439429328 -0.021261993928925006 0.023855353458236885 -0.037236204156260104 -0.034616455469473832 -0.038658478375766039 0.041862392212512416 -0.035831327210731484 -0.0042826608929789935 -0.040261003613870958 0.027338902286517662 -0.037315861875604039 0.02224498307163392 -0.039303471666265972 0.043514278219792778 0.0044259970858354456 -0.016075087635249171 -0.035840553665710255 0.15553428134542141 -0.032523095629145557 0.024358019765451371 -0.021154993331275466 0.041377805087280485 0.0053580878743505356 -0.022943598626700989 -0.020904334301744147 0.042315143100046824 -0.01119966351729324 0.018450106028835657 0.019544422849903473
leaf_weight=94.997103980276734 9.1384838055819326 6.4727585925720694 1.2537910044193292 11.78372284490615 4.8028486007824531 22.21415161434561 86.964678107760847 3.8069461570121339 7.190402356907728 6.621959308627992 10.916492535732685 5.0969653874635688 19.875034318305552 13.323979343287645 6.2284539714455587 107.74203381873667 0.65822477359324583 8.1568486290052515 0.43082063365727663 8.3919916758313757 20.215205101296306 5.0832623820751897 17.527699390426278 4.8714898191392422 1.2859154939651469 2.8287545745261014 5.0664429664611816 1.5789965759031472 1.080964460968971 16.771088723093271
leaf_count=20465 130 226 20 1759 306 4404 1625 168 57 210 96 167 139 760 44 1088 62 1556 39 495 119 234 246 52 74 128 138 55 18 120
internal_value=-0.00033567 -0.0101663 0.0252005 0.000653182 0.0025474 -0.0344802 0.0372075 0.0234865 0.00339792 0.00165671 0.00312456 0.00170602 0.002884 0.00063072 0.00404562 0.00211826 -0.0375337 -0.0129126 0.093768 -0.0138595 0.0169573 0.00535946 0.0324739 0.0285952 -0.00348557 0.00810654 0.0196355 0.029798 -0.0227322 0.00660184
internal_weight=512.378 370.391 141.987 266.148 254.364 23.4679 118.519 31.5541 249.561 222.156 215.534 204.617 199.52 179.645 166.321 155.221 104.243 9.24589 1.08905 25.6249 27.4056 129.596 26.6662 11.0999 17.2329 10.7601 7.93136 6.64544 4.88791 124.513
internal_count=35000 28389 6611 6267 4508 4424 2187 562 4202 4026 3816 3720 3553 3414 2654 2558 22122 1657 101 1116 176 1442 376 96 621 395 267 193 186 1208
is_linear=0
shrinkage=0.04


Tree=71
num_leaves=31
num_cat=0
split_feature=64 13 6 8 61 33 2 8 42 34 49 2 46 50 2 49 33 4 3 27 0 0 4 2 3 2 2 2 3 3
split_gain=77.3115 43.332 23.9047 25.3801 23.1376 21.6772 11.6613 7.30183 5.4079 5.37119 5.91134 3.99873 4.11937 3.80249 2.65046 4.37324 2.46799 2.3126 3.29424 2.30807 2.27338 2.1372 3.08966 1.96551 1.8894 1.7802 4.69335 6.78838 4.66957 3.85237
threshold=1.5000000000000002 35662.656432134034 1.0000000180025095e-35 1.0000000180025095e-35 1.5000000000000002 7.5000000000000009 22155.725827163613 1.5000000000000002 1.5000000000000002 1.0000000180025095e-35 2.5000000000000004 206.69289758611114 1.0000000180025095e-35 1.0000000180025095e-35 2153.6343055555558 1.0000000180025095e-35 1.0000000180025095e-35 2.5000000000000004 18.500000000000004 1.0000000180025095e-35 21494.000000000004 35606.500000000007 4.5000000000000009 338.8631944444445 6.5000000000000009 3254.1927234080563 5799.9373521815287 6236.2064283236114 6.5000000000000009 1.5000000000000002
decision_type=2 2 2 2 2 2 2 2 2 2 2 2 2 2 2 2 2 2 2 2 2 2 2 2 2 2 2 2 2 2
left_child=1 2 3 6 7 -3 9 -2 19 10 11 20 13 16 -4 -16 17 -13 23 -5 -1 22 -20 -19 -14 28 -27 -28 29 -25
right_child=4 5 14 8 -6 -7 -8 -9 -10 -11 -12 12 24 -15 15 -17 -18 18 21 -21 -22 -23 -24 25 -26 26 27 -29 -30 -31
leaf_value=0.01467487776856127 0.034089077052583162 -0.038132776800901221 0.043958220801105119 -0.03953104705485877 0.042034065001552871 0.032681572068853276 -0.037154417558924006 -0.035927506573374318 0.020103356546628287 0.030690364762763808 -0.036068479793112757 0.0069151982001636773 0.00059505965080511075 -0.030022904184932392 0.029270852198335025 -0.028093881335264897 0.025593855928804782 -0.024336894138256061 -0.026300504565815834 0.0077866434677654585 -0.036702332845641374 -0.03036501423132661 0.036076897519973471 0.018853988636314749 0.030589569812473169 -0.025669824570552058 0.051961576838475868 -0.001154923810106525 0.018573538422654978 -0.027080539220564429
leaf_weight=1.1733041843399394 2.3139878883957854 80.592772075440735 17.379194252192978 35.041619630530477 74.422687623649836 6.803471401333808 11.560154512058942 8.4377340753562731 2.19113781210035 9.2544800927862507 5.6522293402813366 80.022504031658173 4.7162708146497598 4.9283649879507712 7.0961866006255132 2.0012017292901874 6.1373387351632109 3.9142335439100853 1.5567140253260725 1.4138583671301592 5.2958034076727927 8.6580531792715174 1.555760766379535 3.5936057073995453 11.043596974574028 10.377959901466964 3.1073606312274924 60.796947170048952 23.831037644296885 7.5083669107407331
leaf_count=53 18 17514 389 6856 1435 151 1779 1847 49 144 567 789 42 205 83 255 43 230 46 90 329 325 35 33 93 182 32 1075 217 94
internal_value=-0.000334037 -0.00744223 -0.000773974 -0.00399769 0.0341658 -0.0323128 0.000471216 -0.01924 -0.0338444 0.00232902 0.00113181 0.00216156 0.0030774 0.00158741 0.0349601 0.0151194 0.00246363 0.00164996 -0.00175157 -0.037537 -0.0266669 -0.0210098 0.00606959 0.000418679 0.0221845 0.00151867 -0.00199271 0.00218867 0.00883302 -0.0118826
internal_weight=502.378 417.204 329.807 303.331 85.1744 87.3962 264.684 10.7517 38.6466 253.124 243.869 238.217 231.748 215.988 26.4766 9.09739 211.06 204.923 124.9 36.4555 6.46911 11.7705 3.11247 113.13 15.7599 109.215 74.2823 63.9043 34.933 11.102
internal_count=35000 31700 14035 13308 3300 17665 6313 1865 6995 4534 4390 3823 3441 3306 727 338 3101 3058 2269 6946 382 406 81 1863 135 1633 1289 1107 344 127
is_linear=0
shrinkage=0.04


Tree=72
num_leaves=31
num_cat=0
split_feature=64 8 33 61 6 8 8 34 49 4 4 59 71 39 40 65 0 42 3 3 4 0 32 27 0 3 0 0 22 3
split_gain=73.7842 39.2416 33.1239 22.1857 21.0736 20.8491 7.04062 5.49584 6.66603 4.00744 4.42341 3.17622 3.07835 3.87187 2.80206 5.27448 2.35589 2.32302 1.94965 2.46864 2.58795 2.10312 1.92059 1.9027 1.79284 2.95229 3.97993 3.90133 1.68968 1.65367
threshold=1.5000000000000002 1.5000000000000002 7.5000000000000009 1.5000000000000002 1.0000000180025095e-35 1.0000000180025095e-35 1.5000000000000002 1.0000000180025095e-35 2.5000000000000004 2.5000000000000004 3.5000000000000004 1.0000000180025095e-35 1.0000000180025095e-35 1.0000000180025095e-35 2.5000000000000004 1.5000000000000002 24863.000000000004 1.5000000000000002 15.500000000000002 6.5000000000000009 4.5000000000000009 112053.50000000001 1.5000000000000002 1.0000000180025095e-35 66583.000000000015 2.5000000000000004 362629.00000000006 405422.50000000006 1.0000000180025095e-35 11.500000000000002
decision_type=2 2 2 2 2 2 2 2 2 2 2 2 2 2 2 2 2 2 2 2 2 2 2 2 2 2 2 2 2 2
left_child=1 4 14 6 5 7 -2 8 9 11 29 -1 28 22 -3 -16 -12 23 19 20 -18 -20 -14 -7 -22 27 -27 -26 -6 -11
right_child=3 2 -4 -5 12 17 -8 -9 -10 10 16 -13 13 -15 15 -17 18 -19 21 -21 24 -23 -24 -25 25 26 -28 -29 -30 -31
leaf_value=0.0041109959389918141 0.033665898354612027 -0.03937177813237086 0.035320382613170644 0.041911133827273385 -0.025266294289357227 -0.03924488349325525 -0.035784237998303603 0.02920316581741899 -0.036765900071121772 -0.0080372210067777821 0.013789591527314786 0.026353129455536538 -0.014413858277374642 0.054708980210800659 -0.033055551249019516 0.031455002475842715 -0.023046846871664889 0.015528774752817625 0.0026040418454565729 0.0061193369277007985 -0.021366561740939437 -0.024236755418257757 0.028207454243290634 0.0070717683500533405 0.041079355822593845 -0.034321909447173983 0.016312761296966877 -0.013849973044271421 0.022045546263097508 -0.025322784147296901
leaf_weight=82.463612062390894 2.2629565820097914 80.705085950437933 10.54742823820561 71.71291833743453 1.3242298425175276 26.513464032206691 8.1426204936578852 9.2215395583771151 6.9484659237787119 23.943785050418228 16.918273978866637 10.839994670357553 2.0941715561784813 12.768123752903193 4.6426199604757121 2.2265559206716716 10.673160760663452 0.88779424224048753 7.5587118891999152 50.378819899633527 3.5986557099968222 10.516943513415752 3.0395614579319954 1.2008562148548652 5.0717163798399261 3.9505803221836668 4.1147777852602303 2.5255799777805805 1.5154269109480083 14.594199528452007
leaf_count=1156 18 18178 230 1435 115 5256 1847 165 849 775 287 150 86 211 1076 25 314 20 238 893 84 429 74 75 91 98 75 66 41 643
internal_value=-0.000327854 -0.00726618 -0.0291969 0.0340498 -0.000312609 -0.0031318 -0.0190531 0.000444591 -0.000709485 0.000448299 -0.00351251 0.00694713 0.0376844 0.0435188 -0.0372784 -0.0108053 0.000442558 -0.0349598 -0.00196816 0.000753051 -0.00818411 -0.0134646 0.0113058 -0.0370616 0.00078269 0.0068486 -0.00953931 0.0233321 -0.000851825 -0.0150581
internal_weight=492.903 410.784 98.1217 82.1185 312.662 291.921 10.4056 263.319 254.097 247.149 153.845 93.3036 20.7415 17.9019 87.5743 6.86918 115.307 28.6021 98.3889 80.3133 29.9345 18.0757 5.13373 27.7143 19.2613 15.6627 8.06536 7.5973 2.83966 38.538
internal_count=35000 31700 19509 3300 12191 11664 1865 6313 6148 5299 3993 1306 527 371 19279 1101 2575 5351 2288 1621 728 667 160 5331 414 330 173 157 156 1418
is_linear=0
shrinkage=0.04


Tree=73
num_leaves=31
num_cat=0
split_feature=64 13 2 61 39 35 12 27 71 8 63 46 59 42 36 2 2 2 2 2 2 0 2 2 0 0 2 2 2 4
split_gain=70.4093 40.243 21.4546 21.2765 18.7781 16.8213 12.1411 12.3167 7.03862 6.78953 6.5105 5.05714 4.86331 4.41489 3.99381 2.39998 3.20648 5.33924 4.79397 5.55931 3.47295 4.11305 4.59134 8.37049 3.3804 3.17978 3.16762 4.46577 3.89153 3.44194
threshold=1.5000000000000002 35662.656432134034 22155.725827163613 1.5000000000000002 1.0000000180025095e-35 2.5000000000000004 7227.5000000000009 1.0000000180025095e-35 1.0000000180025095e-35 1.5000000000000002 5.5000000000000009 1.0000000180025095e-35 5.5000000000000009 1.5000000000000002 1.0000000180025095e-35 599.11082854875019 2268.0701388888892 2893.7176144331947 3436.1876388888891 4331.057553882084 4586.5165277777787 191947.50000000003 5799.9373521815287 6423.5115873077784 166016.00000000003 182904.50000000003 9665.7476402156954 10191.165492144446 19207.724171741949 2.5000000000000004
decision_type=2 2 2 2 2 2 2 2 2 2 2 2 2 2 2 2 2 2 2 2 2 2 2 2 2 2 2 2 2 2
left_child=1 2 4 9 6 -3 11 13 10 -2 -6 12 14 -8 15 25 24 -18 -19 -20 -21 -22 -23 -24 -17 -1 -25 -28 -29 -30
right_child=3 5 -4 -5 8 -7 7 -9 -10 -11 -12 -13 -14 -15 -16 16 17 18 19 20 21 22 23 26 -26 -27 27 28 29 -31
leaf_value=-0.0009067349885250013 0.033251245135474429 -0.037163395958763154 -0.038560622538627756 0.041791743624085574 -0.034238575006863552 0.029500538425437536 -0.03947572441269382 0.028719642569491336 0.051438971825331629 -0.035637888120656283 0.031876463943131539 0.019657054867163824 -0.028143910932178714 0.018935942236291428 0.028663333070012981 0.020167209765662709 -0.037962192056408835 0.026090982253401951 -0.037133226271881523 0.035875741155263548 -0.0072561194185826539 -0.028819029758638478 0.063602446224276549 -0.014593390905448931 -0.0056248523177476256 -0.031357772518186194 0.038503688390941093 -0.0096444240584770864 0.037777296146431445 0.0029538859445384287
leaf_weight=16.065749711822722 2.2130124792456609 75.422308802604675 21.339760285802186 69.096689827740192 3.1293753031641254 5.8479016083292654 24.196761838160462 5.1002971259877077 14.956130871549249 7.8588544861413538 4.6576338522136211 22.839919687248766 8.2387923486530763 1.6759356204420317 7.3215770795941344 25.530637456104159 4.9054519734345368 10.111622685566543 5.5695762825198463 3.3136032074689856 67.906605452299118 4.2573650935664764 3.3725805878639212 9.086577774025498 11.194305181968955 7.3816915079951277 6.4830127079039803 16.343642490915954 6.4723266004584756 12.060489174909888
leaf_count=552 18 17427 4035 1435 151 238 4749 145 252 1847 116 319 687 31 52 126 68 81 102 32 1147 68 35 150 86 451 36 392 46 126
internal_value=-0.000319759 -0.00708671 -0.000732055 0.0339359 0.00205783 -0.0320662 -0.000841047 -0.024045 0.0362095 -0.0188653 0.00443398 0.0021364 0.000283805 -0.0351282 0.00148519 0.000406558 0.00194081 -0.000678316 0.000834634 -0.00123707 0.00058232 -0.000621185 0.00712836 0.0104458 0.0123647 -0.0113838 0.00572484 0.0104278 0.00428119 0.0164269
internal_weight=483.95 404.782 323.511 79.1686 302.172 81.2702 279.429 30.973 22.7431 10.0719 7.78701 248.456 225.616 25.8727 217.377 210.055 186.608 149.883 144.977 134.866 129.296 125.983 58.076 53.8186 36.7249 23.4474 50.446 41.3595 34.8765 18.5328
internal_count=35000 31700 14035 3300 10000 17665 9481 4925 519 1865 267 4556 4237 4780 3550 3498 2495 2283 2215 2134 2032 2000 853 785 212 1003 750 600 564 172
is_linear=0
shrinkage=0.04


Tree=74
num_leaves=31
num_cat=0
split_feature=64 13 6 8 65 33 8 40 49 35 4 4 66 71 63 38 48 0 0 27 4 66 50 0 0 0 45 65 0 0
split_gain=67.1831 38.6398 20.7292 22.3518 20.4079 19.5297 6.54812 5.16802 5.07712 7.00213 3.793 4.29804 2.5918 2.42543 4.54475 3.58109 2.09817 2.31462 2.04564 1.7898 1.53043 1.41784 4.56322 1.38691 2.01128 1.63678 1.34809 4.10629 1.33602 1.49879
threshold=1.5000000000000002 35662.656432134034 1.0000000180025095e-35 1.0000000180025095e-35 1.5000000000000002 8.5000000000000018 1.5000000000000002 1.5000000000000002 3.5000000000000004 1.0000000180025095e-35 2.5000000000000004 3.5000000000000004 0.82843137254901966 1.0000000180025095e-35 5.5000000000000009 1.0000000180025095e-35 1.0000000180025095e-35 278329.00000000006 24863.000000000004 1.0000000180025095e-35 1.0000000180025095e-35 0.97619047619047628 1.0000000180025095e-35 1340535.0000000002 658535.00000000012 1856931.5000000002 1.5000000000000002 1.5000000000000002 469895.50000000006 20146.500000000004
decision_type=2 2 2 2 2 2 2 2 2 2 2 2 2 2 2 2 2 2 2 2 2 2 2 2 2 2 2 2 2 2
left_child=1 2 3 8 6 26 -2 19 9 10 12 16 20 14 -4 -15 17 -12 -13 -5 28 23 -23 24 -20 -25 -3 -28 29 -1
right_child=4 5 13 7 -6 -7 -8 -9 -10 -11 11 18 -14 15 -16 -17 -18 -19 21 -21 -22 22 -24 25 -26 -27 27 -29 -30 -31
leaf_value=-0.022239322305614175 0.032844712861641055 -0.039192531199488942 -0.031171873192944569 -0.039340505170478088 0.041675669752521231 0.035698768260723129 -0.035488437819245988 0.017418528877222447 -0.035089631181929003 0.034554318252353576 -0.016858972052441405 0.012369581647428459 0.026752757483102543 0.022376499128647823 0.030917538813780732 0.061245412339377636 -0.031892020305593939 0.0064817671201681474 -0.0033926870618405424 0.0056984390470385324 0.0079352673932438916 0.03419629071002539 -0.015463834407397542 0.027329535882927788 -0.023703451257667638 -0.0034243064379541727 -0.033257130286724959 0.028325903290060669 -0.018985993047339913 0.0051591718116840027
leaf_weight=2.7449066634289983 2.1641559451818448 66.605288578663021 1.9111595102585877 31.133762175915763 66.571278996765614 5.5675690099596968 7.5859959330409765 2.4157340652309349 5.296296088024973 8.7281377422623319 20.759098659269515 17.118864484131336 8.0009108777157945 10.147829969879242 4.5840513901785016 7.6569124693050972 8.5014286134392005 9.2436996945179981 70.487420288380235 1.2298227567225684 55.578342760913074 5.2693832661025208 4.7827200819738209 3.725824137683956 7.8544990173541001 6.2247429522685707 4.804879594128578 1.5944381654262541 5.7172669586725524 20.821489205118269
leaf_count=45 18 16366 178 6835 1435 117 1847 76 709 120 802 303 93 263 123 163 195 458 1746 84 761 45 133 75 252 125 1167 15 107 344
internal_value=-0.000305725 -0.00691046 -0.000704321 -0.00366642 0.0338237 -0.0318545 -0.0186767 -0.0333141 0.000398578 0.00126795 -4.37589e-05 -0.00388707 0.00630202 0.0340532 0.0109268 0.0414601 -0.0152758 -0.0096907 9.33868e-06 -0.0375095 0.00408477 -0.00224507 0.011307 -0.00389732 -0.00570211 0.00953511 -0.0374191 -0.0161588 -0.00324391 0.00119255
internal_weight=474.828 398.506 319.934 295.634 76.3214 78.5722 9.75015 34.7793 260.855 255.559 246.831 153.968 92.8629 24.3 6.49521 17.8047 38.5042 30.0028 115.463 32.3636 84.862 98.3446 10.0521 88.2925 78.3419 9.95057 73.0046 6.39932 29.2837 23.5664
internal_count=35000 31700 14035 13308 3300 17665 1865 6995 6313 5604 5484 4134 1350 727 301 426 1455 1260 2679 6919 1257 2376 178 2198 1998 200 17548 1182 496 389
is_linear=0
shrinkage=0.04


Tree=75
num_leaves=31
num_cat=0
split_feature=64 13 6 14 61 33 13 40 49 35 4 4 66 71 63 39 32 3 3 0 0 0 48 0 27 3 3 3 0 3
split_gain=64.103 37.2811 19.682 21.4209 19.5779 18.8047 6.31599 5.01924 4.87194 6.65552 3.50397 4.03535 2.46395 2.30958 4.36361 3.63684 2.18674 2.09249 3.24965 2.81561 2.99316 2.37102 2.00188 2.17664 1.76757 1.59104 1.94069 7.09979 4.26049 3.93052
threshold=1.5000000000000002 35662.656432134034 1.0000000180025095e-35 1.0000000180025095e-35 1.5000000000000002 8.5000000000000018 1.0000000180025095e-35 1.5000000000000002 3.5000000000000004 1.0000000180025095e-35 2.5000000000000004 3.5000000000000004 0.82843137254901966 1.0000000180025095e-35 5.5000000000000009 1.0000000180025095e-35 1.5000000000000002 15.500000000000002 11.500000000000002 44536.000000000007 160357.00000000003 112053.50000000001 1.0000000180025095e-35 278329.00000000006 1.0000000180025095e-35 21.500000000000004 8.5000000000000018 5.5000000000000009 98294.000000000015 9.5000000000000018
decision_type=2 2 2 2 2 2 2 2 2 2 2 2 2 2 2 2 2 2 2 2 2 2 2 2 2 2 2 2 2 2
left_child=1 2 3 8 6 -3 -2 24 9 10 12 22 25 14 -4 16 -15 18 -13 -20 -21 -19 23 -12 -5 26 27 -1 -28 -30
right_child=4 5 13 7 -6 -7 -8 -9 -10 -11 11 17 -14 15 -16 -17 -18 21 19 20 -22 -23 -24 -25 -26 -27 28 -29 29 -31
leaf_value=0.0077721695676815526 0.032445925843162547 -0.037336887618768973 -0.030842660682857317 -0.039273995696141144 0.041562700799047898 0.035459450131978432 -0.035335860368301719 0.017014719872870628 -0.034875143830060393 0.034023249886941519 -0.01642559217327268 -0.0019646731253605033 0.026119653131327473 -0.015479072011790563 0.030521704345204143 0.053042183044515995 0.02853075158458749 0.0015915588236896478 0.033717293404758202 -0.016208457048508755 0.016312129829196352 -0.023856947341665533 -0.031204218161863338 0.0062174768708068576 0.0055719301765393475 -0.016703615056055818 -0.0039191374042053164 -0.034361677457085488 0.055999917982817421 0.013414466341790417
leaf_weight=27.088038136949763 2.1163846477866155 70.30350699974224 1.865889170672747 29.964295883663002 64.133997283875942 5.3912550657987586 7.3236198252998292 2.3982363753020755 5.1253231768496326 8.5294606154784542 20.486532602924857 67.45094462716952 7.8934934972785404 2.177646901924164 4.4729911675676703 11.661652550566941 3.5499243852682412 11.909615622367712 7.4160034647211459 5.9598878859542337 12.172869982197879 10.309536853339521 8.3660799539647979 9.2926509850658459 1.2301337146200229 4.6629737946204832 18.882713418919593 7.2899507004767647 3.3389177164062884 23.718763881362975
leaf_count=363 18 17548 178 6835 1435 117 1847 76 709 120 802 1448 93 99 123 231 96 349 101 128 211 442 195 458 84 75 280 149 38 352
internal_value=-0.000293404 -0.00673073 -0.000677774 -0.00355384 0.0337133 -0.0317573 -0.0184874 -0.0331239 0.000380565 0.00122341 -4.57641e-05 -0.00375159 0.00604844 0.0336007 0.0107174 0.0409059 0.0119844 1.79406e-05 0.00267394 0.014533 0.00533475 -0.0107353 -0.0148472 -0.00938734 -0.0373874 0.00390202 0.00528901 -0.00188116 0.0105803 0.0204781
internal_weight=466.483 392.909 317.215 293.486 73.574 75.6948 9.44 33.5927 259.894 254.768 246.239 153.364 92.8749 23.7281 6.33888 17.3892 5.72757 115.219 92.9997 25.5488 18.1328 22.2192 38.1453 29.7792 31.1944 84.9814 80.3184 34.378 45.9404 27.0577
internal_count=35000 31700 14035 13308 3300 17665 1865 6995 6313 5604 5484 4134 1350 727 301 426 195 2679 1888 440 339 791 1455 1260 6919 1257 1182 512 670 390
is_linear=0
shrinkage=0.04


Tree=76
num_leaves=31
num_cat=0
split_feature=46 8 39 49 8 2 46 40 37 49 33 74 2 61 48 2 2 2 66 2 2 2 4 2 0 6 61 50 0 3
split_gain=59.4956 52.6577 21.7734 16.7217 16.5117 10.4162 5.98943 4.20204 4.90951 3.65419 3.69903 3.54051 3.48111 2.88341 3.93724 2.65183 4.91096 4.12564 4.51824 4.06667 6.34348 4.76997 3.0256 2.95358 3.16914 2.62555 2.23519 10.3088 2.19694 2.54616
threshold=1.5000000000000002 1.5000000000000002 1.0000000180025095e-35 4.5000000000000009 1.0000000180025095e-35 22155.725827163613 1.0000000180025095e-35 2.5000000000000004 1.5000000000000002 1.5000000000000002 1.0000000180025095e-35 1.0000000180025095e-35 1884.0932801859724 4.5000000000000009 4.5000000000000009 21625.533667062227 19828.037558917644 19207.724171741949 0.82843137254901966 10575.515585078336 17199.960231911533 17806.777767565003 5.5000000000000009 599.11082854875019 182904.50000000003 1.5000000000000002 4.5000000000000009 2.5000000000000004 37963.500000000007 15.500000000000002
decision_type=2 2 2 2 2 2 2 2 2 2 2 2 2 2 2 2 2 2 2 2 2 2 2 2 2 2 2 2 2 2
left_child=1 2 4 26 5 6 9 -3 -9 10 15 12 -4 -6 -15 16 17 18 19 23 -21 -22 -17 24 28 -5 27 -2 -1 -30
right_child=3 7 11 25 13 -7 -8 8 -10 -11 -12 -13 -14 14 -16 22 -18 -19 -20 20 21 -23 -24 -25 -26 -27 -28 -29 29 -31
leaf_value=-0.018116978869574009 0.036552130181778199 -0.038820732752758762 0.09534907857748344 -0.034489272847283578 -0.037739594860652981 -0.036732523804089652 0.023816391215050994 -0.03149367948888751 0.029924338358839644 -0.024812102084342466 0.027281713073887045 0.016758587921862547 0.036618419435680657 0.031755096388049686 -0.029643181585157864 0.0010286903087244211 -0.03533117392540535 0.024288143775196131 -0.036017800762934087 -0.037199402418027092 0.012827368389454499 -0.033239423743986085 0.029735053967412037 0.0053823274058605449 -0.030775294226567784 0.020027001828124964 0.041077236168144328 -0.032242987581704199 0.022137762026972842 -0.018958345147023065
leaf_weight=5.5288371471688178 15.750080964062365 71.213052828563377 2.0764777865260866 6.0660266643390051 21.563499727286402 10.226487082429228 18.709724776446819 3.6331680878065518 2.7970577303785831 7.567799965851008 7.763650093227624 8.0496628414839488 9.6823460287414473 2.0010458305478087 2.7805044839624316 13.958546940237284 5.3849040009081355 9.8458660896867496 4.7466263473033896 10.192455553449692 13.418546274304392 3.7929987888783208 9.2383210435509682 117.5848599569872 6.9104454591870299 1.0665259254164992 53.375381466001272 3.5701520226430139 7.5546369086951 2.4918123064562678
leaf_count=188 280 18460 53 1550 4567 1746 249 959 64 679 67 144 185 20 679 81 179 82 150 643 82 130 42 1158 430 25 1286 484 235 103
internal_value=-0.000279406 -0.00691198 0.000698797 0.0308824 -0.00221456 0.000950392 0.0026684 -0.0360572 -0.00434591 0.000820264 0.00181744 0.0401841 0.0536499 -0.0317536 -0.00290021 0.000754464 -0.000849783 0.000357481 -0.00114295 5.34075e-05 -0.0137557 0.00140765 0.0132176 0.00283344 -0.0101571 -0.0248773 0.0366166 0.0228785 0.000295544 0.0111512
internal_weight=458.542 378.713 301.07 79.8282 281.262 254.917 244.69 77.6433 6.43023 225.98 218.413 19.8085 11.7588 26.3451 4.78155 210.649 187.452 182.067 172.221 167.475 27.404 17.2115 23.1969 140.071 22.4857 7.13255 72.6956 19.3202 15.5753 10.0464
internal_count=35000 31375 11892 3625 11510 6244 4498 19483 1023 4249 3570 382 238 5266 699 3503 3380 3201 3119 2969 855 212 123 2114 956 1575 2050 764 526 338
is_linear=0
shrinkage=0.04


Tree=77
num_leaves=31
num_cat=0
split_feature=64 13 2 61 6 33 8 8 40 34 49 2 46 50 0 3 71 63 39 2 2 0 0 2 2 2 2 2 2 0
split_gain=58.948 34.5891 19.061 17.8989 17.7771 17.4117 14.3816 5.94334 4.7955 4.13873 4.97132 3.44395 3.24876 3.46776 2.21124 2.0887 2.03488 3.80785 3.17181 1.97563 5.55719 5.55324 2.93471 2.19995 3.12309 2.44639 2.31685 5.53969 3.67188 2.43604
threshold=1.5000000000000002 35662.656432134034 22155.725827163613 1.5000000000000002 1.0000000180025095e-35 7.5000000000000009 1.0000000180025095e-35 1.5000000000000002 1.5000000000000002 1.0000000180025095e-35 2.5000000000000004 206.69289758611114 1.0000000180025095e-35 1.0000000180025095e-35 21494.000000000004 21.500000000000004 1.0000000180025095e-35 5.5000000000000009 1.0000000180025095e-35 3436.1876388888891 4331.057553882084 171554.50000000003 150625.50000000003 19207.724171741949 10575.515585078336 17199.960231911533 9665.7476402156954 7673.2525000000014 5799.9373521815287 520319.00000000006
decision_type=2 2 2 2 2 2 2 2 2 2 2 2 2 2 2 2 2 2 2 2 2 2 2 2 2 2 2 2 2 2
left_child=1 2 4 7 6 -3 9 -2 -8 10 11 14 13 15 -1 19 17 -6 -18 21 -21 -13 -22 24 26 -26 27 28 29 -24
right_child=3 5 -4 -5 16 -7 8 -9 -10 -11 -12 12 -14 -15 -16 -17 18 -19 -20 20 22 -23 23 -25 25 -27 -28 -29 -30 -31
leaf_value=0.014820668821882144 0.031883299522261509 -0.037496546660524384 -0.038344831103000236 0.041366432937225986 -0.029410698173723802 0.031161788718674494 -0.036097552075645897 -0.035004680395187213 0.01924574810801644 0.028257117699601469 -0.035264685135273914 0.016080523752396301 0.020099361650090942 -0.029381647211013488 -0.036088001636667165 -0.015837910467819113 0.01390540294301975 0.031016948566839352 0.055047318440743301 -0.036703981626982345 -0.0040835873969211622 -0.0075814580698888995 0.011463283035490242 0.019301398696353615 -0.033568547305864838 0.00079412293667632155 0.02368995537805885 -0.03573157179869927 0.027390837706816717 -0.033519549987937429
leaf_weight=1.1674732295796264 2.0449380576610547 64.69147951179184 19.109395997598767 59.769880197942257 1.55539596406743 5.7461777320131651 21.093312306562442 6.8041463119443506 2.1971489596180609 8.2143215043470246 4.9236946383025488 47.623819216154516 14.947496901266275 4.7147712972946456 4.9279077108949423 8.812730413861571 5.1796767539344719 4.1338460324332118 10.669502957258373 5.2440712172538033 62.791874998249114 22.834152603521943 3.2455010283738437 18.444192816503346 4.5254243900999418 8.1739783994853479 11.021922200918196 3.9785068184137335 9.1206546053290349 2.700332660228014
leaf_count=53 18 17514 4035 1435 130 151 4791 1847 56 144 567 537 135 205 329 205 163 110 216 95 974 421 46 167 279 95 63 94 90 35
internal_value=-0.000278407 -0.00643543 -0.000673692 0.033579 0.00191195 -0.0315377 -0.000926463 -0.0178797 -0.0302993 0.00194942 0.000932102 0.0018395 0.0026817 0.0013726 -0.0256227 0.0022049 0.0360445 0.0125695 0.043225 0.00307605 0.000124218 0.00841332 0.00196285 0.00813144 0.00298313 -0.0130075 0.00993842 0.00119517 0.0125632 -0.0108505
internal_weight=450.408 381.789 311.351 68.619 292.242 70.4377 270.703 8.84908 23.2905 247.413 239.199 234.275 228.179 213.232 6.09538 208.517 21.5384 5.68924 15.8492 199.704 129.246 70.458 124.002 61.2105 42.7663 12.6994 30.0669 19.045 15.0665 5.94583
internal_count=35000 31700 14035 3300 10000 17665 9381 1865 4847 4534 4390 3823 3441 3306 382 3101 619 240 379 2896 1938 958 1843 869 702 374 328 265 171 81
is_linear=0
shrinkage=0.04


Tree=78
num_leaves=31
num_cat=0
split_feature=65 23 49 2 59 75 43 38 60 49 6 2 2 2 2 2 2 75 2 0 0 43 50 0 3 2 60 0 2 2
split_gain=56.3518 51.2414 47.4106 9.41136 4.30572 4.03881 15.2018 8.15478 3.23321 6.82148 3.14572 2.69633 7.94901 3.77454 5.20259 4.6597 13.5624 3.47788 3.86854 2.99668 2.79923 2.75036 2.4629 2.27071 2.35982 2.50809 2.09345 2.08491 2.85532 6.5078
threshold=1.5000000000000002 1.0000000180025095e-35 4.5000000000000009 22155.725827163613 7.5000000000000009 4.5000000000000009 1.5000000000000002 1.0000000180025095e-35 23.500000000000004 2.5000000000000004 1.5000000000000002 21625.533667062227 19828.037558917644 19207.724171741949 17806.777767565003 17199.960231911533 10575.515585078336 4.5000000000000009 599.11082854875019 67511.500000000015 182904.50000000003 1.0000000180025095e-35 1.0000000180025095e-35 37963.500000000007 17.500000000000004 206.69289758611114 11.500000000000002 14908.500000000002 9665.7476402156954 7836.8212339709735
decision_type=2 2 2 2 2 2 2 2 2 2 2 2 2 2 2 2 2 2 2 2 2 2 2 2 2 2 2 2 2 2
left_child=1 5 8 4 11 -1 7 -7 9 26 -4 12 13 14 15 16 17 18 20 -13 23 -19 27 -3 25 -25 -2 -20 29 -29
right_child=2 3 10 -5 -6 6 -8 -9 -10 -11 -12 19 -14 -15 -16 -17 -18 21 22 -21 -22 -23 -24 24 -26 -27 -28 28 -30 -31
leaf_value=-0.039579350913112585 0.012618891239412827 -0.020485530724258207 -0.038099976252181138 -0.03658627215584296 -0.033989024584879193 -0.015679924316491387 -0.034746016831693066 0.13305613000656902 0.040985443756781814 -0.021436298210157866 0.020720779351183424 -0.0078676126343095593 -0.040288627759504009 0.024341164166176626 -0.036598774330936688 0.020445514292403863 -0.039062537575704923 0.041510251832165709 0.023020943652367058 0.022144853092557547 -0.031434661995661729 -0.00050607478384638604 -0.022116272161725598 -0.023170407149151254 -0.026268480263797196 0.025011871810148172 0.040052821885223445 0.0041567935191213021 0.019039807137320827 -0.036432621409393053
leaf_weight=70.41864621383138 8.0232305228710228 6.2279680292122128 16.792075430974368 9.6394013382960093 4.2578714513219884 0.63221875112503656 6.3730398514308035 0.61474761459976435 65.337286854162812 3.998730208259075 0.9670596569776525 6.6167737953364876 6.1793599980883291 10.959688242990522 4.6662128330208352 19.256316482555121 12.0512333442457 5.5436176881194097 9.2210178039967996 19.433239618316293 7.4011505325324825 3.9881173670291901 4.3517928598448625 1.3211962133645991 1.6699216230772425 7.7285171877592802 14.408830538392065 92.451461747288704 16.36350105702877 5.780013144016265
leaf_count=20465 130 226 4404 1759 306 64 1556 37 1625 186 20 57 210 96 167 139 760 44 66 119 495 52 234 85 95 215 246 849 115 178
internal_value=-0.000280067 -0.00846896 0.0244792 0.000248915 0.00183798 -0.0366103 -0.00776389 0.0842287 0.0360333 0.0227436 -0.0339631 0.00260812 0.00110635 0.00251639 0.00119225 0.00228787 0.000174241 0.00331389 0.00176672 0.0145126 -0.0125354 0.0255516 0.00455979 -0.00299037 0.00805475 0.016372 0.0311979 0.00566706 0.00408359 0.0014254
internal_weight=442.674 333.147 109.527 255.108 245.469 78.0387 7.62001 1.24697 91.7681 26.4308 17.7591 241.211 215.161 208.982 198.022 193.356 174.1 162.048 152.517 26.05 24.3488 9.53174 128.168 16.9476 10.7196 9.04971 22.4321 123.816 114.595 98.2315
internal_count=35000 28389 6611 6267 4508 22122 1657 101 2187 562 4424 4202 4026 3816 3720 3553 3414 2654 2558 176 1116 96 1442 621 395 300 376 1208 1142 1027
is_linear=0
shrinkage=0.04


end of trees

feature_importances:
account_age_hours=699
hour_of_day=204
amount_paise=189
day_of_week=165
historical_devices_on_current_ip=119
component_ip_count=77
component_address_count=68
historical_customers_on_current_device=63
historical_customers_on_current_address=60
is_new_ip_for_customer=57
customer_txn_count_30d=54
component_node_count=53
ip_txn_count_1h=44
component_new_edges_10m=43
device_txn_count_1h=40
instrument_txn_count_1h=40
component_multipartite_density=37
customer_txn_count_1h=34
component_edge_count=28
component_customer_count=23
instrument_txn_count_24h=22
address_txn_count_1h=22
customer_amount_std_30d=19
address_txn_count_24h=17
ip_failed_txn_count_10m=16
ip_unique_customers_24h=16
is_new_device_for_customer=14
historical_customers_on_current_ip=12
ip_device_degree=12
log_amount=11
address_customer_degree=10
ip_txn_count_10m=8
new_instrument_device_edge=8
customer_avg_amount_30d=7
instrument_unique_devices_24h=7
device_txn_count_10m=6
ip_failed_txn_count_1h=6
address_unique_customers_24h=6
instrument_customer_degree=6
device_unique_customers_1h=5
component_instrument_count=5
is_new_instrument_for_customer=4
instrument_txn_count_10m=4
new_customer_ip_edge=4
ip_unique_customers_1h=3
device_customer_degree=3
component_device_count=3
customer_two_hop_customer_count_via_device_or_ip=3
amount_vs_customer_mean=2
customer_unique_addresses_30d=2
is_new_address_for_customer=2
historical_instruments_on_current_device=2
new_customer_device_edge=2
customer_failure_rate_30d=1
device_failed_txn_count_1h=1
instrument_device_degree=1
device_new_identities_10m=1

parameters:
[boosting: gbdt]
[objective: binary]
[metric: average_precision,binary_logloss]
[tree_learner: serial]
[device_type: cpu]
[data_sample_strategy: bagging]
[data: ]
[valid: ]
[num_iterations: 600]
[learning_rate: 0.04]
[num_leaves: 31]
[num_threads: 1]
[seed: 73129]
[deterministic: 1]
[force_col_wise: 1]
[force_row_wise: 0]
[histogram_pool_size: -1]
[max_depth: -1]
[min_data_in_leaf: 40]
[min_sum_hessian_in_leaf: 0.001]
[bagging_fraction: 1]
[pos_bagging_fraction: 1]
[neg_bagging_fraction: 1]
[bagging_freq: 0]
[bagging_seed: 73129]
[bagging_by_query: 0]
[feature_fraction: 0.9]
[feature_fraction_bynode: 1]
[feature_fraction_seed: 73129]
[extra_trees: 0]
[extra_seed: 23642]
[early_stopping_round: 0]
[early_stopping_min_delta: 0]
[first_metric_only: 0]
[max_delta_step: 0]
[lambda_l1: 0]
[lambda_l2: 1]
[linear_lambda: 0]
[min_gain_to_split: 0]
[drop_rate: 0.1]
[max_drop: 50]
[skip_drop: 0.5]
[xgboost_dart_mode: 0]
[uniform_drop: 0]
[drop_seed: 15609]
[top_rate: 0.2]
[other_rate: 0.1]
[min_data_per_group: 100]
[max_cat_threshold: 32]
[cat_l2: 10]
[cat_smooth: 10]
[max_cat_to_onehot: 4]
[top_k: 20]
[monotone_constraints: ]
[monotone_constraints_method: basic]
[monotone_penalty: 0]
[feature_contri: ]
[forcedsplits_filename: ]
[refit_decay_rate: 0.9]
[cegb_tradeoff: 1]
[cegb_penalty_split: 0]
[cegb_penalty_feature_lazy: ]
[cegb_penalty_feature_coupled: ]
[path_smooth: 0]
[interaction_constraints: ]
[verbosity: -1]
[saved_feature_importance_type: 0]
[use_quantized_grad: 0]
[num_grad_quant_bins: 4]
[quant_train_renew_leaf: 0]
[stochastic_rounding: 1]
[linear_tree: 0]
[max_bin: 255]
[max_bin_by_feature: ]
[min_data_in_bin: 3]
[bin_construct_sample_cnt: 200000]
[data_random_seed: 73129]
[is_enable_sparse: 1]
[enable_bundle: 1]
[use_missing: 1]
[zero_as_missing: 0]
[feature_pre_filter: 1]
[pre_partition: 0]
[two_round: 0]
[header: 0]
[label_column: ]
[weight_column: ]
[group_column: ]
[ignore_column: ]
[categorical_feature: ]
[forcedbins_filename: ]
[precise_float_parser: 0]
[parser_config_file: ]
[objective_seed: 16775]
[num_class: 1]
[is_unbalance: 0]
[scale_pos_weight: 1]
[sigmoid: 1]
[boost_from_average: 1]
[reg_sqrt: 0]
[alpha: 0.9]
[fair_c: 1]
[poisson_max_delta_step: 0.7]
[tweedie_variance_power: 1.5]
[lambdarank_truncation_level: 30]
[lambdarank_norm: 1]
[label_gain: ]
[lambdarank_position_bias_regularization: 0]
[eval_at: ]
[multi_error_top_k: 1]
[auc_mu_weights: ]
[num_machines: 1]
[local_listen_port: 12400]
[time_out: 120]
[machine_list_filename: ]
[machines: ]
[gpu_platform_id: -1]
[gpu_device_id: -1]
[gpu_device_id_list: ]
[gpu_use_dp: 0]
[num_gpu: 1]

end of parameters

pandas_categorical:null
